Workbook
Name _________xlfn.ROUNDBAHTUP: #NAME?
Name ________xlfn.ROUNDBAHTUP: #NAME?
Name _______xlfn.ROUNDBAHTUP: #NAME?
Name ______xlfn.BAHTTEXT: #NAME?
Name ______xlfn.ROUNDBAHTUP: #NAME?
Name _____xlfn.BAHTTEXT: #NAME?
Name _____xlfn.ROUNDBAHTUP: #NAME?
Name ____xlfn.BAHTTEXT: #NAME?
Name ____xlfn.ROUNDBAHTUP: #NAME?
Name ___xlfn.BAHTTEXT: #NAME?
Name ___xlfn.ROUNDBAHTUP: #NAME?
Name __xlfn.BAHTTEXT: #NAME?
Name __xlfn.ROUNDBAHTUP: #NAME?
Name aaaaaaaaaaaaaaa: ErrorHandler_1
Name aaaaaaaaaaaaaaa: ErrorHandler_1
Name aaaaaaaaaaaaaaa: ErrorHandler_1
Name ADGAEG: {0,0,0,0}
Name ADGAEG: {0,0,0,0}
Name AGAEGADGAG: {0,0,0,0}
Name AGAEGADGAG: {0,0,0,0}
Name AGAEGAG: {0,0,0,0}
Name AGAEGAG: {0,0,0,0}
Name AGAEGDG: {0,0,0,0}
Name AGAEGDG: {0,0,0,0}
Name area: PI()*1.5^2/4
Name coping: BLCH
Name coping: BLCH
Name coping: BLCH
Name DGAEGA: {0,0,0,0}
Name DGAEGA: {0,0,0,0}
Name DNFLSKF: ErrorHandler_1
Name DNFLSKF: ErrorHandler_1
Name DNFLSKF: ErrorHandler_1
Name fdsa: {#N/A,#N/A,FALSE,"명세표"}
Name fdsa: {#N/A,#N/A,FALSE,"명세표"}
Name foo: ErrorHandler_1
Name foo: ErrorHandler_1
Name foo: ErrorHandler_1
Name gdsfdsa: {0,0,0,0}
Name gdsfdsa: {0,0,0,0}
Name HTML_CodePage: 949
Name HTML_Description: ""
Name HTML_Email: "keppler@dava.kepco.co.kr"
Name HTML_Header: "220승압 기준단가(승압,계기분야)"
Name HTML_LastUpdate: "2000-11-21"
Name HTML_LineAfter: FALSE
Name HTML_LineBefore: TRUE
Name HTML_Name: "이정렬"
Name HTML_OBDlg2: TRUE
Name HTML_OBDlg4: TRUE
Name HTML_OS: 0
Name HTML_PathFile: "D:\My Documents\98기준단가.htm"
Name HTML_Title: "기준단가98상"
Name List: #REF!
Name L형표지: ErrorHandler_1
Name L형표지: ErrorHandler_1
Name L형표지: ErrorHandler_1
Name NI: #REF!
Name NOIM: #REF!
Name PANEL: 100%

Sheet 참조_조직
B2: 시공사업단_조직팀
C3: 단장 | D3: 김병은
C4: CM.사업관리팀 | D4: 김용일 | E4: 권오준 | F4: 박윤수 | G4: 함종근 | H4: 염동섭 | I4: 김태우
C5: 개통운영팀 | D5: 김영환
C6: 공사관리팀 | D6: 노세현 | E6: 이재영

Sheet 매뉴얼 Gateway
A2: ■ GTX-A 시공사업단현장 Project 매뉴얼 Gateway
B4: □ 공종매뉴얼
C5: Lv1 | D5: 담당 | E5: Lv2 | F5: Start | G5: Finish | H5: 매뉴얼(클릭하면 해당 공종 Process Map/매뉴얼로 연결)
C6: 소송(분쟁) | D6: 박윤수
C8: 총사업비 변경 | D8: 함종근 | H8: 프로세스맵 | I8: 수행매뉴얼 | J8: 수행지침 | K8: 표준서 | L8: Risk 매뉴얼 | M8: GTXA사업단 R&R
C9: (운영사)인수인계 | D9: 노세현
C11: 철도 종합시험운행(3단계) | D11: 김영환 | H11: 프로세스맵 | I11: 수행매뉴얼 | J11: 수행지침 | K11: 표준서 | L11: Risk 매뉴얼 | M11: GTXA사업단 R&R
C13: 준공도서 | D13: 김태우
C15: 용지 | D15: 김태우
C17: 내부업무 | D17: 염동섭
B20: □ 수행매뉴얼
B21: 1. GTXA사업단 R&R
B22: 2. 수행_Process Map
B23: 3. 수행_Manual
B24: 첨부 : GTX-A 전략과제 To-Do-List
B26: □ History 관리
B27: - '25.4월 Rev0 - 매뉴얼 작성(최초)
B28: - '25.7월 Rev1 - 조직 운영방안 개편에 따른 R&R 및 Gateway 추가 수정

Sheet Risk 매뉴얼(개통운영팀)
K1: Rev0
A2: No. | B2: Risk profiling | C2: Process | D2: 시점(When) | F2: Activity | J2: 산출물(Output) | K2: 매뉴얼 반영 위치
D3: Start | E3: Finish | F3: 목적(Why) | G3: 방법(How) | H3: 주관부서(Who) | I3: 협업부서 | K3: 매뉴얼 구분 | L3: activity 구분 | M3: LINK연결
A4: 4-1 | B4: 3단계 구간 중 민자공급 범위 이외의 재정구간 인수인계 지연에 따른 종합시험운행 일정 지연 Risk | C4: ㆍ사업시행자를 통한 재정구간의 세부공정계획 및 지연시 만회대책 협의 | F4: 철도종합시험운행 표준절차(SOP)에 따른 일정추진 | G4: ㆍ3단계 구간 중 재정구간에 대한 인수인계 전 사전현장 점검 및 미비사항에 대한 조치요구 ㆍ선행공정 지연 만회대책 수립(추가 비용포함) | H4: 개통운영팀 | I4: 각 공구 사업시행자 감리단 국가철도공단 | J4: 인수인계 점검계획 및 지연시 만회 대책수립 | K4: ㆍ수행메뉴얼-철도종합시험운행
A5: 4-2 | B5: 3단계 종합시험운행 시설물검증시험 항목 중 외부전문기관이 시행할 외주비용 Risk | C5: ㆍ외부전문기관 외주비용에 대한 주무관청 승인 | F5: 시설물검증시험 항목 중 외부전문기관 업무수행 범위에 민자구간이 반영되도록 사전협의(공단) | G5: 재정구간의 시설물검증시험 항목 중 외부전문기관 수행업무에 민자구간의 시험항목을 포함하여 같이 수행하도록 사전협의 추진 | H5: 개통운영팀 | I5: 사업시행자 감리단 국가철도공단 | J5: 철도종합시험운행 연간계획 | K5: ㆍ수행메뉴얼-철도종합시험운행 ㆍ수행지침
A6: 4-3 | B6: 3단계 종합시험운행 기간 중 이례사항 발생 시 처리절차 미수립에 따른 위험 Risk | C6: ㆍ민자구간 및 재정구간이 분리되어 통합적인 관리를 위한 협의체 구성 | F6: 주문관청과 사전협의하여 통합인터페이스 관리를 위한 전분야가 참석하는 협의체 구성 | G6: ㆍ3단계 개시 시점부터 관계기관이 참석하는 협의체 회의를 시행(매주 단위) ㆍ사전에 도출된 협의 안건을 관계분야간 협의하여 추진 | H6: 개통운영팀 | I6: 각 공구 사업시행자 감리단 국가철도공단 | J6: 종합시험운행 기간 중 기술지원계획(장애조치 포함) | K6: ㆍ수행메뉴얼-철도종합시험운행 ㆍ수행지침

Sheet GTXA사업단 R&R
D1: ■ 전기간 표준 R&R | W1: ☆ 총괄책임, ● 검토, ◎ Main 담당, ◐ 업무협조, ○ 협의 | AM1: Rev1 | AR1: end
D2: 업무분장 내용 | J2: 빈도 | K2: 업무시간 (Hr) | N2: 업무 수준 | W2: 업무 분개 | AM2: 비고 | AN2: 시공사업단 | AO2: Main 담당 | AR2: end
I3: 현장담당 | N3: 업무량 | O3: 중요도 | T3: 난이도 | U3: 총점 | W3: 소장 | X3: CM.공정팀 | AC3: 개통운영팀 | AG3: 사업관리팀(공무팀) | AK3: 관리팀 | AN3: 해당여부 | AO3: 적용 | AP3: 담당 | AQ3: mail | AR3: end
A4: lev | K4: 1회 | L4: Hr/월 | O4: 원가 | P4: 공정 | Q4: 안전 | R4: 품질 | S4: 계 | X4: 팀장 | Y4: CM | Z4: 대외 | AA4: 공정1 | AB4: 공정2 | AC4: 개통 | AD4: 기계 | AE4: 건축 | AF4: 전기 | AG4: 팀장 | AH4: 대내1 | AI4: 대외1 | AJ4: 대외2 | AK4: 팀장 | AL4: 관리1 | AN4: (현재 25.4월기준) | AQ4: 담당자 수 | AR4: end
D5: 구분 | E5: lev1 | F5: lev1 | G5: lev1 | H5: lev1 | W5: 김병은 | X5: 김용일 | Y5: 박윤수 | Z5: 권오준 | AA5: 이재영 | AC5: 김영환 | AD5: 노세현 | AE5: 박재천 | AF5: 원찬희 | AG5: 김희성 | AH5: 염동섭 | AI5: 함종근 | AJ5: 김태우 | AK5: 김천재 | AL5: 윤채림 | AR5: end
A6: 1 | B6: 273-1 | E6: 가설사무실 | F6: 가설건물 축조 | G6: 가설사무실 축조 검토 | H6: 가설전기 인입 여건 검토 | I6: 관리 | J6: 1회/총 | K6: 2.6666667 | L6: - | N6: 1.4714286 | O6: 0.14285714 | P6: 0.42857143 | Q6: 0 | R6: 0 | S6: 0.57142857 | T6: 1.8571429 | U6: 2.1885714 | AN6: 해당없음 | AO6: =IF(AN6="해당없음","해당없음",_xlfn.TEXTJOIN(",",TRUE,AP6:AP6)) -> 해당없음 | AP6: =IF(AN6="해당없음","해당없음",INDEX($W$5:$AL$5, MATCH("◎", $W6:AL6,0))) -> 해당없음 | AQ6: =IF(COUNTIF(W6:AL6,"◎")=1,"1인",COUNTIF(W6:AL6,"◎")&"인") -> 0인 | AR6: end
A7: 2 | B7: 273-2 | D7: 착공 전 | H7: 상/하수도 인입 가능 검토 | I7: 관리 | J7: 1회/총 | K7: 6.0833333 | L7: - | N7: 2.8857143 | O7: 0.42857143 | P7: 0.71428571 | Q7: 0 | R7: 0.42857143 | S7: 1.5714286 | T7: 2.2857143 | U7: 3.2971429 | AN7: 해당없음 | AO7: =IF(AN7="해당없음","해당없음",_xlfn.TEXTJOIN(",",TRUE,AP7:AP7)) -> 해당없음 | AP7: =IF(AN7="해당없음","해당없음",INDEX($W$5:$AL$5, MATCH("◎", $W7:AL7,0))) -> 해당없음 | AQ7: =IF(COUNTIF(W7:AL7,"◎")=1,"1인",COUNTIF(W7:AL7,"◎")&"인") -> 0인 | AR7: end
A8: 3 | B8: 273-3 | D8: 단계 | H8: 관정 및 정화조 설치 검토 | I8: 관리 | J8: 1회/총 | K8: 7.5714286 | L8: - | N8: 2.55 | O8: 0.83333333 | P8: 0.66666667 | Q8: 0 | R8: 0.33333333 | S8: 1.8333333 | T8: 2.5 | U8: 3.3866667 | AN8: 해당없음 | AO8: =IF(AN8="해당없음","해당없음",_xlfn.TEXTJOIN(",",TRUE,AP8:AP8)) -> 해당없음 | AP8: =IF(AN8="해당없음","해당없음",INDEX($W$5:$AL$5, MATCH("◎", $W8:AL8,0))) -> 해당없음 | AQ8: =IF(COUNTIF(W8:AL8,"◎")=1,"1인",COUNTIF(W8:AL8,"◎")&"인") -> 0인 | AR8: end
A9: 4 | B9: 11 | G9: 가설사무실 축조부지 임차 | H9: 임차부지 조사 | I9: 관리 | J9: 1회/총 | K9: 12.5 | L9: - | N9: 4.4571429 | O9: 1.7142857 | P9: 1.8571429 | Q9: 0 | R9: 0 | S9: 3.5714286 | T9: 3.1428571 | U9: 5.0114286 | AN9: 해당없음 | AO9: =IF(AN9="해당없음","해당없음",_xlfn.TEXTJOIN(",",TRUE,AP9:AP9)) -> 해당없음 | AP9: =IF(AN9="해당없음","해당없음",INDEX($W$5:$AL$5, MATCH("◎", $W9:AL9,0))) -> 해당없음 | AQ9: =IF(COUNTIF(W9:AL9,"◎")=1,"1인",COUNTIF(W9:AL9,"◎")&"인") -> 0인 | AR9: end
A10: 5 | B10: 12 | H10: 임차부지 확정 | I10: 관리 | J10: 1회/총 | K10: 2.7 | L10: - | N10: 4 | O10: 3.25 | P10: 2 | Q10: 0.66666667 | R10: 0.79166667 | S10: 6.7083333 | T10: 4.2083333 | U10: 6.3083333 | AN10: 해당없음 | AO10: =IF(AN10="해당없음","해당없음",_xlfn.TEXTJOIN(",",TRUE,AP10:AP10)) -> 해당없음 | AP10: =IF(AN10="해당없음","해당없음",INDEX($W$5:$AL$5, MATCH("◎", $W10:AL10,0))) -> 해당없음 | AQ10: =IF(COUNTIF(W10:AL10,"◎")=1,"1인",COUNTIF(W10:AL10,"◎")&"인") -> 0인 | AR10: end
A11: 6 | B11: 13 | H11: 임대인과 임차계약서 작성 | I11: 관리 | J11: 1회/총 | K11: 4.25 | L11: - | N11: 2.5428571 | O11: 0.85714286 | P11: 0.42857143 | Q11: 0 | R11: 0 | S11: 1.2857143 | T11: 3.1428571 | U11: 3.7885714 | AN11: 해당없음 | AO11: =IF(AN11="해당없음","해당없음",_xlfn.TEXTJOIN(",",TRUE,AP11:AP11)) -> 해당없음 | AP11: =IF(AN11="해당없음","해당없음",INDEX($W$5:$AL$5, MATCH("◎", $W11:AL11,0))) -> 해당없음 | AQ11: =IF(COUNTIF(W11:AL11,"◎")=1,"1인",COUNTIF(W11:AL11,"◎")&"인") -> 0인 | AR11: end
A12: 7 | B12: 14 | H12: 임차료 지급 | I12: 관리 | J12: 1회/총 | K12: 1.8333333 | L12: - | N12: 1.4142857 | O12: 0.42857143 | P12: 0 | Q12: 0 | R12: 0 | S12: 0.42857143 | T12: 1.5714286 | U12: 1.9085714 | AN12: 해당없음 | AO12: =IF(AN12="해당없음","해당없음",_xlfn.TEXTJOIN(",",TRUE,AP12:AP12)) -> 해당없음 | AP12: =IF(AN12="해당없음","해당없음",INDEX($W$5:$AL$5, MATCH("◎", $W12:AL12,0))) -> 해당없음 | AQ12: =IF(COUNTIF(W12:AL12,"◎")=1,"1인",COUNTIF(W12:AL12,"◎")&"인") -> 0인 | AR12: end
A13: 8 | B13: 15 | G13: 가설사무실 축조 집행승인 (예산내) | H13: 예산대비내역서 작성 | I13: 공무 | J13: 1회/총 | K13: 1.4 | L13: - | N13: 1.8291667 | O13: 0.25 | P13: 1.0416667 | Q13: 0.125 | R13: 0.125 | S13: 1.5416667 | T13: 1.7083333 | U13: 2.4066667 | AN13: 해당없음 | AO13: =IF(AN13="해당없음","해당없음",_xlfn.TEXTJOIN(",",TRUE,AP13:AP13)) -> 해당없음 | AP13: =IF(AN13="해당없음","해당없음",INDEX($W$5:$AL$5, MATCH("◎", $W13:AL13,0))) -> 해당없음 | AQ13: =IF(COUNTIF(W13:AL13,"◎")=1,"1인",COUNTIF(W13:AL13,"◎")&"인") -> 0인 | AR13: end
A14: 9 | B14: 16 | H14: 가설사무실 축조 집행승인 | I14: 공무 | J14: 1회/총 | K14: 4.5 | L14: - | N14: 3.8041667 | O14: 1.0416667 | P14: 1.4166667 | Q14: 0.125 | R14: 0.125 | S14: 2.7083333 | T14: 3.1666667 | U14: 4.5966667 | AN14: 해당없음 | AO14: =IF(AN14="해당없음","해당없음",_xlfn.TEXTJOIN(",",TRUE,AP14:AP14)) -> 해당없음 | AP14: =IF(AN14="해당없음","해당없음",INDEX($W$5:$AL$5, MATCH("◎", $W14:AL14,0))) -> 해당없음 | AQ14: =IF(COUNTIF(W14:AL14,"◎")=1,"1인",COUNTIF(W14:AL14,"◎")&"인") -> 0인 | AR14: end
A15: 10 | B15: 17 | H15: 업체선정의뢰 | I15: 공무 | J15: 1회/총 | K15: 2.3 | L15: - | N15: 2.5791667 | O15: 0.25 | P15: 1.0416667 | Q15: 0.125 | R15: 0.125 | S15: 1.5416667 | T15: 2.0416667 | U15: 2.9733333 | AN15: 해당없음 | AO15: =IF(AN15="해당없음","해당없음",_xlfn.TEXTJOIN(",",TRUE,AP15:AP15)) -> 해당없음 | AP15: =IF(AN15="해당없음","해당없음",INDEX($W$5:$AL$5, MATCH("◎", $W15:AL15,0))) -> 해당없음 | AQ15: =IF(COUNTIF(W15:AL15,"◎")=1,"1인",COUNTIF(W15:AL15,"◎")&"인") -> 0인 | AR15: end
A16: 11 | B16: 18 | H16: 입찰 | I16: 공무 | J16: 1회/총 | K16: 2 | L16: - | N16: 2.7041667 | O16: 0.29166667 | P16: 1.0416667 | Q16: 0.125 | R16: 0.125 | S16: 1.5833333 | T16: 2.375 | U16: 3.2983333 | AN16: 해당없음 | AO16: =IF(AN16="해당없음","해당없음",_xlfn.TEXTJOIN(",",TRUE,AP16:AP16)) -> 해당없음 | AP16: =IF(AN16="해당없음","해당없음",INDEX($W$5:$AL$5, MATCH("◎", $W16:AL16,0))) -> 해당없음 | AQ16: =IF(COUNTIF(W16:AL16,"◎")=1,"1인",COUNTIF(W16:AL16,"◎")&"인") -> 0인 | AR16: end
A17: 12 | B17: 19 | H17: 하도승인의뢰 | I17: 공무 | J17: 1회/총 | K17: 2.3 | L17: - | N17: 2.5375 | O17: 0.125 | P17: 1.0416667 | Q17: 0.125 | R17: 0.125 | S17: 1.4166667 | T17: 2.0416667 | U17: 2.9316667 | AN17: 해당없음 | AO17: =IF(AN17="해당없음","해당없음",_xlfn.TEXTJOIN(",",TRUE,AP17:AP17)) -> 해당없음 | AP17: =IF(AN17="해당없음","해당없음",INDEX($W$5:$AL$5, MATCH("◎", $W17:AL17,0))) -> 해당없음 | AQ17: =IF(COUNTIF(W17:AL17,"◎")=1,"1인",COUNTIF(W17:AL17,"◎")&"인") -> 0인 | AR17: end
A18: 13 | B18: 20 | H18: 계약 | I18: 공무 | J18: 1회/총 | K18: 2 | N18: 2.6625 | O18: 0.16666667 | P18: 1.0416667 | Q18: 0.125 | R18: 0.125 | S18: 1.4583333 | T18: 2.0833333 | U18: 3.0233333 | AN18: 해당없음 | AO18: =IF(AN18="해당없음","해당없음",_xlfn.TEXTJOIN(",",TRUE,AP18:AP18)) -> 해당없음 | AP18: =IF(AN18="해당없음","해당없음",INDEX($W$5:$AL$5, MATCH("◎", $W18:AL18,0))) -> 해당없음 | AQ18: =IF(COUNTIF(W18:AL18,"◎")=1,"1인",COUNTIF(W18:AL18,"◎")&"인") -> 0인 | AR18: end
A19: 14 | B19: 21 | G19: 가설사무실 축조 집행승인 | H19: 예산대비내역서 작성 | I19: 공무 | J19: 1회/총 | K19: 1.7 | L19: - | N19: 1.9958333 | O19: 0.33333333 | P19: 1.0416667 | Q19: 0.125 | R19: 0.125 | S19: 1.625 | T19: 2 | U19: 2.7233333 | AN19: 해당없음 | AO19: =IF(AN19="해당없음","해당없음",_xlfn.TEXTJOIN(",",TRUE,AP19:AP19)) -> 해당없음 | AP19: =IF(AN19="해당없음","해당없음",INDEX($W$5:$AL$5, MATCH("◎", $W19:AL19,0))) -> 해당없음 | AQ19: =IF(COUNTIF(W19:AL19,"◎")=1,"1인",COUNTIF(W19:AL19,"◎")&"인") -> 0인 | AR19: end
A20: 15 | B20: 22 | H20: 가설사무실 축조 집행승인 | I20: 공무 | J20: 1회/총 | K20: 4.5 | L20: - | N20: 4.3958333 | O20: 2.25 | P20: 1.4166667 | Q20: 0.125 | R20: 0.125 | S20: 3.9166667 | T20: 3.2083333 | U20: 5.1083333 | AN20: 해당없음 | AO20: =IF(AN20="해당없음","해당없음",_xlfn.TEXTJOIN(",",TRUE,AP20:AP20)) -> 해당없음 | AP20: =IF(AN20="해당없음","해당없음",INDEX($W$5:$AL$5, MATCH("◎", $W20:AL20,0))) -> 해당없음 | AQ20: =IF(COUNTIF(W20:AL20,"◎")=1,"1인",COUNTIF(W20:AL20,"◎")&"인") -> 0인 | AR20: end
A21: 16 | B21: 23 | H21: 업체선정의뢰 | I21: 공무 | J21: 1회/총 | K21: 2.9 | L21: - | N21: 2.7041667 | O21: 0.33333333 | P21: 1.0416667 | Q21: 0.125 | R21: 0.125 | S21: 1.625 | T21: 2.2083333 | U21: 3.1733333 | AN21: 해당없음 | AO21: =IF(AN21="해당없음","해당없음",_xlfn.TEXTJOIN(",",TRUE,AP21:AP21)) -> 해당없음 | AP21: =IF(AN21="해당없음","해당없음",INDEX($W$5:$AL$5, MATCH("◎", $W21:AL21,0))) -> 해당없음 | AQ21: =IF(COUNTIF(W21:AL21,"◎")=1,"1인",COUNTIF(W21:AL21,"◎")&"인") -> 0인 | AR21: end
A22: 17 | B22: 24 | H22: 입찰 | I22: 공무 | J22: 1회/총 | K22: 2 | L22: - | N22: 2.7041667 | O22: 0.375 | P22: 1.0416667 | Q22: 0.125 | R22: 0.125 | S22: 1.6666667 | T22: 2.5 | U22: 3.415 | AN22: 해당없음 | AO22: =IF(AN22="해당없음","해당없음",_xlfn.TEXTJOIN(",",TRUE,AP22:AP22)) -> 해당없음 | AP22: =IF(AN22="해당없음","해당없음",INDEX($W$5:$AL$5, MATCH("◎", $W22:AL22,0))) -> 해당없음 | AQ22: =IF(COUNTIF(W22:AL22,"◎")=1,"1인",COUNTIF(W22:AL22,"◎")&"인") -> 0인 | AR22: end
A23: 18 | B23: 25 | H23: 하도승인의뢰 | I23: 공무 | J23: 1회/총 | K23: 2.9 | L23: - | N23: 2.6625 | O23: 0.16666667 | P23: 1.0416667 | Q23: 0.125 | R23: 0.125 | S23: 1.4583333 | T23: 2.1666667 | U23: 3.09 | AN23: 해당없음 | AO23: =IF(AN23="해당없음","해당없음",_xlfn.TEXTJOIN(",",TRUE,AP23:AP23)) -> 해당없음 | AP23: =IF(AN23="해당없음","해당없음",INDEX($W$5:$AL$5, MATCH("◎", $W23:AL23,0))) -> 해당없음 | AQ23: =IF(COUNTIF(W23:AL23,"◎")=1,"1인",COUNTIF(W23:AL23,"◎")&"인") -> 0인 | AR23: end
A24: 19 | B24: 26 | H24: 계약 | I24: 공무 | J24: 1회/총 | K24: 2 | L24: - | N24: 2.6625 | O24: 0.20833333 | P24: 1.0416667 | Q24: 0.125 | R24: 0.125 | S24: 1.5 | T24: 2.2083333 | U24: 3.1316667 | AN24: 해당없음 | AO24: =IF(AN24="해당없음","해당없음",_xlfn.TEXTJOIN(",",TRUE,AP24:AP24)) -> 해당없음 | AP24: =IF(AN24="해당없음","해당없음",INDEX($W$5:$AL$5, MATCH("◎", $W24:AL24,0))) -> 해당없음 | AQ24: =IF(COUNTIF(W24:AL24,"◎")=1,"1인",COUNTIF(W24:AL24,"◎")&"인") -> 0인 | AR24: end
A25: 20 | B25: 27 | G25: 축조계획 수립 | H25: 도면 작성 및 검토 | I25: 공사 | J25: 1회/총 | K25: 16.375 | L25: - | N25: 3.6125 | O25: 0.66666667 | P25: 1.0416667 | Q25: 0.16666667 | R25: 0.125 | S25: 2 | T25: 2.21875 | U25: 3.62 | AN25: 해당없음 | AO25: =IF(AN25="해당없음","해당없음",_xlfn.TEXTJOIN(",",TRUE,AP25:AP25)) -> 해당없음 | AP25: =IF(AN25="해당없음","해당없음",INDEX($W$5:$AL$5, MATCH("◎", $W25:AL25,0))) -> 해당없음 | AQ25: =IF(COUNTIF(W25:AL25,"◎")=1,"1인",COUNTIF(W25:AL25,"◎")&"인") -> 0인 | AR25: end
A26: 21 | B26: 28 | H26: 경계 측량 | I26: 공사 | J26: 1회/총 | K26: 5.0625 | L26: - | N26: 2.83125 | O26: 1.7916667 | P26: 1.5416667 | Q26: 0.16666667 | R26: 0.20833333 | S26: 3.7083333 | T26: 2.625 | U26: 3.9741667 | AN26: 해당없음 | AO26: =IF(AN26="해당없음","해당없음",_xlfn.TEXTJOIN(",",TRUE,AP26:AP26)) -> 해당없음 | AP26: =IF(AN26="해당없음","해당없음",INDEX($W$5:$AL$5, MATCH("◎", $W26:AL26,0))) -> 해당없음 | AQ26: =IF(COUNTIF(W26:AL26,"◎")=1,"1인",COUNTIF(W26:AL26,"◎")&"인") -> 0인 | AR26: end
A27: 22 | B27: 29 | H27: 공정계획 수립 | I27: 공사 | J27: 1회/총 | K27: 8.3125 | L27: - | N27: 3.20625 | O27: 0.95833333 | P27: 1.5833333 | Q27: 0.16666667 | R27: 0.16666667 | S27: 2.875 | T27: 2.78125 | U27: 4.0825 | AN27: 해당없음 | AO27: =IF(AN27="해당없음","해당없음",_xlfn.TEXTJOIN(",",TRUE,AP27:AP27)) -> 해당없음 | AP27: =IF(AN27="해당없음","해당없음",INDEX($W$5:$AL$5, MATCH("◎", $W27:AL27,0))) -> 해당없음 | AQ27: =IF(COUNTIF(W27:AL27,"◎")=1,"1인",COUNTIF(W27:AL27,"◎")&"인") -> 0인 | AR27: end
A28: 23 | B28: 30 | H28: 시공계획서 작성 | I28: 공사 | J28: 1회/총 | K28: 9.75 | L28: - | N28: 3.06875 | O28: 0.041666667 | P28: 0.54166667 | Q28: 0.79166667 | R28: 0.83333333 | S28: 2.2083333 | T28: 2.53125 | U28: 3.6941667 | AN28: 해당없음 | AO28: =IF(AN28="해당없음","해당없음",_xlfn.TEXTJOIN(",",TRUE,AP28:AP28)) -> 해당없음 | AP28: =IF(AN28="해당없음","해당없음",INDEX($W$5:$AL$5, MATCH("◎", $W28:AL28,0))) -> 해당없음 | AQ28: =IF(COUNTIF(W28:AL28,"◎")=1,"1인",COUNTIF(W28:AL28,"◎")&"인") -> 0인 | AR28: end
A29: 24 | B29: 31 | H29: 자재 신청 | I29: 공사 | J29: 1회/총 | K29: 4.125 | L29: - | N29: 2.6625 | O29: 0.33333333 | P29: 1.9166667 | Q29: 0.16666667 | R29: 0.41666667 | S29: 2.8333333 | T29: 2.25 | U29: 3.4316667 | AN29: 해당없음 | AO29: =IF(AN29="해당없음","해당없음",_xlfn.TEXTJOIN(",",TRUE,AP29:AP29)) -> 해당없음 | AP29: =IF(AN29="해당없음","해당없음",INDEX($W$5:$AL$5, MATCH("◎", $W29:AL29,0))) -> 해당없음 | AQ29: =IF(COUNTIF(W29:AL29,"◎")=1,"1인",COUNTIF(W29:AL29,"◎")&"인") -> 0인 | AR29: end
A30: 25 | B30: 73 | F30: 사무실 개설 (셋팅) | G30: 업무분장 관리 | I30: 공무 | J30: 1회/총 | K30: 2.7 | L30: - | N30: 4.3333333 | O30: 3 | P30: 3 | Q30: 3 | R30: 3 | S30: 12 | T30: 4.6666667 | U30: 7.8666667 | AN30: 해당없음 | AO30: =IF(AN30="해당없음","해당없음",_xlfn.TEXTJOIN(",",TRUE,AP30:AP30)) -> 해당없음 | AP30: =IF(AN30="해당없음","해당없음",INDEX($W$5:$AL$5, MATCH("◎", $W30:AL30,0))) -> 해당없음 | AQ30: =IF(COUNTIF(W30:AL30,"◎")=1,"1인",COUNTIF(W30:AL30,"◎")&"인") -> 0인 | AR30: end
A31: 26 | B31: 75 | G31: 사무실 운영관련 용역업체 선정(무인경비, 청소, 음식물처리 등) | I31: 관리 | J31: 1회/총 | K31: 5.3333333 | L31: - | N31: 3.4 | O31: 0.85714286 | P31: 0 | Q31: 0 | R31: 0 | S31: 0.85714286 | T31: 2 | U31: 3.1314286 | AN31: 해당없음 | AO31: =IF(AN31="해당없음","해당없음",_xlfn.TEXTJOIN(",",TRUE,AP31:AP31)) -> 해당없음 | AP31: =IF(AN31="해당없음","해당없음",INDEX($W$5:$AL$5, MATCH("◎", $W31:AL31,0))) -> 해당없음 | AQ31: =IF(COUNTIF(W31:AL31,"◎")=1,"1인",COUNTIF(W31:AL31,"◎")&"인") -> 0인 | AR31: end
A32: 27 | B32: 76 | G32: 지정주유소 검토 및 선정 | I32: 관리 | J32: 1회/총 | K32: 5.5 | L32: - | N32: 3.2571429 | O32: 1.5714286 | P32: 0.14285714 | Q32: 0 | R32: 0 | S32: 1.7142857 | T32: 2 | U32: 3.2457143 | AN32: 해당없음 | AO32: =IF(AN32="해당없음","해당없음",_xlfn.TEXTJOIN(",",TRUE,AP32:AP32)) -> 해당없음 | AP32: =IF(AN32="해당없음","해당없음",INDEX($W$5:$AL$5, MATCH("◎", $W32:AL32,0))) -> 해당없음 | AQ32: =IF(COUNTIF(W32:AL32,"◎")=1,"1인",COUNTIF(W32:AL32,"◎")&"인") -> 0인 | AR32: end
A33: 28 | B33: 78 | G33: 현장내 제반 운영 규칙 정립 | I33: 공무 | J33: 1회/총 | K33: 3.5 | L33: - | N33: 4 | O33: 0 | P33: 0 | Q33: 0 | R33: 0 | S33: 0 | T33: 5 | U33: 5.6 | AN33: 해당없음 | AO33: =IF(AN33="해당없음","해당없음",_xlfn.TEXTJOIN(",",TRUE,AP33:AP33)) -> 해당없음 | AP33: =IF(AN33="해당없음","해당없음",INDEX($W$5:$AL$5, MATCH("◎", $W33:AL33,0))) -> 해당없음 | AQ33: =IF(COUNTIF(W33:AL33,"◎")=1,"1인",COUNTIF(W33:AL33,"◎")&"인") -> 0인 | AR33: end
A34: 29 | B34: 79 | F34: 사무실 임차 (가설사무실 축조 불가시) | G34: 사무실 필요면적 검토 | I34: 공무 | J34: 1회/총 | K34: 12 | L34: - | N34: 3.5291667 | O34: 0.70833333 | P34: 0.25 | Q34: 0 | R34: 0.16666667 | S34: 1.125 | T34: 3.375 | U34: 4.3366667 | AN34: 해당없음 | AO34: =IF(AN34="해당없음","해당없음",_xlfn.TEXTJOIN(",",TRUE,AP34:AP34)) -> 해당없음 | AP34: =IF(AN34="해당없음","해당없음",INDEX($W$5:$AL$5, MATCH("◎", $W34:AL34,0))) -> 해당없음 | AQ34: =IF(COUNTIF(W34:AL34,"◎")=1,"1인",COUNTIF(W34:AL34,"◎")&"인") -> 0인 | AR34: end
A35: 30 | B35: 80 | G35: 임차사무실 조사 | I35: 관리 | J35: 1회/총 | K35: 7.1666667 | L35: - | N35: 3.9714286 | O35: 2.1428571 | P35: 1.4285714 | Q35: 0 | R35: 0 | S35: 3.5714286 | T35: 3.1428571 | U35: 4.8171429 | AN35: 해당없음 | AO35: =IF(AN35="해당없음","해당없음",_xlfn.TEXTJOIN(",",TRUE,AP35:AP35)) -> 해당없음 | AP35: =IF(AN35="해당없음","해당없음",INDEX($W$5:$AL$5, MATCH("◎", $W35:AL35,0))) -> 해당없음 | AQ35: =IF(COUNTIF(W35:AL35,"◎")=1,"1인",COUNTIF(W35:AL35,"◎")&"인") -> 0인 | AR35: end
A36: 31 | B36: 81 | G36: 채권 확보 방안 수립 | I36: 관리 | J36: 1회/총 | K36: 3.8333333 | L36: - | N36: 2.95 | O36: 1.75 | P36: 0 | Q36: 0 | R36: 0 | S36: 1.75 | T36: 3.25 | U36: 4.13 | AN36: 해당없음 | AO36: =IF(AN36="해당없음","해당없음",_xlfn.TEXTJOIN(",",TRUE,AP36:AP36)) -> 해당없음 | AP36: =IF(AN36="해당없음","해당없음",INDEX($W$5:$AL$5, MATCH("◎", $W36:AL36,0))) -> 해당없음 | AQ36: =IF(COUNTIF(W36:AL36,"◎")=1,"1인",COUNTIF(W36:AL36,"◎")&"인") -> 0인 | AR36: end
A37: 32 | B37: 82 | G37: 임차 계약 | I37: 관리 | J37: 1회/총 | K37: 3.3333333 | L37: - | N37: 3.2 | O37: 2.25 | P37: 0.5 | Q37: 0 | R37: 0 | S37: 2.75 | T37: 3.25 | U37: 4.43 | AN37: 해당없음 | AO37: =IF(AN37="해당없음","해당없음",_xlfn.TEXTJOIN(",",TRUE,AP37:AP37)) -> 해당없음 | AP37: =IF(AN37="해당없음","해당없음",INDEX($W$5:$AL$5, MATCH("◎", $W37:AL37,0))) -> 해당없음 | AQ37: =IF(COUNTIF(W37:AL37,"◎")=1,"1인",COUNTIF(W37:AL37,"◎")&"인") -> 0인 | AR37: end
A38: 33 | B38: 83 | G38: 사무실 임차 집행승인 | H38: 예산내 집행 | I38: 공무 | J38: 1회/총 | K38: 7.8333333 | L38: - | N38: 2.9625 | O38: 1.4166667 | P38: 1.25 | Q38: 0 | R38: 0.16666667 | S38: 2.8333333 | T38: 2.4166667 | U38: 3.685 | AN38: 해당없음 | AO38: =IF(AN38="해당없음","해당없음",_xlfn.TEXTJOIN(",",TRUE,AP38:AP38)) -> 해당없음 | AP38: =IF(AN38="해당없음","해당없음",INDEX($W$5:$AL$5, MATCH("◎", $W38:AL38,0))) -> 해당없음 | AQ38: =IF(COUNTIF(W38:AL38,"◎")=1,"1인",COUNTIF(W38:AL38,"◎")&"인") -> 0인 | AR38: end
A39: 34 | B39: 84 | H39: 예산초과 집행 | I39: 공무 | J39: 1회/총 | K39: 9.8333333 | L39: - | N39: 3.4208333 | O39: 2.125 | P39: 1.25 | Q39: 0 | R39: 0.16666667 | S39: 3.5416667 | T39: 2.6666667 | U39: 4.21 | AN39: 해당없음 | AO39: =IF(AN39="해당없음","해당없음",_xlfn.TEXTJOIN(",",TRUE,AP39:AP39)) -> 해당없음 | AP39: =IF(AN39="해당없음","해당없음",INDEX($W$5:$AL$5, MATCH("◎", $W39:AL39,0))) -> 해당없음 | AQ39: =IF(COUNTIF(W39:AL39,"◎")=1,"1인",COUNTIF(W39:AL39,"◎")&"인") -> 0인 | AR39: end
A40: 35 | B40: 86-1 | E40: 현장준비팀 운영 (T/K) | F40: 선급공사비 예산편성 | G40: 설계사(계속공사) 계약금액 협의 | I40: 공무 | L40: - | AN40: 해당없음 | AO40: =IF(AN40="해당없음","해당없음",_xlfn.TEXTJOIN(",",TRUE,AP40:AP40)) -> 해당없음 | AP40: =IF(AN40="해당없음","해당없음",INDEX($W$5:$AL$5, MATCH("◎", $W40:AL40,0))) -> 해당없음 | AQ40: =IF(COUNTIF(W40:AL40,"◎")=1,"1인",COUNTIF(W40:AL40,"◎")&"인") -> 0인 | AR40: end
A41: 36 | B41: 86-2 | G41: 지반조사, CG, 인쇄 등(경쟁입찰) 예산 책정 | I41: 공무 | L41: - | AN41: 해당없음 | AO41: =IF(AN41="해당없음","해당없음",_xlfn.TEXTJOIN(",",TRUE,AP41:AP41)) -> 해당없음 | AP41: =IF(AN41="해당없음","해당없음",INDEX($W$5:$AL$5, MATCH("◎", $W41:AL41,0))) -> 해당없음 | AQ41: =IF(COUNTIF(W41:AL41,"◎")=1,"1인",COUNTIF(W41:AL41,"◎")&"인") -> 0인 | AR41: end
A42: 37 | B42: 86-3 | G42: 현장준비팀 운영 기간 및 예산 책정 | I42: 공무 | L42: - | AN42: 해당없음 | AO42: =IF(AN42="해당없음","해당없음",_xlfn.TEXTJOIN(",",TRUE,AP42:AP42)) -> 해당없음 | AP42: =IF(AN42="해당없음","해당없음",INDEX($W$5:$AL$5, MATCH("◎", $W42:AL42,0))) -> 해당없음 | AQ42: =IF(COUNTIF(W42:AL42,"◎")=1,"1인",COUNTIF(W42:AL42,"◎")&"인") -> 0인 | AR42: end
A43: 38 | B43: 86-4 | G43: (우선시공분 有) 우선시공분 실행예산 책정 | I43: 공무 | L43: - | AN43: 해당없음 | AO43: =IF(AN43="해당없음","해당없음",_xlfn.TEXTJOIN(",",TRUE,AP43:AP43)) -> 해당없음 | AP43: =IF(AN43="해당없음","해당없음",INDEX($W$5:$AL$5, MATCH("◎", $W43:AL43,0))) -> 해당없음 | AQ43: =IF(COUNTIF(W43:AL43,"◎")=1,"1인",COUNTIF(W43:AL43,"◎")&"인") -> 0인 | AR43: end
A44: 39 | B44: 86-5 | G44: 선급공사비 예산 품의 작성 | I44: 공무 | L44: - | AN44: 해당없음 | AO44: =IF(AN44="해당없음","해당없음",_xlfn.TEXTJOIN(",",TRUE,AP44:AP44)) -> 해당없음 | AP44: =IF(AN44="해당없음","해당없음",INDEX($W$5:$AL$5, MATCH("◎", $W44:AL44,0))) -> 해당없음 | AQ44: =IF(COUNTIF(W44:AL44,"◎")=1,"1인",COUNTIF(W44:AL44,"◎")&"인") -> 0인 | AR44: end
A45: 40 | B45: 86-6 | G45: 선급공사비 예산 본사 협의 및 승인 | I45: 공무 | L45: - | AN45: 해당없음 | AO45: =IF(AN45="해당없음","해당없음",_xlfn.TEXTJOIN(",",TRUE,AP45:AP45)) -> 해당없음 | AP45: =IF(AN45="해당없음","해당없음",INDEX($W$5:$AL$5, MATCH("◎", $W45:AL45,0))) -> 해당없음 | AQ45: =IF(COUNTIF(W45:AL45,"◎")=1,"1인",COUNTIF(W45:AL45,"◎")&"인") -> 0인 | AR45: end
A46: 41 | B46: 86-7 | F46: 선급공사비 예산 변경(초과) | G46: 변경(초과) 사유 분석 | I46: 공무 | L46: - | AN46: 해당없음 | AO46: =IF(AN46="해당없음","해당없음",_xlfn.TEXTJOIN(",",TRUE,AP46:AP46)) -> 해당없음 | AP46: =IF(AN46="해당없음","해당없음",INDEX($W$5:$AL$5, MATCH("◎", $W46:AL46,0))) -> 해당없음 | AQ46: =IF(COUNTIF(W46:AL46,"◎")=1,"1인",COUNTIF(W46:AL46,"◎")&"인") -> 0인 | AR46: end
A47: 42 | B47: 86-8 | G47: 선급공사비 예산 변경 품의 작성 | I47: 공무 | L47: - | AN47: 해당없음 | AO47: =IF(AN47="해당없음","해당없음",_xlfn.TEXTJOIN(",",TRUE,AP47:AP47)) -> 해당없음 | AP47: =IF(AN47="해당없음","해당없음",INDEX($W$5:$AL$5, MATCH("◎", $W47:AL47,0))) -> 해당없음 | AQ47: =IF(COUNTIF(W47:AL47,"◎")=1,"1인",COUNTIF(W47:AL47,"◎")&"인") -> 0인 | AR47: end
A48: 43 | B48: 86-9 | G48: 선급공사비 예산 본사 협의 및 승인 | I48: 공무 | L48: - | AN48: 해당없음 | AO48: =IF(AN48="해당없음","해당없음",_xlfn.TEXTJOIN(",",TRUE,AP48:AP48)) -> 해당없음 | AP48: =IF(AN48="해당없음","해당없음",INDEX($W$5:$AL$5, MATCH("◎", $W48:AL48,0))) -> 해당없음 | AQ48: =IF(COUNTIF(W48:AL48,"◎")=1,"1인",COUNTIF(W48:AL48,"◎")&"인") -> 0인 | AR48: end
A49: 44 | B49: 86-10 | F49: 독과점 설계반영 | G49: 독과점 항목 유관부서 회의 시행 | I49: 공무 | L49: - | AN49: 해당없음 | AO49: =IF(AN49="해당없음","해당없음",_xlfn.TEXTJOIN(",",TRUE,AP49:AP49)) -> 해당없음 | AP49: =IF(AN49="해당없음","해당없음",INDEX($W$5:$AL$5, MATCH("◎", $W49:AL49,0))) -> 해당없음 | AQ49: =IF(COUNTIF(W49:AL49,"◎")=1,"1인",COUNTIF(W49:AL49,"◎")&"인") -> 0인 | AR49: end
A50: 45 | B50: 86-11 | G50: 독과점 반영 품의 작성 | I50: 공무 | L50: - | AN50: 해당없음 | AO50: =IF(AN50="해당없음","해당없음",_xlfn.TEXTJOIN(",",TRUE,AP50:AP50)) -> 해당없음 | AP50: =IF(AN50="해당없음","해당없음",INDEX($W$5:$AL$5, MATCH("◎", $W50:AL50,0))) -> 해당없음 | AQ50: =IF(COUNTIF(W50:AL50,"◎")=1,"1인",COUNTIF(W50:AL50,"◎")&"인") -> 0인 | AR50: end
A51: 46 | B51: 86-12 | G51: 독과점 반영 본사 협의 및 승인 | I51: 공무 | L51: - | AN51: 해당없음 | AO51: =IF(AN51="해당없음","해당없음",_xlfn.TEXTJOIN(",",TRUE,AP51:AP51)) -> 해당없음 | AP51: =IF(AN51="해당없음","해당없음",INDEX($W$5:$AL$5, MATCH("◎", $W51:AL51,0))) -> 해당없음 | AQ51: =IF(COUNTIF(W51:AL51,"◎")=1,"1인",COUNTIF(W51:AL51,"◎")&"인") -> 0인 | AR51: end
A52: 47 | B52: 87 | E52: 착공신고 /각종인허가 | F52: 착공신고서 | G52: 현장대리인 등 기술자 신고서 작성 | I52: 설계 | J52: 1회/총 | K52: 13.25 | L52: - | N52: 2.89375 | O52: 0.041666667 | P52: 0.625 | Q52: 0.125 | R52: 0.16666667 | S52: 0.95833333 | T52: 2.03125 | U52: 2.9741667 | AN52: 해당없음 | AO52: =IF(AN52="해당없음","해당없음",_xlfn.TEXTJOIN(",",TRUE,AP52:AP52)) -> 해당없음 | AP52: =IF(AN52="해당없음","해당없음",INDEX($W$5:$AL$5, MATCH("◎", $W52:AL52,0))) -> 해당없음 | AQ52: =IF(COUNTIF(W52:AL52,"◎")=1,"1인",COUNTIF(W52:AL52,"◎")&"인") -> 0인 | AR52: end
A53: 48 | B53: 88 | G53: 공정관리계획서 작성 | I53: 공사 | J53: 1회/총 | K53: 14.3 | L53: - | N53: 3.94375 | O53: 2.6666667 | P53: 3.625 | Q53: 0.16666667 | R53: 0.083333333 | S53: 6.5416667 | T53: 3.3125 | U53: 5.5358333 | AN53: 해당없음 | AO53: =IF(AN53="해당없음","해당없음",_xlfn.TEXTJOIN(",",TRUE,AP53:AP53)) -> 해당없음 | AP53: =IF(AN53="해당없음","해당없음",INDEX($W$5:$AL$5, MATCH("◎", $W53:AL53,0))) -> 해당없음 | AQ53: =IF(COUNTIF(W53:AL53,"◎")=1,"1인",COUNTIF(W53:AL53,"◎")&"인") -> 0인 | AR53: end
A54: 49 | B54: 89 | G54: 안전관리계획서 작성 | H54: 안전관리계획서 작성 (용역지원) | I54: 공사 | J54: 1회/총 | K54: 26.4 | L54: - | N54: 4.6583333 | O54: 0.055555556 | P54: 1.1666667 | Q54: 3.8333333 | R54: 0.72222222 | S54: 5.7777778 | T54: 4.125 | U54: 6.3188889 | AN54: 해당없음 | AO54: =IF(AN54="해당없음","해당없음",_xlfn.TEXTJOIN(",",TRUE,AP54:AP54)) -> 해당없음 | AP54: =IF(AN54="해당없음","해당없음",INDEX($W$5:$AL$5, MATCH("◎", $W54:AL54,0))) -> 해당없음 | AQ54: =IF(COUNTIF(W54:AL54,"◎")=1,"1인",COUNTIF(W54:AL54,"◎")&"인") -> 0인 | AR54: end
A55: 50 | B55: 90 | H55: 안전관리계획서 작성 검토 (용역수행) | I55: 공사 | J55: 1회/총 | K55: 13.625 | L55: - | N55: 3.9083333 | O55: 0.38888889 | P55: 0.83333333 | Q55: 2.3333333 | R55: 0.72222222 | S55: 4.2777778 | T55: 4.0416667 | U55: 5.6522222 | AN55: 해당없음 | AO55: =IF(AN55="해당없음","해당없음",_xlfn.TEXTJOIN(",",TRUE,AP55:AP55)) -> 해당없음 | AP55: =IF(AN55="해당없음","해당없음",INDEX($W$5:$AL$5, MATCH("◎", $W55:AL55,0))) -> 해당없음 | AQ55: =IF(COUNTIF(W55:AL55,"◎")=1,"1인",COUNTIF(W55:AL55,"◎")&"인") -> 0인 | AR55: end
A56: 51 | B56: 93 | G56: 품질시험계획서 작성 | H56: 품질시험계획서 작성 | I56: 품질 | J56: 1회/연 | K56: 26.166667 | L56: - | N56: 3.9714286 | O56: 0 | P56: 0.85714286 | Q56: 0.28571429 | R56: 4.1428571 | S56: 5.2857143 | T56: 3.4285714 | U56: 5.3885714 | AN56: 해당없음 | AO56: =IF(AN56="해당없음","해당없음",_xlfn.TEXTJOIN(",",TRUE,AP56:AP56)) -> 해당없음 | AP56: =IF(AN56="해당없음","해당없음",INDEX($W$5:$AL$5, MATCH("◎", $W56:AL56,0))) -> 해당없음 | AQ56: =IF(COUNTIF(W56:AL56,"◎")=1,"1인",COUNTIF(W56:AL56,"◎")&"인") -> 0인 | AR56: end
A57: 52 | B57: 94 | H57: 품질관리계획서 작성 | I57: 품질 | J57: 1회/연 | K57: 14.666667 | L57: - | N57: 4.4125 | O57: 0 | P57: 1.0833333 | Q57: 0 | R57: 4.5416667 | S57: 5.625 | T57: 3.625 | U57: 5.79 | AN57: 해당없음 | AO57: =IF(AN57="해당없음","해당없음",_xlfn.TEXTJOIN(",",TRUE,AP57:AP57)) -> 해당없음 | AP57: =IF(AN57="해당없음","해당없음",INDEX($W$5:$AL$5, MATCH("◎", $W57:AL57,0))) -> 해당없음 | AQ57: =IF(COUNTIF(W57:AL57,"◎")=1,"1인",COUNTIF(W57:AL57,"◎")&"인") -> 0인 | AR57: end
A58: 53 | B58: 95 | H58: 중점품질관리계획서 작성 | I58: 품질 | J58: 1회/총 | K58: 12.857143 | L58: - | N58: 4.1285714 | O58: 0 | P58: 0.85714286 | Q58: 0 | R58: 4 | S58: 4.8571429 | T58: 3.1428571 | U58: 5.1371429 | AN58: 해당없음 | AO58: =IF(AN58="해당없음","해당없음",_xlfn.TEXTJOIN(",",TRUE,AP58:AP58)) -> 해당없음 | AP58: =IF(AN58="해당없음","해당없음",INDEX($W$5:$AL$5, MATCH("◎", $W58:AL58,0))) -> 해당없음 | AQ58: =IF(COUNTIF(W58:AL58,"◎")=1,"1인",COUNTIF(W58:AL58,"◎")&"인") -> 0인 | AR58: end
A59: 54 | B59: 96 | G59: 환경관리계획서 작성 | I59: 관리 | J59: 1회/총 | K59: 15.166667 | L59: - | N59: 4.1714286 | O59: 1.5714286 | P59: 1.2857143 | Q59: 0 | R59: 0.57142857 | S59: 3.4285714 | T59: 3.1428571 | U59: 4.8685714 | AN59: 해당없음 | AO59: =IF(AN59="해당없음","해당없음",_xlfn.TEXTJOIN(",",TRUE,AP59:AP59)) -> 해당없음 | AP59: =IF(AN59="해당없음","해당없음",INDEX($W$5:$AL$5, MATCH("◎", $W59:AL59,0))) -> 해당없음 | AQ59: =IF(COUNTIF(W59:AL59,"◎")=1,"1인",COUNTIF(W59:AL59,"◎")&"인") -> 0인 | AR59: end
A60: 55 | B60: 97 | F60: 유해위험방지계획서 | G60: 유해위험방지계획서 작성 (용역지원) | I60: 안전 | J60: 1회/총 | K60: 25 | L60: - | N60: 4.8857143 | O60: 0.19047619 | P60: 1.0952381 | Q60: 3.3333333 | R60: 0 | S60: 4.6190476 | T60: 4.047619 | U60: 6.1161905 | AN60: 해당없음 | AO60: =IF(AN60="해당없음","해당없음",_xlfn.TEXTJOIN(",",TRUE,AP60:AP60)) -> 해당없음 | AP60: =IF(AN60="해당없음","해당없음",INDEX($W$5:$AL$5, MATCH("◎", $W60:AL60,0))) -> 해당없음 | AQ60: =IF(COUNTIF(W60:AL60,"◎")=1,"1인",COUNTIF(W60:AL60,"◎")&"인") -> 0인 | AR60: end
A61: 56 | B61: 98 | G61: 유해위험방지계획서 작성 검토 (용역수행) | I61: 안전 | J61: 1회/총 | K61: 22.857143 | L61: - | N61: 4.2 | O61: 0.22222222 | P61: 0.77777778 | Q61: 3.3888889 | R61: 0 | S61: 4.3888889 | T61: 4.3888889 | U61: 6.0688889 | AN61: 해당없음 | AO61: =IF(AN61="해당없음","해당없음",_xlfn.TEXTJOIN(",",TRUE,AP61:AP61)) -> 해당없음 | AP61: =IF(AN61="해당없음","해당없음",INDEX($W$5:$AL$5, MATCH("◎", $W61:AL61,0))) -> 해당없음 | AQ61: =IF(COUNTIF(W61:AL61,"◎")=1,"1인",COUNTIF(W61:AL61,"◎")&"인") -> 0인 | AR61: end
A62: 57 | B62: 100 | F62: 공사안전보건대장 | G62: 공사안전보건대장 작성 (용역지원) | I62: 안전 | J62: 1회/총 | K62: 14 | L62: - | N62: 4.5733333 | O62: 0.13333333 | P62: 0.93333333 | Q62: 3.4666667 | R62: 0.066666667 | S62: 4.6 | T62: 4.0666667 | U62: 6.0026667 | AN62: 해당없음 | AO62: =IF(AN62="해당없음","해당없음",_xlfn.TEXTJOIN(",",TRUE,AP62:AP62)) -> 해당없음 | AP62: =IF(AN62="해당없음","해당없음",INDEX($W$5:$AL$5, MATCH("◎", $W62:AL62,0))) -> 해당없음 | AQ62: =IF(COUNTIF(W62:AL62,"◎")=1,"1인",COUNTIF(W62:AL62,"◎")&"인") -> 0인 | AR62: end
A63: 58 | B63: 101 | G63: 공사안전보건대장 작성 검토 (용역수행) | I63: 안전 | J63: 1회/총 | K63: 14 | L63: - | N63: 4.3733333 | O63: 0.13333333 | P63: 0.93333333 | Q63: 3.4666667 | R63: 0.066666667 | S63: 4.6 | T63: 4.4666667 | U63: 6.2426667 | AN63: 해당없음 | AO63: =IF(AN63="해당없음","해당없음",_xlfn.TEXTJOIN(",",TRUE,AP63:AP63)) -> 해당없음 | AP63: =IF(AN63="해당없음","해당없음",INDEX($W$5:$AL$5, MATCH("◎", $W63:AL63,0))) -> 해당없음 | AQ63: =IF(COUNTIF(W63:AL63,"◎")=1,"1인",COUNTIF(W63:AL63,"◎")&"인") -> 0인 | AR63: end
A64: 59 | B64: 105 | F64: 안전보건총괄(관리)책임자 관련 | G64: 안전보건총괄책임자 현장 방침 및 목표 수립 | I64: 안전 | J64: 1회/연 | K64: 9.4285714 | L64: - | N64: 3.7066667 | O64: 0 | P64: 0.26666667 | Q64: 3.6666667 | R64: 0 | S64: 3.9333333 | T64: 3.6 | U64: 5.1493333 | AN64: 해당없음 | AO64: =IF(AN64="해당없음","해당없음",_xlfn.TEXTJOIN(",",TRUE,AP64:AP64)) -> 해당없음 | AP64: =IF(AN64="해당없음","해당없음",INDEX($W$5:$AL$5, MATCH("◎", $W64:AL64,0))) -> 해당없음 | AQ64: =IF(COUNTIF(W64:AL64,"◎")=1,"1인",COUNTIF(W64:AL64,"◎")&"인") -> 0인 | AR64: end
A65: 60 | B65: 106 | F65: 안전보건관리규정 작성 | G65: 안전보건관리규정 작성 | I65: 안전 | J65: 1회/연 | K65: 6.1428571 | L65: - | N65: 3.7066667 | O65: 0 | P65: 0.2 | Q65: 3.6666667 | R65: 0 | S65: 3.8666667 | T65: 3.5333333 | U65: 5.0826667 | AN65: 해당없음 | AO65: =IF(AN65="해당없음","해당없음",_xlfn.TEXTJOIN(",",TRUE,AP65:AP65)) -> 해당없음 | AP65: =IF(AN65="해당없음","해당없음",INDEX($W$5:$AL$5, MATCH("◎", $W65:AL65,0))) -> 해당없음 | AQ65: =IF(COUNTIF(W65:AL65,"◎")=1,"1인",COUNTIF(W65:AL65,"◎")&"인") -> 0인 | AR65: end
A66: 61 | B66: 107 | F66: 연간보건사업계획서 작성 | G66: 연간보건사업계획서 작성 | I66: 안전 | J66: 1회/연 | K66: 5.6666667 | L66: - | N66: 3.4 | O66: 0 | P66: 0 | Q66: 2 | R66: 0 | S66: 2 | T66: 1.6666667 | U66: 3.0933333 | AN66: 해당없음 | AO66: =IF(AN66="해당없음","해당없음",_xlfn.TEXTJOIN(",",TRUE,AP66:AP66)) -> 해당없음 | AP66: =IF(AN66="해당없음","해당없음",INDEX($W$5:$AL$5, MATCH("◎", $W66:AL66,0))) -> 해당없음 | AQ66: =IF(COUNTIF(W66:AL66,"◎")=1,"1인",COUNTIF(W66:AL66,"◎")&"인") -> 0인 | AR66: end
A67: 62 | B67: 108 | F67: 안전보건경영매뉴얼 | G67: 안전보건경영매뉴얼 작성 | I67: 안전 | J67: 1회/연 | K67: 6.1428571 | L67: - | N67: 3.7733333 | O67: 0 | P67: 0.2 | Q67: 3.6666667 | R67: 0 | S67: 3.8666667 | T67: 3.5333333 | U67: 5.1093333 | AN67: 해당없음 | AO67: =IF(AN67="해당없음","해당없음",_xlfn.TEXTJOIN(",",TRUE,AP67:AP67)) -> 해당없음 | AP67: =IF(AN67="해당없음","해당없음",INDEX($W$5:$AL$5, MATCH("◎", $W67:AL67,0))) -> 해당없음 | AQ67: =IF(COUNTIF(W67:AL67,"◎")=1,"1인",COUNTIF(W67:AL67,"◎")&"인") -> 0인 | AR67: end
A68: 63 | B68: 110 | F68: 비산먼지발생신고 | G68: 비산먼지발생신고서 작성 | I68: 관리 | J68: 1회/연 | K68: 2.5 | L68: - | N68: 2.6 | O68: 0.28571429 | P68: 1.5714286 | Q68: 0 | R68: 0.71428571 | S68: 2.5714286 | T68: 2.5714286 | U68: 3.6114286 | AN68: 해당없음 | AO68: =IF(AN68="해당없음","해당없음",_xlfn.TEXTJOIN(",",TRUE,AP68:AP68)) -> 해당없음 | AP68: =IF(AN68="해당없음","해당없음",INDEX($W$5:$AL$5, MATCH("◎", $W68:AL68,0))) -> 해당없음 | AQ68: =IF(COUNTIF(W68:AL68,"◎")=1,"1인",COUNTIF(W68:AL68,"◎")&"인") -> 0인 | AR68: end
A69: 64 | B69: 111 | G69: 관련기관 협의 및 승인(가능 시) | I69: 관리 | J69: 1회/연 | K69: 4.8333333 | L69: - | N69: 3.4571429 | O69: 0.28571429 | P69: 1.5714286 | Q69: 0 | R69: 0.71428571 | S69: 2.5714286 | T69: 3.4285714 | U69: 4.64 | AN69: 해당없음 | AO69: =IF(AN69="해당없음","해당없음",_xlfn.TEXTJOIN(",",TRUE,AP69:AP69)) -> 해당없음 | AP69: =IF(AN69="해당없음","해당없음",INDEX($W$5:$AL$5, MATCH("◎", $W69:AL69,0))) -> 해당없음 | AQ69: =IF(COUNTIF(W69:AL69,"◎")=1,"1인",COUNTIF(W69:AL69,"◎")&"인") -> 0인 | AR69: end
A70: 65 | B70: 112 | F70: 특정공사사전신고 | G70: 특정공사사전신고서 작성 | I70: 관리 | J70: 1회/연 | K70: 2.5 | L70: - | N70: 2.6 | O70: 0.28571429 | P70: 1.5714286 | Q70: 0 | R70: 0.71428571 | S70: 2.5714286 | T70: 2.5714286 | U70: 3.6114286 | AN70: 해당없음 | AO70: =IF(AN70="해당없음","해당없음",_xlfn.TEXTJOIN(",",TRUE,AP70:AP70)) -> 해당없음 | AP70: =IF(AN70="해당없음","해당없음",INDEX($W$5:$AL$5, MATCH("◎", $W70:AL70,0))) -> 해당없음 | AQ70: =IF(COUNTIF(W70:AL70,"◎")=1,"1인",COUNTIF(W70:AL70,"◎")&"인") -> 0인 | AR70: end
A71: 66 | B71: 113 | G71: 관련기관 협의 및 승인(가능 시) | I71: 관리 | J71: 1회/연 | K71: 4.8333333 | L71: - | N71: 3.4571429 | O71: 0.28571429 | P71: 1.5714286 | Q71: 0 | R71: 0.71428571 | S71: 2.5714286 | T71: 3.4285714 | U71: 4.64 | AN71: 해당없음 | AO71: =IF(AN71="해당없음","해당없음",_xlfn.TEXTJOIN(",",TRUE,AP71:AP71)) -> 해당없음 | AP71: =IF(AN71="해당없음","해당없음",INDEX($W$5:$AL$5, MATCH("◎", $W71:AL71,0))) -> 해당없음 | AQ71: =IF(COUNTIF(W71:AL71,"◎")=1,"1인",COUNTIF(W71:AL71,"◎")&"인") -> 0인 | AR71: end
A72: 67 | B72: 114 | F72: 위험물 취급허가 | G72: 위험물 취급허가서 작성 | I72: 공사 | J72: 1회/총 | K72: 6.875 | L72: - | N72: 2.4833333 | O72: 0.041666667 | P72: 1.9166667 | Q72: 0.5 | R72: 0.041666667 | S72: 2.5 | T72: 2.5833333 | U72: 3.56 | AN72: 해당없음 | AO72: =IF(AN72="해당없음","해당없음",_xlfn.TEXTJOIN(",",TRUE,AP72:AP72)) -> 해당없음 | AP72: =IF(AN72="해당없음","해당없음",INDEX($W$5:$AL$5, MATCH("◎", $W72:AL72,0))) -> 해당없음 | AQ72: =IF(COUNTIF(W72:AL72,"◎")=1,"1인",COUNTIF(W72:AL72,"◎")&"인") -> 0인 | AR72: end
A73: 68 | B73: 115 | G73: 관련기관 협의 및 승인(가능 시) | I73: 공사 | J73: 1회/총 | K73: 4.8 | L73: - | N73: 3.9 | O73: 1.5416667 | P73: 2.0833333 | Q73: 0.5 | R73: 0.125 | S73: 4.25 | T73: 3.5416667 | U73: 5.2433333 | AN73: 해당없음 | AO73: =IF(AN73="해당없음","해당없음",_xlfn.TEXTJOIN(",",TRUE,AP73:AP73)) -> 해당없음 | AP73: =IF(AN73="해당없음","해당없음",INDEX($W$5:$AL$5, MATCH("◎", $W73:AL73,0))) -> 해당없음 | AQ73: =IF(COUNTIF(W73:AL73,"◎")=1,"1인",COUNTIF(W73:AL73,"◎")&"인") -> 0인 | AR73: end
A74: 69 | B74: 116 | F74: 도로 굴착승인 신청 | G74: 도로 굴착승인 신청서 작성 | I74: 공사 | J74: 1회/총 | K74: 13.4375 | L74: - | N74: 4.1083333 | O74: 1.1666667 | P74: 2.4166667 | Q74: 1.25 | R74: 0.041666667 | S74: 4.875 | T74: 3.0833333 | U74: 5.085 | AN74: 해당없음 | AO74: =IF(AN74="해당없음","해당없음",_xlfn.TEXTJOIN(",",TRUE,AP74:AP74)) -> 해당없음 | AP74: =IF(AN74="해당없음","해당없음",INDEX($W$5:$AL$5, MATCH("◎", $W74:AL74,0))) -> 해당없음 | AQ74: =IF(COUNTIF(W74:AL74,"◎")=1,"1인",COUNTIF(W74:AL74,"◎")&"인") -> 0인 | AR74: end
A75: 70 | B75: 117 | G75: 관련기관 협의 및 승인(가능 시) | I75: 공사 | J75: 1회/총 | K75: 5.9 | L75: - | N75: 4.65 | O75: 2.1666667 | P75: 2.7083333 | Q75: 1.25 | R75: 0.125 | S75: 6.25 | T75: 4.4166667 | U75: 6.6433333 | AN75: 해당없음 | AO75: =IF(AN75="해당없음","해당없음",_xlfn.TEXTJOIN(",",TRUE,AP75:AP75)) -> 해당없음 | AP75: =IF(AN75="해당없음","해당없음",INDEX($W$5:$AL$5, MATCH("◎", $W75:AL75,0))) -> 해당없음 | AQ75: =IF(COUNTIF(W75:AL75,"◎")=1,"1인",COUNTIF(W75:AL75,"◎")&"인") -> 0인 | AR75: end
A76: 71 | F76: 묘지개장 허가 신고 | G76: 묘지개장 허가 신청서 작성 | I76: 관리 | J76: 1회/총 | L76: - | AN76: 해당없음 | AO76: =IF(AN76="해당없음","해당없음",_xlfn.TEXTJOIN(",",TRUE,AP76:AP76)) -> 해당없음 | AP76: =IF(AN76="해당없음","해당없음",INDEX($W$5:$AL$5, MATCH("◎", $W76:AL76,0))) -> 해당없음 | AQ76: =IF(COUNTIF(W76:AL76,"◎")=1,"1인",COUNTIF(W76:AL76,"◎")&"인") -> 0인 | AR76: end
A77: 72 | G77: 관련기관 협의 및 승인(가능 시) | I77: 관리 | J77: 1회/총 | L77: - | AN77: 해당없음 | AO77: =IF(AN77="해당없음","해당없음",_xlfn.TEXTJOIN(",",TRUE,AP77:AP77)) -> 해당없음 | AP77: =IF(AN77="해당없음","해당없음",INDEX($W$5:$AL$5, MATCH("◎", $W77:AL77,0))) -> 해당없음 | AQ77: =IF(COUNTIF(W77:AL77,"◎")=1,"1인",COUNTIF(W77:AL77,"◎")&"인") -> 0인 | AR77: end
A78: 73 | F78: 환경영향평가 협의내용 관리책임자 지정통보 | G78: 지정통보서 작성 | I78: 관리 | J78: 1회/총 | L78: - | AN78: 해당없음 | AO78: =IF(AN78="해당없음","해당없음",_xlfn.TEXTJOIN(",",TRUE,AP78:AP78)) -> 해당없음 | AP78: =IF(AN78="해당없음","해당없음",INDEX($W$5:$AL$5, MATCH("◎", $W78:AL78,0))) -> 해당없음 | AQ78: =IF(COUNTIF(W78:AL78,"◎")=1,"1인",COUNTIF(W78:AL78,"◎")&"인") -> 0인 | AR78: end
A79: 74 | G79: 관련기관 협의 및 승인(가능 시) | I79: 관리 | J79: 1회/총 | L79: - | AN79: 해당없음 | AO79: =IF(AN79="해당없음","해당없음",_xlfn.TEXTJOIN(",",TRUE,AP79:AP79)) -> 해당없음 | AP79: =IF(AN79="해당없음","해당없음",INDEX($W$5:$AL$5, MATCH("◎", $W79:AL79,0))) -> 해당없음 | AQ79: =IF(COUNTIF(W79:AL79,"◎")=1,"1인",COUNTIF(W79:AL79,"◎")&"인") -> 0인 | AR79: end
A80: 75 | B80: 221 | E80: 공정 관리 | F80: 공정계획 수립 | G80: 공종별 WBS, Activity 작성 | I80: 공사 | J80: 1회/총 | K80: 40.6 | L80: - | N80: 3.94375 | O80: 0.083333333 | P80: 1.3333333 | Q80: 0.041666667 | R80: 0.041666667 | S80: 1.5 | T80: 2.96875 | U80: 4.2525 | AN80: 해당없음 | AO80: =IF(AN80="해당없음","해당없음",_xlfn.TEXTJOIN(",",TRUE,AP80:AP80)) -> 해당없음 | AP80: =IF(AN80="해당없음","해당없음",INDEX($W$5:$AL$5, MATCH("◎", $W80:AL80,0))) -> 해당없음 | AQ80: =IF(COUNTIF(W80:AL80,"◎")=1,"1인",COUNTIF(W80:AL80,"◎")&"인") -> 0인 | AR80: end
A81: 76 | B81: 223 | G81: 공종별 Q값 및 Duration 검토 | I81: 공사 | J81: 1회/총 | K81: 22.8 | L81: - | N81: 2.98125 | O81: 1.8333333 | P81: 3.0833333 | Q81: 0.041666667 | R81: 0.041666667 | S81: 5 | T81: 3.0625 | U81: 4.6425 | AN81: 해당없음 | AO81: =IF(AN81="해당없음","해당없음",_xlfn.TEXTJOIN(",",TRUE,AP81:AP81)) -> 해당없음 | AP81: =IF(AN81="해당없음","해당없음",INDEX($W$5:$AL$5, MATCH("◎", $W81:AL81,0))) -> 해당없음 | AQ81: =IF(COUNTIF(W81:AL81,"◎")=1,"1인",COUNTIF(W81:AL81,"◎")&"인") -> 0인 | AR81: end
A82: 77 | B82: 224 | G82: 작업순서 계획 | I82: 공사 | J82: 1회/총 | K82: 22.1 | L82: - | N82: 3.1375 | O82: 1.8333333 | P82: 3.0833333 | Q82: 0.041666667 | R82: 0.041666667 | S82: 5 | T82: 3.625 | U82: 5.155 | AN82: 해당없음 | AO82: =IF(AN82="해당없음","해당없음",_xlfn.TEXTJOIN(",",TRUE,AP82:AP82)) -> 해당없음 | AP82: =IF(AN82="해당없음","해당없음",INDEX($W$5:$AL$5, MATCH("◎", $W82:AL82,0))) -> 해당없음 | AQ82: =IF(COUNTIF(W82:AL82,"◎")=1,"1인",COUNTIF(W82:AL82,"◎")&"인") -> 0인 | AR82: end
A83: 78 | B83: 228 | F83: 공정계획 셋팅 | G83: 공정 Risk 도출 및 분석 | I83: 공사 | J83: 1회/총 | K83: 14.7 | L83: - | N83: 3.325 | O83: 1.9583333 | P83: 3.125 | Q83: 0.041666667 | R83: 0.041666667 | S83: 5.1666667 | T83: 3.5625 | U83: 5.2133333 | AN83: 해당없음 | AO83: =IF(AN83="해당없음","해당없음",_xlfn.TEXTJOIN(",",TRUE,AP83:AP83)) -> 해당없음 | AP83: =IF(AN83="해당없음","해당없음",INDEX($W$5:$AL$5, MATCH("◎", $W83:AL83,0))) -> 해당없음 | AQ83: =IF(COUNTIF(W83:AL83,"◎")=1,"1인",COUNTIF(W83:AL83,"◎")&"인") -> 0인 | AR83: end
A84: 79 | B84: 229 | G84: 공정 단축 기회요인 분석 | I84: 공사 | J84: 1회/총 | K84: 17.1 | L84: - | N84: 3.29375 | O84: 1.8333333 | P84: 3.0833333 | Q84: 0.041666667 | R84: 0.041666667 | S84: 5 | T84: 3.59375 | U84: 5.1925 | AN84: 해당없음 | AO84: =IF(AN84="해당없음","해당없음",_xlfn.TEXTJOIN(",",TRUE,AP84:AP84)) -> 해당없음 | AP84: =IF(AN84="해당없음","해당없음",INDEX($W$5:$AL$5, MATCH("◎", $W84:AL84,0))) -> 해당없음 | AQ84: =IF(COUNTIF(W84:AL84,"◎")=1,"1인",COUNTIF(W84:AL84,"◎")&"인") -> 0인 | AR84: end
A85: 80 | B85: 230 | G85: Case별 공정분석을 통한 계획공정 검토 | I85: 공사 | J85: 1회/총 | K85: 24.944444 | L85: - | N85: 4.35 | O85: 3.5833333 | P85: 3.9583333 | Q85: 0.041666667 | R85: 0.041666667 | S85: 7.625 | T85: 3.5625 | U85: 6.115 | AN85: 해당없음 | AO85: =IF(AN85="해당없음","해당없음",_xlfn.TEXTJOIN(",",TRUE,AP85:AP85)) -> 해당없음 | AP85: =IF(AN85="해당없음","해당없음",INDEX($W$5:$AL$5, MATCH("◎", $W85:AL85,0))) -> 해당없음 | AQ85: =IF(COUNTIF(W85:AL85,"◎")=1,"1인",COUNTIF(W85:AL85,"◎")&"인") -> 0인 | AR85: end
A86: 81 | B86: 233 | F86: 착공초기 공정관리 | G86: 공정표에 입각하여 각종 인허가 및 사전준비 스케줄 수립 | I86: 공사 | J86: 1회/총 | K86: 24.45 | L86: - | N86: 3.85 | O86: 0.95833333 | P86: 3.75 | Q86: 0.041666667 | R86: 0.041666667 | S86: 4.7916667 | T86: 4.40625 | U86: 6.0233333 | AN86: 해당없음 | AO86: =IF(AN86="해당없음","해당없음",_xlfn.TEXTJOIN(",",TRUE,AP86:AP86)) -> 해당없음 | AP86: =IF(AN86="해당없음","해당없음",INDEX($W$5:$AL$5, MATCH("◎", $W86:AL86,0))) -> 해당없음 | AQ86: =IF(COUNTIF(W86:AL86,"◎")=1,"1인",COUNTIF(W86:AL86,"◎")&"인") -> 0인 | AR86: end
A87: 82 | B87: 161 | E87: 안전 관리 | F87: 산업안전보건관리비 집행계획 수립 | I87: 안전 | J87: 1회/총 | K87: 10.857143 | L87: - | N87: 4.1714286 | O87: 0.85714286 | P87: 0.85714286 | Q87: 1.5714286 | R87: 1.1428571 | S87: 4.4285714 | T87: 3 | U87: 4.9542857 | AN87: 해당없음 | AO87: =IF(AN87="해당없음","해당없음",_xlfn.TEXTJOIN(",",TRUE,AP87:AP87)) -> 해당없음 | AP87: =IF(AN87="해당없음","해당없음",INDEX($W$5:$AL$5, MATCH("◎", $W87:AL87,0))) -> 해당없음 | AQ87: =IF(COUNTIF(W87:AL87,"◎")=1,"1인",COUNTIF(W87:AL87,"◎")&"인") -> 0인 | AR87: end
A88: 83 | B88: 163 | E88: 품질 관리 | F88: 시방서상 주요 품질관리 사항 발췌 및 정리 (설계도서, KS, 국가법령 검토) | I88: 품질 | J88: 1회/분기 | K88: 27 | L88: - | N88: 4.43125 | O88: 0.875 | P88: 1.0833333 | Q88: 0.125 | R88: 2.4583333 | S88: 4.5416667 | T88: 2.96875 | U88: 5.0558333 | AN88: 해당없음 | AO88: =IF(AN88="해당없음","해당없음",_xlfn.TEXTJOIN(",",TRUE,AP88:AP88)) -> 해당없음 | AP88: =IF(AN88="해당없음","해당없음",INDEX($W$5:$AL$5, MATCH("◎", $W88:AL88,0))) -> 해당없음 | AQ88: =IF(COUNTIF(W88:AL88,"◎")=1,"1인",COUNTIF(W88:AL88,"◎")&"인") -> 0인 | AR88: end
A89: 84 | B89: 165 | F89: 품질방침 및 품질목표 수립 | G89: 품질방침 및 품질목표 수립, 현장 개시 | I89: 품질 | J89: 1회/총 | K89: 3.5833333 | L89: - | N89: 4.3142857 | O89: 0.57142857 | P89: 0.57142857 | Q89: 0 | R89: 3.4285714 | S89: 4.5714286 | T89: 3 | U89: 5.04 | AN89: 해당없음 | AO89: =IF(AN89="해당없음","해당없음",_xlfn.TEXTJOIN(",",TRUE,AP89:AP89)) -> 해당없음 | AP89: =IF(AN89="해당없음","해당없음",INDEX($W$5:$AL$5, MATCH("◎", $W89:AL89,0))) -> 해당없음 | AQ89: =IF(COUNTIF(W89:AL89,"◎")=1,"1인",COUNTIF(W89:AL89,"◎")&"인") -> 0인 | AR89: end
A90: 85 | B90: 171 | F90: 품질 KOM | G90: KOM 사전 준비 | I90: 품질 | J90: 1회/총 | K90: 6.6 | L90: - | N90: 4.05625 | O90: 0 | P90: 0.58333333 | Q90: 0 | R90: 2.2916667 | S90: 2.875 | T90: 2.90625 | U90: 4.5225 | AN90: 해당없음 | AO90: =IF(AN90="해당없음","해당없음",_xlfn.TEXTJOIN(",",TRUE,AP90:AP90)) -> 해당없음 | AP90: =IF(AN90="해당없음","해당없음",INDEX($W$5:$AL$5, MATCH("◎", $W90:AL90,0))) -> 해당없음 | AQ90: =IF(COUNTIF(W90:AL90,"◎")=1,"1인",COUNTIF(W90:AL90,"◎")&"인") -> 0인 | AR90: end
A91: 86 | B91: 173 | F91: 자재 관련 | G91: 자재 수급계획 작성 | I91: 공사 | J91: 1회/월 | K91: - | L91: 4.6944444 | N91: 3.86875 | O91: 0.041666667 | P91: 0.25 | Q91: 0.041666667 | R91: 1.6666667 | S91: 2 | T91: 3.25 | U91: 4.5475 | AN91: 해당없음 | AO91: =IF(AN91="해당없음","해당없음",_xlfn.TEXTJOIN(",",TRUE,AP91:AP91)) -> 해당없음 | AP91: =IF(AN91="해당없음","해당없음",INDEX($W$5:$AL$5, MATCH("◎", $W91:AL91,0))) -> 해당없음 | AQ91: =IF(COUNTIF(W91:AL91,"◎")=1,"1인",COUNTIF(W91:AL91,"◎")&"인") -> 0인 | AR91: end
A92: 87 | B92: 176 | F92: 품질서류 | G92: 문서분류기준표 작성 및 직원배포 | I92: 품질 | J92: 1회/총 | K92: 10.6 | L92: - | N92: 3.11875 | O92: 0 | P92: 0.083333333 | Q92: 0 | R92: 1.4583333 | S92: 1.5416667 | T92: 2.46875 | U92: 3.5308333 | AN92: 해당없음 | AO92: =IF(AN92="해당없음","해당없음",_xlfn.TEXTJOIN(",",TRUE,AP92:AP92)) -> 해당없음 | AP92: =IF(AN92="해당없음","해당없음",INDEX($W$5:$AL$5, MATCH("◎", $W92:AL92,0))) -> 해당없음 | AQ92: =IF(COUNTIF(W92:AL92,"◎")=1,"1인",COUNTIF(W92:AL92,"◎")&"인") -> 0인 | AR92: end
A93: 88 | B93: 210 | E93: 공동도급 운영회의 | F93: 공동도급 운영회의 | I93: 공무 | J93: 1회/연 | K93: 4 | L93: - | N93: 3.9791667 | O93: 1.3333333 | P93: 0.29166667 | Q93: 0.083333333 | R93: 0 | S93: 1.7083333 | T93: 4.7083333 | U93: 5.7 | AN93: 해당없음 | AO93: =IF(AN93="해당없음","해당없음",_xlfn.TEXTJOIN(",",TRUE,AP93:AP93)) -> 해당없음 | AP93: =IF(AN93="해당없음","해당없음",INDEX($W$5:$AL$5, MATCH("◎", $W93:AL93,0))) -> 해당없음 | AQ93: =IF(COUNTIF(W93:AL93,"◎")=1,"1인",COUNTIF(W93:AL93,"◎")&"인") -> 0인 | AR93: end
A94: 89 | B94: 211 | F94: 공동도급 운영협정서 체결 협의 | I94: 공무 | J94: 1회/총 | K94: 2.75 | L94: - | N94: 4.5208333 | O94: 1.3333333 | P94: 0.29166667 | Q94: 0.083333333 | R94: 0 | S94: 1.7083333 | T94: 4.4583333 | U94: 5.7166667 | AN94: 해당없음 | AO94: =IF(AN94="해당없음","해당없음",_xlfn.TEXTJOIN(",",TRUE,AP94:AP94)) -> 해당없음 | AP94: =IF(AN94="해당없음","해당없음",INDEX($W$5:$AL$5, MATCH("◎", $W94:AL94,0))) -> 해당없음 | AQ94: =IF(COUNTIF(W94:AL94,"◎")=1,"1인",COUNTIF(W94:AL94,"◎")&"인") -> 0인 | AR94: end
A95: 90 | B95: 211-1 | F95: 공동도급 원가약정 체결 협의 | I95: 공무 | J95: 1회/총 | AN95: 해당없음 | AO95: =IF(AN95="해당없음","해당없음",_xlfn.TEXTJOIN(",",TRUE,AP95:AP95)) -> 해당없음 | AP95: =IF(AN95="해당없음","해당없음",INDEX($W$5:$AL$5, MATCH("◎", $W95:AL95,0))) -> 해당없음 | AQ95: =IF(COUNTIF(W95:AL95,"◎")=1,"1인",COUNTIF(W95:AL95,"◎")&"인") -> 0인 | AR95: end
A96: 91 | B96: 212 | F96: 공동도급 신탁계약 체결 협의 | I96: 공무 | J96: 1회/총 | K96: 2.5 | L96: - | N96: 4.0208333 | O96: 1.4583333 | P96: 0.29166667 | Q96: 0.083333333 | R96: 0 | S96: 1.8333333 | T96: 3.8333333 | U96: 5.0416667 | AN96: 해당없음 | AO96: =IF(AN96="해당없음","해당없음",_xlfn.TEXTJOIN(",",TRUE,AP96:AP96)) -> 해당없음 | AP96: =IF(AN96="해당없음","해당없음",INDEX($W$5:$AL$5, MATCH("◎", $W96:AL96,0))) -> 해당없음 | AQ96: =IF(COUNTIF(W96:AL96,"◎")=1,"1인",COUNTIF(W96:AL96,"◎")&"인") -> 0인 | AR96: end
A97: 92 | B97: 215 | E97: 본실행예산 | F97: 본실행 작성 협의 | G97: Risk Item 검토 / 산출근거 작성 (컨틴젼시 반영분) | I97: 토목견적팀 | J97: 1회/총 | K97: 23.3 | L97: - | N97: 4.2208333 | O97: 4.2916667 | P97: 0.54166667 | Q97: 0.083333333 | R97: 0 | S97: 4.9166667 | T97: 4.1666667 | U97: 6.005 | AN97: 해당없음 | AO97: =IF(AN97="해당없음","해당없음",_xlfn.TEXTJOIN(",",TRUE,AP97:AP97)) -> 해당없음 | AP97: =IF(AN97="해당없음","해당없음",INDEX($W$5:$AL$5, MATCH("◎", $W97:AL97,0))) -> 해당없음 | AQ97: =IF(COUNTIF(W97:AL97,"◎")=1,"1인",COUNTIF(W97:AL97,"◎")&"인") -> 0인 | AR97: end
A98: 93 | B98: 1 | E98: 현장인원 배치 | F98: 직원운영계획 수립 | G98: 발령인원 검토 | I98: 공무 | J98: 1회/총 | K98: 5.1666667 | L98: - | N98: 3.3375 | O98: 3.0833333 | P98: 3 | Q98: 2.875 | R98: 2.7083333 | S98: 11.666667 | T98: 4 | U98: 6.8683333 | AN98: 해당없음 | AO98: =IF(AN98="해당없음","해당없음",_xlfn.TEXTJOIN(",",TRUE,AP98:AP98)) -> 해당없음 | AP98: =IF(AN98="해당없음","해당없음",INDEX($W$5:$AL$5, MATCH("◎", $W98:AL98,0))) -> 해당없음 | AQ98: =IF(COUNTIF(W98:AL98,"◎")=1,"1인",COUNTIF(W98:AL98,"◎")&"인") -> 0인 | AR98: end
A99: 94 | B99: 2 | G99: 인원별 발령시기 검토 | I99: 공무 | J99: 1회/총 | K99: 5.1666667 | L99: - | N99: 3.2875 | O99: 2.9583333 | P99: 2.8333333 | Q99: 2.25 | R99: 2.2083333 | S99: 10.25 | T99: 3.375 | U99: 6.065 | AN99: 해당없음 | AO99: =IF(AN99="해당없음","해당없음",_xlfn.TEXTJOIN(",",TRUE,AP99:AP99)) -> 해당없음 | AP99: =IF(AN99="해당없음","해당없음",INDEX($W$5:$AL$5, MATCH("◎", $W99:AL99,0))) -> 해당없음 | AQ99: =IF(COUNTIF(W99:AL99,"◎")=1,"1인",COUNTIF(W99:AL99,"◎")&"인") -> 0인 | AR99: end
A100: 95 | B100: 3 | F100: 직원발령 의뢰 및 협의 | I100: 공무 | J100: 1회/분기 | K100: 2 | L100: - | N100: 3.7458333 | O100: 2.6666667 | P100: 2.5416667 | Q100: 2.5 | R100: 2.0833333 | S100: 9.7916667 | T100: 4.2916667 | U100: 6.89 | AN100: 해당없음 | AO100: =IF(AN100="해당없음","해당없음",_xlfn.TEXTJOIN(",",TRUE,AP100:AP100)) -> 해당없음 | AP100: =IF(AN100="해당없음","해당없음",INDEX($W$5:$AL$5, MATCH("◎", $W100:AL100,0))) -> 해당없음 | AQ100: =IF(COUNTIF(W100:AL100,"◎")=1,"1인",COUNTIF(W100:AL100,"◎")&"인") -> 0인 | AR100: end
...

Sheet 수행_Manual
F1: ■ 수행매뉴얼 Manual
F2: 9 | H2: 16 | I2: 6 | J2: 6 | K2: 2 | L2: 2 | M2: 20 | N2: 20 | O2: 20 | P2: 20
B3: 현장명 | C3: 담당자 | D3: 업무 | E3: 현장 | F3: 매뉴얼 | I3: 시점 (When) | K3: 내용 | O3: In-Put(CODE) | P3: Out-Put(CODE) | Q3: 수행지침 | R3: 표준서
A4: NO. | D4: 구분 | E4: 작성 | F4: No | G4: Code | H4: 업무 내용 | I4: Start | J4: Finish | O4: 1 | P4: 1 | T4: GTX-A 시공사업단
E5: 부서 | I5: 시기 | J5: 시기 | K5: 목적 | L5: 방법 (How) | M5: 주관부서 (Who) | N5: 협업부서 | O5: 산출물(What/시스템) | P5: 산출물(What/시스템)
H6: 수행매뉴얼 | K6: 목적 | L6: 방법
G8: 착공 전 | H8: 가설사무실
G9: 착공 전 | H9: 가설사무실 축조 검토
A10: 1 | B10: 진해신항남방파호안1-2공구 현장 | C10: 김창진 | D10: 관리 | E10: 관리팀 | G10: 착공 전 | H10: 가설전기 인입 여건 검토 | K10: • 가설사무실에서 사용할 전기인입을 위한 여건 검토 | L10: • 한국전력공사에 전기사용신청서 제출 - 향후 전기설비 단선결선도 등 필요하므로 전기공사업체 대리신청 • 전기안전공사에 사용전 점검 신청 • 전기안전공사의 사용전 점검 시행 및 전기 인입 | M10: 관리 | N10: 공사팀, 공무•설계팀 | O10: 현장 부담 금액 (변압기 이후 인입공사는 현장 부담임) | P10: 전기인입공사 신청 | T10: =VLOOKUP(A10,'GTXA사업단 R&R'!$A$6:$AO$1274,41,) -> 해당없음
A11: 2 | B11: 진해신항남방파호안1-2공구 현장 | C11: 김창진 | D11: 관리 | E11: 관리팀 | G11: 착공 전 | H11: 상/하수도 인입 가능 검토 | K11: • 가설사무실에서 사용할 상하수도 인입을 위한 검토 | L11: • 상하수도 설치가능 업체 조사 및 비교견적 접수 • 상하수도 인입을 위한 현장품의 및 설치 시행 - 상수하수도 인입 계획 및 의사결정 시 필요자료(도면, 견적서 등)를 첨부하여 품의 • 상하수도 인입 설치 공사 시행 - 인입 공사 중 계약조건에 따른 업무 수행 모니터링 | M11: 관리 | N11: 공사팀, 공무•설계팀 | O11: 현장 부담 금액 산출 자료 (계량기 이후 급수공사는 현장 부담) 인근 상수도 정보 (위치, 직경, 수압, 관망도, 접속지점 등) 사무실 예상 급수 용량 | P11: 상수도 인입공사 신청서 | T11: =VLOOKUP(A11,'GTXA사업단 R&R'!$A$6:$AO$1274,41,) -> 해당없음
A12: 3 | B12: 진해신항남방파호안1-2공구 현장 | C12: 김창진 | D12: 관리 | E12: 관리팀 | G12: 착공 전 | H12: 관정 및 정화조 설치 검토 | K12: • 상수도 인입 불가 시 지하수를 사용할 수 있는 여건 검토 | L12: • 관정 및 정화조 설치 업체 모색 및 비교견적 접수 • 관정 및 정화조 설치를 위한 현장품의 및 설치 시행 - 지하수관리-수질검사(지자체 상하수도 사업소,보건소)/지하수 오염방지 조치 - 오수분뇨관리-오수처리 시설 설치/오수처리시설의 운영관리(위탁 등) 내용 | M12: 관리 | N12: 공사팀, 공무•설계팀 | O12: 상수도 미인입시 허가관정 검토, 오수처리시설(단독정화조) - 환경영향평가 적용후 규모산정 | P12: 오수처리시설 설치신고 오수처리시설 준공검사 | T12: =VLOOKUP(A12,'GTXA사업단 R&R'!$A$6:$AO$1274,41,) -> 해당없음
G13: 착공 전 | H13: 가설사무실 축조부지 임차
A14: 4 | B14: 진해신항남방파호안1-2공구 현장 | C14: 김창진 | D14: 관리 | E14: 관리팀 | G14: 착공 전 | H14: 임차부지 조사 | K14: • 가설사무실을 축조할 수 있는 부지 조사 | L14: • 가설사무실 축조를 위한 부지의 검토 - 가설전기 인입 여건 확인 (한전인입금 과다발생 지양) - 상/하수도 인입가능 검토 및 관정/정화조 설치여부 검토 - 도시가스 인입 여건 확인 - 토지에 대한 근저당권, 현장과의 접근성, 면적 등 | M14: 관리 | N14: 공사팀, 공무•설계팀 | O14: 접근성, 인허가 가능여부, 토지개발비 및 원상복구 조건, 임대비 등의 종합적 검토 필요 | P14: 임차 가능 예상부지 산출 | T14: =VLOOKUP(A14,'GTXA사업단 R&R'!$A$6:$AO$1274,41,) -> 해당없음
A15: 5 | B15: 진해신항남방파호안1-2공구 현장 | C15: 김창진 | D15: 관리 | E15: 관리팀 | G15: 착공 전 | H15: 임차부지 확정 | K15: • 가설사무실 축조를 위한 부지의 확정 | L15: • 가설사무실 축조부지 조사결과에 따른 적정부지 선정 | M15: 관리 | N15: 공사팀, 공무•설계팀 | O15: 임차 부지선정 품의 | P15: 임차 부지 결정 | T15: =VLOOKUP(A15,'GTXA사업단 R&R'!$A$6:$AO$1274,41,) -> 해당없음
A16: 6 | B16: 진해신항남방파호안1-2공구 현장 | C16: 김창진 | D16: 관리 | E16: 관리팀 | G16: 착공 전 | H16: 임대인과 임차계약서 작성 | K16: • 가설사무실 축조를 위한 부지의 임차계약 진행 | L16: • 가설사무실 축조부지 임차계약 품의 실시 (현장전결) - 면적, 현장접근성, 보증금, 임대료 등 고려 • 등기부등본 상에 금융기관의 근저당권과 지상권이 설정되어 있는 토지를 임차한 경우 해당 금융기관의 토지사용 동의서 필요 | M16: 관리 | N16: 법무지원팀 | O16: 전체 현황 법무 DLS 검토요청 (임차료 지급 시기 및 기간포함) | P16: 현장사무실 부지 임차계약 | T16: =VLOOKUP(A16,'GTXA사업단 R&R'!$A$6:$AO$1274,41,) -> 해당없음
A17: 7 | B17: 진해신항남방파호안1-2공구 현장 | C17: 김창진 | D17: 관리 | E17: 관리팀 | G17: 착공 전 | H17: 임차료 지급 | K17: • 가설사무실 부지 임차계약 이후 임차료 지급 | L17: • 가설건축물 축조신고 - 가설건축물 축조신고 및 축조신고필증 得 - 가설건축물 축조신고 조건 사항 이행 (배수설비 설치조건 등) | M17: 관리 | N17: 자금팀 | O17: 자금신청 | P17: 자금집행 | T17: =VLOOKUP(A17,'GTXA사업단 R&R'!$A$6:$AO$1274,41,) -> 해당없음
G18: 착공 전 | H18: 가설사무실 축조 집행승인
A19: 8 | B19: 진해신항남방파호안1-2공구 현장 | C19: 김창진 | D19: 공무 | E19: 공무설계팀 | G19: 착공 전 | H19: 예산대비내역서 작성 | K19: • 가설사무실 축조 발주 시 사용 가능한 실행 예산 확인 | L19: • 본실행 편성이전 가설사무실 축조시 단가승인 필요 - 비교견적, 산출근거, 타현장비교를 통한 단가 적정성 검토 - 가설사무실 축조면적 검토 (타현장대비, 기준인원 산출) - 숙소 등 발주자(감리 포함) 이용시설 검토 : 도급 반영 여부 | M19: 공무 | N19: 토목견적팀 | O19: 가설사무실 축조 단가승인 자료 | P19: 가설사무실 축조 단가승인 품의서 | T19: =VLOOKUP(A19,'GTXA사업단 R&R'!$A$6:$AO$1274,41,) -> 해당없음
A20: 9 | B20: 진해신항남방파호안1-2공구 현장 | C20: 김창진 | D20: 공무 | E20: 공무설계팀 | G20: 착공 전 | H20: 가설사무실 축조 집행승인 | K20: • 가설사무실 축조를 위한 집행승인 | L20: • 실행 이내 가설사무실 축조를 위한 집행승인 - 예산금액 및 기준면적 이내 집행 확인 | M20: 공무 | N20: 토목수행팀 | O20: 가설사무실 축조 집행승인 자료 | P20: 가설사무실 축조 집행승인 품의서 | T20: =VLOOKUP(A20,'GTXA사업단 R&R'!$A$6:$AO$1274,41,) -> 해당없음
A21: 10 | B21: 진해신항남방파호안1-2공구 현장 | C21: 김창진 | D21: 공무 | E21: 공무설계팀 | G21: 착공 전 | H21: 업체선정의뢰 | K21: • 가설사무실 축조 업체선정을 위한 입찰 Pool 구성 | L21: • 업체선정의뢰검토서 등 작성 - 단가승인 및 집행승인 바탕으로 예산대비내역서 등 첨부하여 작성 • 현장설명서 작성 - 현장설명서 표준양식 사용하여 현장설명서 작성 및 특수조건 확인 | M21: 공무 | N21: 토목수행팀, 외주관리팀 | O21: 예산대비내역서 계약내역서 현장설명서(특수조건) 업체선정의뢰검토서 | P21: 업체선정의뢰 품의서 | T21: =VLOOKUP(A21,'GTXA사업단 R&R'!$A$6:$AO$1274,41,) -> 해당없음
A22: 11 | B22: 진해신항남방파호안1-2공구 현장 | C22: 김창진 | D22: 공무 | E22: 공무설계팀 | G22: 착공 전 | H22: 입찰 | K22: • 입찰 Pool 중 최저가 업체 선정을 위한 입찰 | L22: • 현장설명회 및 입찰 실시 - 현장설명회 진행 시 참석대상자 참석가능여부 사전확인 - 인감증명서, 사용인감계, 위임장, 재직증명서 준비 요청 - 현장설명회 이후 현장설명서 간인을 통한 현장설명 증빙자료 확보 - 필요시 현장설명회 녹화실시 | M22: 공무 | N22: 외주관리팀 | O22: 현장설명회 자료 현장설명서 간인본 | P22: 현장설명회 참여업체 투찰금액 | T22: =VLOOKUP(A22,'GTXA사업단 R&R'!$A$6:$AO$1274,41,) -> 해당없음
A23: 12 | B23: 진해신항남방파호안1-2공구 현장 | C23: 김창진 | D23: 공무 | E23: 공무설계팀 | G23: 착공 전 | H23: 하도승인의뢰 | K23: • 낙찰된 업체의 하도급계약을 위한 승인의뢰 | L23: • 기술자료 해당유무 확인, 안전보건능력평가, 견적금액대비표 작성 - 기술자료 해당유무 확인 대외공문 발송 및 회신 수령 - 안전보건능력평가 자료 작성 요청 및 안전팀 PM에 사내공문 발송 • 이외 업체선정의뢰 시 사용했던 자료 준비하여 하도승인의뢰 상신 | M23: 공무 | N23: 토목수행팀, 토목안전팀, 외주관리팀 | O23: 기술자료 해당유무 확인 안전보건능력평가 견적금액대비표 | P23: 하도승인의뢰 품의서 | T23: =VLOOKUP(A23,'GTXA사업단 R&R'!$A$6:$AO$1274,41,) -> 해당없음
A24: 13 | B24: 진해신항남방파호안1-2공구 현장 | C24: 김창진 | D24: 공무 | E24: 공무설계팀 | G24: 착공 전 | H24: 계약 | K24: • 하도급 업체 계약 | L24: • 계약 이후 필요한 프로세스 확인 - 고용보험 하수급인 사업주 승인 신청 - 채권신탁계약서 날인본 등기송부 채근 - 도급 반영항목일 경우 관통보 및 KISCON 등재 | M24: 공무 | N24: 외주관리팀 | O24: - | P24: 하도급 계약서 | T24: =VLOOKUP(A24,'GTXA사업단 R&R'!$A$6:$AO$1274,41,) -> 해당없음
G25: 착공 전 | H25: 축조계획 수립
A26: 20 | B26: 진해신항남방파호안1-2공구 현장 | C26: 김창진 | D26: 공사 | E26: 공사팀 | G26: 착공 전 | H26: 도면 작성 및 검토 | K26: • 가설사무실 축조를 위한 도면 작성 및 검토 | L26: • 가설사무실 축조업체와의 도면 작성 및 배치 검토 - 탕비실, 회의실 등에 필요한 가벽 배치 - 책상 배치에 따른 전등/전열기구 배치 | M26: 공사 | O26: - | P26: 설계도면 | T26: =VLOOKUP(A26,'GTXA사업단 R&R'!$A$6:$AO$1274,41,) -> 해당없음
A27: 21 | B27: 진해신항남방파호안1-2공구 현장 | C27: 김창진 | D27: 공사 | E27: 공사팀 | G27: 착공 전 | H27: 경계 측량 | K27: • 가설사무실 부지경계 확정을 위한 측량 필요 | L27: • 한국국토정보공사를 통한 지적측량 실시 - 향후 분쟁발생시 당위성 확보 • 지적측량 실시 전 현장품의 실시 (공통공사비 중 가설사무실 축조 항목에 예산 편성 필요) | M27: 공사 | O27: 측량계획서 | P27: 측량성과표 | T27: =VLOOKUP(A27,'GTXA사업단 R&R'!$A$6:$AO$1274,41,) -> 해당없음
A28: 22 | B28: 진해신항남방파호안1-2공구 현장 | C28: 김창진 | D28: 공사 | E28: 공사팀 | G28: 착공 전 | H28: 공정계획 수립 | K28: • 가설사무실 착공 및 입주까지의 공정계획 수립 | L28: • 현장사무실 입주시기를 고려한 세부공정 계획 수립 • 가설사무실 축조지연 방지위한 세부공정 검토(소단위 작업, 자재반입)하여 공정계획 수립 | M28: 공사 | O28: 가설사무실 축조 계획 | P28: 가설사무실 축조 공정표 | T28: =VLOOKUP(A28,'GTXA사업단 R&R'!$A$6:$AO$1274,41,) -> 해당없음
A29: 23 | B29: 진해신항남방파호안1-2공구 현장 | C29: 김창진 | D29: 공사 | E29: 공사팀 | G29: 착공 전 | H29: 시공계획서 작성 | K29: • 가설사무실 축조를 위한 공사계획서 작성 | L29: • 가설사무실 축조 공사계획서 작성 및 안전공사발표회 실시 | M29: 공사 | O29: 설계도면, 측량성과표, 가설사무실 축조 공정표 | P29: 시공계획서 | T29: =VLOOKUP(A29,'GTXA사업단 R&R'!$A$6:$AO$1274,41,) -> 해당없음
A30: 24 | B30: 진해신항남방파호안1-2공구 현장 | C30: 김창진 | D30: 공사 | E30: 공사팀 | G30: 착공 전 | H30: 자재 신청 | K30: • 가설사무실 축조를 위해 시기별 필요한 자재 신청 | L30: • 지급자재에 대한 자재청구서 작성 및 내부결재 실시 - 품목, 설계량, 반입수량, 일자 등 확인 | M30: 공사 | N30: 관리팀 | O30: 가설사무실 축조 공정표 | P30: 자재신청서 | T30: =VLOOKUP(A30,'GTXA사업단 R&R'!$A$6:$AO$1274,41,) -> 해당없음
G31: 착공 전 | H31: 사무실 개설 (셋팅)
A32: 25 | B32: 진해신항남방파호안1-2공구 현장 | C32: 김창진 | D32: 공무 | E32: 공무설계팀 | G32: 착공 전 | H32: 업무분장 관리 | K32: • 업무간 공백을 최소화 하기 위한 팀/개인별 업무분장 | L32: • 업무 항목 상세화 및 팀별 업무분배 실시 - 팀별 업무분배로 업무분장이 불명확한 경우 개인별 업무분장 실시 • 향후 누락된 업무 항목에 대해서는 부서간 회의를 통한 업무분배 재실시 | M32: 공무 | N32: 품질팀, 안전팀, 관리팀, 공사팀 | O32: 표준업무분장표 | P32: 업무분장표 | T32: =VLOOKUP(A32,'GTXA사업단 R&R'!$A$6:$AO$1274,41,) -> 해당없음
A33: 26 | B33: 진해신항남방파호안1-2공구 현장 | C33: 김창진 | D33: 관리 | E33: 관리팀 | G33: 착공 전 | H33: 사무실 운영관련 용역업체 선정 (무인경비, 청소, 음식물처리 등) | K33: • 현장사무실 운영의 제반사항을 위한 업체 선정 | L33: • 현장 무인경비, 청소인원, 음식물처리업체 선정 품의 실시 - 비교견적 및 인원채용공고 등 필요업무 수행 | M33: 관리 | N33: 공무팀 | O33: 비교견적 실시 | P33: 업체선정 및 계약 체결 (품의 포함) | T33: =VLOOKUP(A33,'GTXA사업단 R&R'!$A$6:$AO$1274,41,) -> 해당없음
A34: 27 | B34: 진해신항남방파호안1-2공구 현장 | C34: 김창진 | D34: 관리 | E34: 관리팀 | G34: 착공 전 | H34: 지정주유소 검토 및 선정 | K34: • 현장 및 직원 차량 주유를 위한 지정주유소 선정 | L34: • 인근 주유소 금액 및 접근성 비교 및 선정 품의 - 비교견적 접수 및 민원사항 고려 | M34: 관리 | N34: 공사팀, 공무•설계팀 | O34: 임지, 단가, 공급수량 적기 가능여부 검토 | P34: 업체선정 | T34: =VLOOKUP(A34,'GTXA사업단 R&R'!$A$6:$AO$1274,41,) -> 해당없음
A35: 28 | B35: 진해신항남방파호안1-2공구 현장 | C35: 김창진 | D35: 공무 | E35: 공무설계팀 | G35: 착공 전 | H35: 현장내 제반 운영 규칙 정립 | K35: • 현장 운영을 위한 근무시간, 경상비 지급등 운영 규칙 정립 | L35: • 현장 기본항목에 대한 기준 수립 - 근무시간(근로계약 조건, 법적 준수사항 고려, 휴게시간 등) - 유류비, 귀향여비, 출장비, 회사차량관리, 지급품, 통신비, 현장숙소, 직원식당, 경조사, 연차 | M35: 관리 | O35: - | P35: 현장 운영 규칙 | T35: =VLOOKUP(A35,'GTXA사업단 R&R'!$A$6:$AO$1274,41,) -> 해당없음
G36: 착공 전 | H36: 사무실 임차 (축조 불가시)
A37: 29 | B37: 진해신항남방파호안1-2공구 현장 | C37: 김창진 | D37: 공무 | E37: 공무설계팀 | G37: 착공 전 | H37: 사무실 필요면적 검토 | K37: • 현장 기준인원에 따른 사무실 필요면적 검토 | L37: • 법정인원 배치기준 및 현장 운영계획에 따른 적정인원 반영하여 사무실 필요면적 검토 - 현장대리인, 안전관리자, 품질관리자 법정인원 확인 - 인력운영계획에 따른 현장 배치예정 인원 확인 | M37: 관리 | O37: 현장 인력운영 계획 | T37: =VLOOKUP(A37,'GTXA사업단 R&R'!$A$6:$AO$1274,41,) -> 해당없음
A38: 30 | B38: 진해신항남방파호안1-2공구 현장 | C38: 김창진 | D38: 관리 | E38: 관리팀 | G38: 착공 전 | H38: 임차사무실 조사 | K38: • 임차사무실 선정을 위한 조사 | L38: • 근저당권, 주차여유대수, 기존인테리어 유무, 소음 유무, 현장과의 접근성, 인허가 가능여부, 토지개발비 및 원상복구 조건, 임대비 등 종합적 검토 | M38: 관리 | N38: 공사팀, 공무•설계팀 | O38: 임차사무실 후보지 | P38: 임차사무실 결정 | T38: =VLOOKUP(A38,'GTXA사업단 R&R'!$A$6:$AO$1274,41,) -> 해당없음
A39: 31 | B39: 진해신항남방파호안1-2공구 현장 | C39: 김창진 | D39: 관리 | E39: 관리팀 | G39: 착공 전 | H39: 채권 확보 방안 수립 | K39: • 채권확보 방안 수립을 통한 임차보증금 확보 방안 • 임차보증금 회수방안 검토 • 공동도급안분금 회수방안 검토 | L39: • 임차보증금 회수 리스크 헷지를 위한 방안 모색 - 임대인의 지급보증서 발급 - 보증보험 가입 등 - 1순위 전세권 설정 불가시 100% 월세계약(보증금 최소화 요구) - 보증금 환수-1순위 전세권 설정한 경우와 1순위 전세권 설정 불가한 경우의 환수 절차 이행 | M39: 관리 | N39: 공무•설계팀, 법무지원팀 | O39: - | P39: 전세권 설정(보증보험 가입) 금전채권신탁, 채권양도계약 | T39: =VLOOKUP(A39,'GTXA사업단 R&R'!$A$6:$AO$1274,41,) -> 해당없음
A40: 32 | B40: 진해신항남방파호안1-2공구 현장 | C40: 김창진 | D40: 관리 | E40: 관리팀 | G40: 착공 전 | H40: 임차 계약 | K40: • 임차계약을 통한 사무실 임차 | L40: • 현장사무실 임대차계약 품의 실시 (현장전결) - 면적, 현장접근성, 보증금, 임대료 등 고려 | M40: 관리 | N40: 법무지원팀 | O40: 계약 조건에 대한 법무 DLS 검토 결과 | P40: 임대차계약 품의서 | T40: =VLOOKUP(A40,'GTXA사업단 R&R'!$A$6:$AO$1274,41,) -> 해당없음
A41: 33 | B41: 진해신항남방파호안1-2공구 현장 | C41: 김창진 | D41: 공무 | E41: 공무설계팀 | G41: 착공 전 | H41: 사무실 임차 집행승인(예산 내) | K41: • 집행승인을 통한 사무실 임차 | L41: • 본실행 편성이전 단가승인 필요 - 비교견적, 산출근거, 타현장비교를 통한 단가 적정성 검토 - 가설사무실 축조면적 검토 (타현장대비, 당현장 기준인원 산출) - 발주자(감리포함) 이용시설 검토 : 도급반영여부 확인 • 예산대비내역서, 집행금액 비교표, 실행/집행산출근거 등 첨부하여 현장전결 실시 | M41: 공무 | N41: 토목견적팀, 토목수행팀 | O41: - | P41: 현장사무실 임대 집행승인 품의서 | T41: =VLOOKUP(A41,'GTXA사업단 R&R'!$A$6:$AO$1274,41,) -> 해당없음
A42: 34 | B42: 진해신항남방파호안1-2공구 현장 | C42: 김창진 | D42: 공무 | E42: 공무설계팀 | G42: 착공 전 | H42: 사무실 임차 집행승인(예산 초과) | K42: • 집행승인을 통한 사무실 임차 (예산초과) | L42: • 본실행 편성이전 단가승인 필요 - 비교견적, 산출근거, 타현장비교를 통한 단가 적정성 검토 - 가설사무실 축조면적 검토 (타현장대비, 당현장 기준인원 산출) - 발주자(감리포함) 이용시설 검토 : 도급반영여부 확인 • 예산대비내역서, 집행금액 비교표, 실행/집행산출근거 등 첨부하여 수행팀 전결 실시 | M42: 공무 | N42: 토목견적팀, 토목수행팀 | O42: - | P42: 현장사무실 임대 집행승인 품의서 | T42: =VLOOKUP(A42,'GTXA사업단 R&R'!$A$6:$AO$1274,41,) -> 해당없음
G43: 착공 전 | H43: 현장준비팀 운영 (T/K)
G44: 착공 전 | H44: 선급공사비 예산편성
A45: 35 | B45: 진해신항남방파호안1-2공구 현장 | C45: 김창진 | D45: 공무 | E45: 공무설계팀 | G45: 착공 전 | H45: 설계사(계속공사) 계약금액 협의 | K45: • 설계사 계약체결을 위한 적정 금액 결정 | L45: • 계약금액 비교견적 및 계약조건 확인 | M45: 현장준비TF팀 | N45: 토목스마트 엔지니어링팀 | O45: 설계사 인력 투입 계획 자료 | P45: 업체선정위원회 승인 및 사내공문 | T45: =VLOOKUP(A45,'GTXA사업단 R&R'!$A$6:$AO$1274,41,) -> 해당없음
A46: 36 | B46: 진해신항남방파호안1-2공구 현장 | C46: 김창진 | D46: 공무 | E46: 공무설계팀 | G46: 착공 전 | H46: 지반조사, CG, 인쇄 등(경쟁입찰) 예산 책정 | K46: • 지반조사 CG, 인쇄 업체 예산 확정 | L46: • 지반조사 CG, 인쇄 수행업체 조사, 견적 및 계약조건 확인 • 견적금액 및 PJT 특성을 고려한 적정 예산 확정 | M46: 현장준비TF팀 | N46: 토목스마트 엔지니어링팀 | O46: 업체 단가 조사 및 비교자료 | P46: 지반조사,CG,인쇄 하도승인품의서 및 계약서 | T46: =VLOOKUP(A46,'GTXA사업단 R&R'!$A$6:$AO$1274,41,) -> 해당없음
A47: 37 | B47: 진해신항남방파호안1-2공구 현장 | C47: 김창진 | D47: 공무 | E47: 공무설계팀 | G47: 착공 전 | H47: 현장준비팀 운영 기간 및 예산 책정 | K47: • 실시설계 예산 중 현장준비팀 운영예산 책정 | L47: • 현장준비팀 운영예산 검토 - 투입인력 및 운영개월 고려한 사무용품/여비교통/제세공과/통신/복리후생/사무실운영비 등 | M47: 현장준비TF팀 | N47: 토목수행팀, 토목견적팀 | O47: 현장사무실 임대, 숙소 단가 및 집행승인 검토 자료 | P47: 현장사무실 임대, 숙소 단가 및 집행 승인품의서 | T47: =VLOOKUP(A47,'GTXA사업단 R&R'!$A$6:$AO$1274,41,) -> 해당없음
A48: 38 | B48: 진해신항남방파호안1-2공구 현장 | C48: 김창진 | D48: 공무 | E48: 공무설계팀 | G48: 착공 전 | H48: (우선시공분 有) 우선시공분 실행예산 책정 | K48: • 우선공사분 공사수행을 위한 실행예산 책정 | L48: • 본실행 편성이전 단가승인 필요 - 견적보고 및 비교견적, 산출근거를 통한 단가적정성 검토 | M48: 현장준비TF팀 | N48: 토목수행팀, 토목견적팀 | O48: 우선 시공 공종 검토 자료 | P48: 우선시공분 단가 및 집행승인 품의서 | T48: =VLOOKUP(A48,'GTXA사업단 R&R'!$A$6:$AO$1274,41,) -> 해당없음
A49: 39 | B49: 진해신항남방파호안1-2공구 현장 | C49: 김창진 | D49: 공무 | E49: 공무설계팀 | G49: 착공 전 | H49: 선급공사비 예산 품의 작성 | K49: • 실시설계비, 직접경비 및 현장준비팀 운영예산 사용을 위한 품의작성 | L49: • 설계비 산정기준별 검토 - 설계비 Guide Line, 엔지니어링 사업대가 기준, 투입인력 기준 산출 • 직접경비Ⅰ,Ⅱ, 설계관리비 및 설계손해보험 고려 • 현장준비팀에서 예산품의 작성 | M49: 현장준비TF팀 | N49: 토목스마트 엔지니어링팀 | P49: 선급공사비 예산 품의서 | T49: =VLOOKUP(A41,'GTXA사업단 R&R'!$A$6:$AO$1274,41,) -> 해당없음
A50: 40 | B50: 진해신항남방파호안1-2공구 현장 | C50: 김창진 | D50: 공무 | E50: 공무설계팀 | G50: 착공 전 | H50: 선급공사비 예산 본사 협의 및 승인 | K50: • 실시설계비, 직접경비 및 현장준비팀 운영예산 사용을 위한 품의승인 | L50: • 현장준비팀 선급공사비(실시설계) 예산품의 본사협의 및 승인 - [입안] 현장준비팀, T/F팀장, 집행PM, [검토] 집행파트장, 집행팀장, [결정] 담당임원 - [팀장협의] 견적팀장, 사업지원팀장, 기획팀장, 스마트엔지니어링팀장, 회계팀장 - [임원협의] 기획담당임원, 회계담당임원 | M50: 현장준비TF팀 | N50: 토목스마트 엔지니어링팀 | O50: 선급공사비 예산 품의서 | P50: 선급공사비 예산 품의서 (결재본) | T50: =VLOOKUP(A50,'GTXA사업단 R&R'!$A$6:$AO$1274,41,) -> 해당없음
G51: 착공 전 | H51: 선급공사비 예산 변경(초과)
A52: 41 | B52: 진해신항남방파호안1-2공구 현장 | C52: 김창진 | D52: 공무 | E52: 공무설계팀 | G52: 착공 전 | H52: 변경(초과) 사유 분석 | K52: • 선급공사비 예산 변경의 타당성 검증 | L52: • 예산 변경사유 분석 - 당초 예산수립 근거와 현재의 여건 차이 분석 - 현재의 여건에 따라 적정한 선급공사비 예정 재산정 | M52: 현장준비TF팀 | N52: 토목스마트 엔지니어링팀 | O52: 선급공사비 예산 품의서 | P52: 선급공사비 변경 사유서 | T52: =VLOOKUP(A52,'GTXA사업단 R&R'!$A$6:$AO$1274,41,) -> 해당없음
A53: 42 | B53: 진해신항남방파호안1-2공구 현장 | C53: 김창진 | D53: 공무 | E53: 공무설계팀 | G53: 착공 전 | H53: 선급공사비 예산 변경 품의 작성 | K53: • 실시설계비, 직접경비 및 현장준비팀 운영예산 변경을 위한 품의작성 | L53: • 설계비 산정기준별 검토 - 설계비 Guide Line, 엔지니어링 사업대가 기준, 투입인력 기준 산출 • 직접경비Ⅰ,Ⅱ, 설계관리비 및 설계손해보험 고려 • 현장준비팀에서 예산품의 작성 | M53: 현장준비TF팀 | N53: 토목스마트 엔지니어링팀 | P53: 선급공사비 예산 변경 품의서 | T53: =VLOOKUP(A53,'GTXA사업단 R&R'!$A$6:$AO$1274,41,) -> 해당없음
A54: 43 | B54: 진해신항남방파호안1-2공구 현장 | C54: 김창진 | D54: 공무 | E54: 공무설계팀 | G54: 착공 전 | H54: 선급공사비 예산 본사 협의 및 승인 | K54: • 실시설계비, 직접경비 및 현장준비팀 운영예산 변경을 위한 품의승인 | L54: • 현장준비팀 선급공사비(실시설계) 예산품의 본사협의 및 승인 - [입안] 현장준비팀, T/F팀장, 집행PM, [검토] 집행파트장, 집행팀장, [결정] 담당임원 - [팀장협의] 견적팀장, 사업지원팀장, 기획팀장, 스마트엔지니어링팀장, 회계팀장 - [임원협의] 기획담당임원, 회계담당임원 | M54: 현장준비TF팀 | N54: 토목수행팀, 토목스마트 엔지니어링팀 | O54: 선급공사비 예산 변경 품의서 | P54: 선급공사비 예산 변경 품의서 (결재본) | T54: =VLOOKUP(A54,'GTXA사업단 R&R'!$A$6:$AO$1274,41,) -> 해당없음
G55: 착공 전 | H55: 독과점 설계반영
A56: 44 | B56: 진해신항남방파호안1-2공구 현장 | C56: 김창진 | D56: 공무 | E56: 공무설계팀 | G56: 착공 전 | H56: 독과점 항목 유관부서 회의 시행 | K56: • 독과점의 반영 적정성 확인 | L56: • 독과점 공법에 대한 설계반영 적정성 검토 | M56: 현장준비TF팀 | N56: 외주관리팀, 토목수행팀, 토목스마트 엔지니어링팀 | O56: 독과점 관련 근거(특허증 등), 수행업체 정보 | P56: 회의록 | T56: =VLOOKUP(A56,'GTXA사업단 R&R'!$A$6:$AO$1274,41,) -> 해당없음
A57: 45 | B57: 진해신항남방파호안1-2공구 현장 | C57: 김창진 | D57: 공무 | E57: 공무설계팀 | G57: 착공 전 | H57: 독과점 반영 품의 작성 | K57: • 독과점의 설계반영 의사결정 | L57: • 설계 반영 예정 공법들의 적정 금액 검토 • 독과점 공법에 대한 설계 반영 품의 작성 및 상신 | M57: 현장준비TF팀 | N57: 외주관리팀, 토목수행팀 | O57: 독과점 관련 근거(특허증 등), 수행업체 정보 | P57: 독과점 품의서(안) | T57: =VLOOKUP(A41,'GTXA사업단 R&R'!$A$6:$AO$1274,41,) -> 해당없음
A58: 46 | B58: 진해신항남방파호안1-2공구 현장 | C58: 김창진 | D58: 공무 | E58: 공무설계팀 | G58: 착공 전 | H58: 독과점 반영 본사 협의 및 승인 | K58: • 실시설계비, 직접경비 및 현장준비팀 운영예산 변경을 위한 품의승인 | L58: • T/F팀 독과점 반영 본사협의 및 승인 - [입안] T/F팀, 스마트엔지니어링팀 [검토] 스마트엔지니어링팀장, [결정] 담당임원 - [팀장협의] 외주관리팀장, 건설자재관리팀장, 토목견적팀장 - [임원협의] 토목수행담당임원 | M58: 현장준비TF팀 | N58: 외주관리팀, 토목수행팀, 건설자재관리팀 | O58: 독과점 품의서(안) | P58: 독과점 품의서(결재본) | T58: =VLOOKUP(A58,'GTXA사업단 R&R'!$A$6:$AO$1274,41,) -> 해당없음
G59: 착공 전 | H59: 착공신고/각종인허가
G60: 착공 전 | H60: 착공신고서
A61: 47 | B61: 영동양수발전소 현장 | C61: 한상원 | D61: 설계 | E61: 공무설계팀 | G61: 착공 전 | H61: 현장대리인 등 기술자 신고서 작성 | K61: • 발주처에 현장 직원 배치 상황 및 업무에 대해 신고하고, 발주처 각 부서별 업무 분장에 따른 카운터 파트너를 알리려는 목적 | L61: • 착공계 내에 현장대리인 및 배치기술자(공사,안전,품질,보건 등)의 지정 신고서를 제출 | M61: 공무 | N61: 관리팀 | O61: 입찰시 배치기술자 지정신고서 | P61: 현장기술자 지정신고서(현장대리인계, 재직증명서, 경력증명서, 자격증 사본) | T61: =VLOOKUP(A41,'GTXA사업단 R&R'!$A$6:$AO$1274,41,) -> 해당없음
A62: 48 | B62: 영동양수발전소 현장 | C62: 한상원 | D62: 공사 | E62: 공사팀 | G62: 착공 전 | H62: 공정관리계획서 작성 | K62: • 사업 관련자 (발주처, 공사사, 설계사, 기자재 제작사 등)들이 공통된 방법으로계획대비 공정율을 산정하고 합리적인 대안을 도출하기 위한 공정관리계획서 작성 | L62: • 발주처와 협의를 통해 상위 레벨 공정표 제공 일정, 상세공정표 작성 및 개정 절차, 연단위 또는 반기단위 공정계획서 제출시기, 공정 분석보고서 작성 형태 등을 확정 • 계획서 형태로 작성하여 발주처에 승인 | M62: 공사 | N62: 공사팀 | O62: 시공계획서 | P62: 공정관리계획서 | T62: =VLOOKUP(A62,'GTXA사업단 R&R'!$A$6:$AO$1274,41,) -> 해당없음
A63: 49 | B63: 영동양수발전소 현장 | C63: 한상원 | D63: 공사 | E63: 공사팀 | G63: 착공 전 | H63: 안전관리계획서 작성 (용역지원) | K63: • 공사(• 건진법상 안전관리계획서의 CSI 승인 이후 공사 수행 가능하므로, 종합검토의견의 "적정" 판정을 받기 위함임) | L63: • 용역수행을 통해, 총괄 안전관리계획(건설공사의 개요/현장 특성분석/현장 운영계획/비상시 긴급조치계획), 공종별 세부 안전관리계획(가설공사/굴착 및 발파/콘크리트/강구조물/성토 및 절토, 해체, 건축설비, 타워크레인 사용공사)등의 안전관리계획 작성 및 국토안전관리원의 홈페이지에 등재 | M63: 공사 | N63: 안전팀 | O63: 공사개요, 시공계획서 | P63: 안전관리계획서 | Q63: 건설기술진흥법 제62조(건설공사의 안전관리) | T63: =VLOOKUP(A63,'GTXA사업단 R&R'!$A$6:$AO$1274,41,) -> 해당없음
A64: 50 | B64: 영동양수발전소 현장 | C64: 한상원 | D64: 공사 | E64: 공사팀 | G64: 착공 전 | H64: 안전관리계획서 작성 | K64: • 공사(• 건진법상 안전관리계획서의 CSI 승인 이후 공사 수행 가능하므로, 종합검토의견의 "적정" 판정을 받기 위함임) | L64: • 용역수행을 통해, 총괄 안전관리계획(건설공사의 개요/현장 특성분석/현장 운영계획/비상시 긴급조치계획), 공종별 세부 안전관리계획(가설공사/굴착 및 발파/콘크리트/강구조물/성토 및 절토, 해체, 건축설비, 타워크레인 사용공사)등의 안전관리계획 작성 및 국토안전관리원의 홈페이지에 등재 | M64: 공사 | N64: 안전팀 | O64: 공사개요, 시공계획서 | P64: 안전관리계획서 | T64: =VLOOKUP(A64,'GTXA사업단 R&R'!$A$6:$AO$1274,41,) -> 해당없음
A65: 47 | B65: 영동양수발전소 현장 | C65: 한상원 | D65: 품질 | E65: 품질팀 | G65: 착공 전 | H65: 품질시험계획서 작성 | K65: • 현장의 품질, 환경 안전 방침에 부합되도록 품질, 환경, 안전목표를 설정 및 실행하고 계획대비 실적을 주기적으로 평가함으로써 현장 품질, 환경 안전목표의 달성을 효과적으로 관리하는 절차를 정리하기 위함 ※ 관련법령 : ▶건설기술진흥법 제55조 (건설공사의 품질관리) 건설사업자와 주택건설등록업자는 대통령령으로 정하는 건설공사에 대하여는 그 종류에 따라 품질 및 공정 관리 등 건설공사의 품질관리계획 또는 시험 시설 및 인력의 확보 등 건설공사의 품질시험계획을 수립하고, 이를 발주자에게 제출하여 승인을 받아야 한다. 이 경우 발주청이 아닌 발주자는 미리 품질관리계획 또는 품질시험계획의 사본을 인ㆍ허가기관의 장에게 제출하여야 한다. 【품질시험계획수립대상】 1. 총공사비가 5억원 이상인 토목공사 2. 연면적이 660제곱미터 이상인 건축물의 건축공사 3. 총공사비가 2억원 이상인 전문공사 ▶[건설기술진흥법 시행령 제89조 품질관리계획등의 수립대상공사]/[건설공사품질관리업무지침 제4조 발주자의 역할, 제6조 공사자의 역할] | L65: • 품질관리계획서에 법적/발주처 요구사항이 반영될 수 있도록 사전 자료 검토 • 건설공사 품질관리 업무지침, 건설공사 품질시험기준 등을 반영하여 작성 • 현장 내부심사 및 경영검토, 지속적 개선 등의 결과로 품질관리계획 변경시 지속적으로 Update 관리 ※ 관련법령 : ▶건기법 시행령 제89조 2항 (품질관리계획 등의 수립대상 공사) ② 법 제55조제1항에 따른 품질시험계획(이하 “품질시험계획”이라 한다)을 수립하여야 하는 건설공사는 제1항에 따른 품질관리계획 수립 대상인 건설공사 외의 건설공사로서 다음 각 호의 어느 하나에 해당하는 건설공사로 한다. 이 경우 품질시험계획에 포함하여야 하는 내용은 별표 9와 같다. 【별표9-품질시험계획의 내용】 ☞ 항목구성: 4개항목 : 개요, 시험계획, 시험시설, 품질관리를 수행하는 건설기술인 배치계획 | M65: 공사 | N65: SEQ RM팀 | O65: 입찰안내서, 설계도면, 공사시방서,도급내역서, 수량산출서, 사내표준 | P65: 품질시험계획서 | Q65: 건설기술진흥법, 건설공사품질관리업무지침 | T65: =VLOOKUP(A65,'GTXA사업단 R&R'!$A$6:$AO$1274,41,) -> 해당없음
A66: 52 | D66: 품질 | G66: 착공 전 | H66: 품질관리계획서 작성 | I66: D-15 | J66: D-8 | K66: • 설계서, 시방서, 공정계획 등을 검토하여 품질관리가 필요한 구조물의 적정 품질 확보 및 법적 준수사항의 위반소지 제거 | L66: • 품질관리계획서 작성 기본정보 확인 (공사개요, 조직도, 품질관리자 배치 계획, 시험 항목 및 빈도, 품질관리 절차 및 방법, 발주자 승인 요건 등) • 품질관리 공종, 부위, 세부공정으로 분류하고 관리방안을 기록, 작성 후 승인 • 작업에 사용되는 장비에 대한 기준 및 승인 • 장비 및 근로자 자격인증 • 품질관리 대상 공종의 에상문제점 및 대책 수립 | M66: 품질 | N66: 공무•설계팀, 공사팀 | O66: - | P66: 품질관리계획서 | Q66: - | T66: =VLOOKUP(A66,'GTXA사업단 R&R'!$A$6:$AO$1274,41,) -> 해당없음
A67: 53 | D67: 품질 | G67: 착공 전 | H67: 중점품질관리계획서 작성 | I67: D-15 | J67: D-8 | K67: • 설계서, 시방서, 공정계획 등을 검토하여 품질관리가 소홀해지기 쉽거나 하자발생 빈도가 높으며 공사 후 보수•보강이 어려운 공종 또는 부위를 중점품질관리 대상으로 선정하여 집중 관리함으로써 부실요인을 사전에 제거하여 목적물의 고품질 확보와 안전공사가 될 수 있도록 함 | L67: • 품질관리가 소홀해지기 쉽거나 하자 발생빈도가 높으며, 공사 후 시정이 어렵고 많은 노력과 경비가 소요되는 공종을 중점 품질관리대상으로 선정 • 중점 품질관리 대상 구조물 및 세부공종 선정 • 중점품질관리 공종, 부위, 세부공정으로 분류하고 관리방안을 기록하여 작성후 승인 • 작업에 사용되는 장비에 대한 기준 및 승인 • 장비 및 근로자 자격인증 • 중점 품질관리 대상 공종의 에상문제점 및 대책 수립 | M67: 품질 | N67: 공무•설계팀, 공사팀 | O67: - | P67: 중점 품질관리대상 월별 점검표 자격자 인증목록 및 기록관리 작업장비 자격인증목록 기록관리 | Q67: - | T67: =VLOOKUP(A67,'GTXA사업단 R&R'!$A$6:$AO$1274,41,) -> 해당없음
G68: 착공 전 | H68: 유해위험방지계획서
A69: 55 | B69: 영동양수발전소 현장 | C69: 한상원 | D69: 안전 | E69: 안전팀 | G69: 착공 전 | H69: 유해위험방지계획서 작성 (용역지원) | K69: • 발주처가 건설공사 근로자의 산업재해 예방을 위하여 실시하여야 하는 건설공사의 계획, 설계 및 공사 단계별 조치에 관하여 필요한 사항을 정함을 목적으로 감독을 하는 제도 | L69: • 용역수행을 통해 공사안전보건대장 작성시 발주자로 부터 건설공사를 최초로 도급받은 수급인에게 설계안전보건 대장 반영하여 안전한 작업을 위한 공사안전보건 대장을 작성해서 발주처 승인을 받아야 한다. - 공사안전보건대장 이행 실태 점검: 3개월 마다 발주처 확인 점검 | M69: 공사 | N69: 공사팀 | O69: 안전성 검토, 및 구조검토 | P69: 유해위험방지계획서 | Q69: 산안법 제42조, 제43조 • 유해위험방지계획서 관리지침 | T69: =VLOOKUP(A69,'GTXA사업단 R&R'!$A$6:$AO$1274,41,) -> 해당없음
A70: 56 | B70: 영동양수발전소 현장 | C70: 한상원 | D70: 안전 | E70: 안전팀 | G70: 착공 전 | H70: 유해위험방지계획서 작성 검토 (용역수행) | K70: • 발주처가 건설공사 근로자의 산업재해 예방을 위하여 실시하여야 하는 건설공사의 계획, 설계 및 공사 단계별 조치에 관하여 필요한 사항을 정함을 목적으로 감독을 하는 제도 | L70: • 용역수행을 통해 공사안전보건대장 작성시 발주자로 부터 건설공사를 최초로 도급받은 수급인에게 설계안전보건 대장 반영하여 안전한 작업을 위한 공사안전보건 대장을 작성해서 발주처 승인을 받아야 한다. - 공사안전보건대장 이행 실태 점검: 3개월 마다 발주처 확인 점검 | M70: 공사 | N70: 공사팀 | O70: 안전성 검토, 및 구조검토 | P70: 유해위험방지계획서 | Q70: 산안법 제42조, 제43조 | T70: =VLOOKUP(A70,'GTXA사업단 R&R'!$A$6:$AO$1274,41,) -> 해당없음
G71: 착공 전 | H71: 공사안전보건대장
A72: 57 | B72: 영동양수발전소 현장 | C72: 한상원 | D72: 안전 | E72: 안전팀 | G72: 착공 전 | H72: 공사안전보건대장 작성 (용역지원) | K72: • 발주처가 건설공사 근로자의 산업재해 예방을 위하여 실시하여야 하는 건설공사의 계획, 설계 및 공사 단계별 조치에 관하여 필요한 사항을 정함을 목적으로 감독을 하는 제도 | L72: • 용역수행을 통해 공사안전보건대장 작성시 발주자로 부터 건설공사를 최초로 도급받은 수급인에게 설계안전보건 대장 반영하여 안전한 작업을 위한 공사안전보건 대장을 작성해서 발주처 승인을 받아야 한다. - 공사안전보건대장 이행 실태 점검: 3개월 마다 발주처 확인 점검 | M72: 공사 | N72: 공사팀 | O72: 설계 안전보건대장 | P72: 공사안전보건대장 | Q72: 산안법 제67조 | T72: =VLOOKUP(A72,'GTXA사업단 R&R'!$A$6:$AO$1274,41,) -> 해당없음
A73: 58 | B73: 영동양수발전소 현장 | C73: 한상원 | D73: 안전 | E73: 안전팀 | G73: 착공 전 | H73: 공사안전보건대장 작성 검토 (용역수행) | K73: • 발주처가 건설공사 근로자의 산업재해 예방을 위하여 실시하여야 하는 건설공사의 계획, 설계 및 공사 단계별 조치에 관하여 필요한 사항을 정함을 목적으로 감독을 하는 제도 | L73: • 용역수행을 통해 공사안전보건대장 작성시 발주자로 부터 건설공사를 최초로 도급받은 수급인에게 설계안전보건 대장 반영하여 안전한 작업을 위한 공사안전보건 대장을 작성해서 발주처 승인을 받아야 한다. - 공사안전보건대장 이행 실태 점검: 3개월 마다 발주처 확인 점검 | M73: 공사 | N73: 공사팀 | O73: 설계 안전보건대장 | P73: 공사안전보건대장 | Q73: 산안법 제67조 | T73: =VLOOKUP(A73,'GTXA사업단 R&R'!$A$6:$AO$1274,41,) -> 해당없음
A74: 59 | B74: 영동양수발전소 현장 | C74: 한상원 | D74: 안전 | E74: 안전팀 | G74: 착공 전 | H74: 안전보건총괄(관리)책임자 관련 | K74: • 사업장에서 실질적으로 총괄관리하는 자를 안전보건관리책임자로 선임하여야 하며,동법 제18조의 규정에 의하여 동일한 장소에서 사업의 일부를 도급에 의하여행할 때에는 안전보건관리책임자를 안전보건총괄책 임자로 지정하여야 함. 따라서,현장대리인 또는 현장소장중 안전보건관리 책임자로 선임된 자를 안전보건총괄책임자로 지정하여야 함 | L74: • 원도급: 안전보건총괄(관리)책임자로 지정할 현장소장 • 하도급: 안전보건책임자로 지정할 현장소장 - 안전보건총괄(관리)책임자 양식에 의거하여 선임계 작성함( 노동부 제출 아님) - 신규,경력 구분해서 안전공단 홈페이지 지체 및 온라인 교육이수 준수 | M74: 공사 | N74: 공사팀 | O74: 안전보건총괄책임자 선임계 양식, 재직증명서, 경력증명서, 신규, 경력 교육이수증 확인 | P74: 안전보건총괄(관리)책임자 선임계 | Q74: 산안법 제62조 ,제15조 | T74: =VLOOKUP(A74,'GTXA사업단 R&R'!$A$6:$AO$1274,41,) -> 해당없음
A75: 60 | B75: 영동양수발전소 현장 | C75: 한상원 | D75: 안전 | E75: 안전팀 | G75: 착공 전 | H75: 안전보건관리규정 작성 | K75: • 사업주는 사업장의 안전 및 보건을 유지하기 위하여 다음 각 호의 사항이 포함된 안전보건관리규정을 작성하여야 한다. | L75: • 현장 안전보건관리규정을 작성하거나 변경할 때에는 산업안전보건위원회의 심의ㆍ의결을 거쳐야 한다. 다만, 산업안전보건위원회가 설치되어 있지 아니한 사업장의 경우에는 근로자 대표의 동의를 받아야 한다. - 안전보건관리규정 작성 후 산업안전보건위원회 또는노사 협의체를 통해 의결 동의해야됨 | M75: 공사 | N75: 안전팀 | O75: 안전보건관규정 작성 내용 산안법 제25조 1-5번 사항 포함 | P75: 안전보건관리규정 | Q75: 산안법 제25조 | T75: =VLOOKUP(A75,'GTXA사업단 R&R'!$A$6:$AO$1274,41,) -> 해당없음
A76: 61 | B76: 영동양수발전소 현장 | C76: 한상원 | D76: 안전 | E76: 안전팀 | G76: 착공 전 | H76: 연간보건사업계획서 작성 | K76: • 근로기준법에 의거하여 PART를 세분화 하여 작업을 실시하는데 필요한 직원의 건강유지와 안전사고 예방을 위해 안전관리 활동을 계획하고 안전한 근무환경을 제공하기 위함 | L76: • 연간 보건사업계획서 작성에 따른 근골격계 유해요인 조사등 건강증진프로그램 금연, 운동, 영양, 절주 등(분기별) 관리 | M76: 공사 | N76: 보건팀 | O76: 자체 연간보건사업 계획서 | P76: 연간보건사업계획서 | T76: =VLOOKUP(A76,'GTXA사업단 R&R'!$A$6:$AO$1274,41,) -> 해당없음
A77: 62 | B77: 영동양수발전소 현장 | C77: 한상원 | D77: 안전 | E77: 안전팀 | G77: 착공 전 | H77: 안전보건경영매뉴얼 | K77: • 안전보건경영시스템의 현장안전보건관리로 사업장을 운영하기 위한 기초매뉴얼 내용으로 중처법 기준 안전보건관리체계 구측 사항 | L77: • 현장소장은 효율적인 안전보건경영시스템 구축을 위해 인적, 물적자원을 공급하고, 이해관계자의 요구사항과 내부시스템의 보완을 위해 지속적으로 모니터링하고 개선 - 본사 안전보건경영시스템 자체 점검표, 분기별 현장 실적 자료 제출 | M77: 공사 | N77: 안전팀 | O77: 안전보건경영시스템(ISO 45001) | P77: 안전보건경영매뉴얼 | T77: =VLOOKUP(A77,'GTXA사업단 R&R'!$A$6:$AO$1274,41,) -> 해당없음
G78: 착공 전 | H78: 비산먼지발생신고
A79: 63 | B79: 영동양수발전소 현장 | C79: 한상원 | D79: 관리 | E79: 관리팀 | G79: 착공 전 | H79: 비산먼지발생신고서 작성 | K79: • 착공전 관련규정을 준수하여 법적 리스크흘 해소하고자 함 | L79: • 대기환경보전법 시행규칙 별지 제24호 서식에 맞춰 작성 • 공사중 비산먼지 저감계획를 포함하여 작성 • 비산먼지 발생사업 변경신고 절차를 유관 행정기관에 확인하여 진행 | M79: 관리 | N79: 공무•설계팀 | O79: 공사개요, 공정표, 시공계획 | P79: 비산먼지 발생사업 등 신고서 | T79: =VLOOKUP(A79,'GTXA사업단 R&R'!$A$6:$AO$1274,41,) -> 해당없음
A80: 64 | B80: 영동양수발전소 현장 | C80: 한상원 | D80: 관리 | E80: 관리팀 | G80: 착공 전 | H80: 관련기관 협의 | K80: • 허가권자와의 조속한 협의를 통해 원활한 공사가 되고자 함 | L80: • 해당지자체에 신고하고 협의하여 승인을 득함 | M80: 관리 | N80: 공무•설계팀 | O80: 비산먼지사전신고 대상 | P80: 비산먼지 발생사업 등 신고서 | T80: =VLOOKUP(A80,'GTXA사업단 R&R'!$A$6:$AO$1274,41,) -> 해당없음
G81: 착공 전 | H81: 특정공사사전신고
A82: 65 | B82: 영동양수발전소 현장 | C82: 한상원 | D82: 관리 | E82: 관리팀 | G82: 착공 전 | H82: 특정공사사전신고서 작성 | K82: • 착공전 관련규정을 준수하여 법적 리스크흘 해소하고자 함 | L82: • 소음,진동관리법 시행규칙 별지 제10호 서식에 맞춰 작성 • 공사중 소음,진동 저감시설 설치계획을 포함하여 작성 | M82: 관리 | N82: 공무•설계팀 | O82: 공사개요, 공정표, 장비투입계획 | P82: 특정공사 사전신고서 | T82: =VLOOKUP(A82,'GTXA사업단 R&R'!$A$6:$AO$1274,41,) -> 해당없음
A83: 66 | B83: 영동양수발전소 현장 | C83: 한상원 | D83: 관리 | E83: 관리팀 | G83: 착공 전 | H83: 관련기관 협의 | K83: • 허가권자와의 조속한 협의를 통해 원활한 공사가 되고자 함 | L83: • 해당지자체(환경과)에 신고하고 협의하여 승인을 득함 | M83: 관리 | N83: 공무•설계팀 | O83: 특정공사사전신고 대상 | P83: 특정공사사전 신고서 | T83: =VLOOKUP(A83,'GTXA사업단 R&R'!$A$6:$AO$1274,41,) -> 해당없음
G84: 착공 전 | H84: 위험물 취급허가
A85: 67 | B85: 영동양수발전소 현장 | C85: 한상원 | D85: 공사 | E85: 공사팀 | G85: 착공 전 | H85: 위험물 취급허가서 작성 | K85: • 암반굴착용 화약류 사용을 위한 관련법에 의한 소정의 인허가 취득 | L85: • 화약류 관리보안책임자 선임/ 화약류 취급소 설치 후 화약사용.양수 허가신청 | M85: 관리 | N85: 공무•설계팀 | O85: 공사개요, 공정표, 도급계약서, 시공계획 | P85: 위험물 취급허가서 | T85: =VLOOKUP(A85,'GTXA사업단 R&R'!$A$6:$AO$1274,41,) -> 해당없음
A86: 68 | B86: 영동양수발전소 현장 | C86: 한상원 | D86: 공사 | E86: 공사팀 | G86: 착공 전 | H86: 관련기관 협의 | K86: • 관할경찰서 민원실 및 생활질서계 인허가 취득 | L86: • 관할경찰서 접수 → 확인 → (보안) → 조회 → 보고 → 결재 | M86: 관리 | N86: 공무•설계팀 | O86: - | P86: 협의결과(회의록), 위험물 취급허가 공문 | T86: =VLOOKUP(A86,'GTXA사업단 R&R'!$A$6:$AO$1274,41,) -> 해당없음
G87: 착공 전 | H87: 도로 굴착신고
A88: 69 | B88: 영동양수발전소 현장 | C88: 한상원 | D88: 공사 | E88: 공사팀 | G88: 착공 전 | H88: 도로 굴착 신청서 작성 | K88: • 지하매설물(도시/고압가스, 상하수, 전력, 통신)의 파손방지 및 사고예방 | L88: • 굴착공사정보센타 매설물확인 → 허가관청 굴착허가 → 착공계제출 | M88: 관리 | N88: 공무•설계팀 | O88: 공사개요, 공정표, 도급계약서, 시공계획 | P88: 도로굴착 신고서 | T88: =VLOOKUP(A88,'GTXA사업단 R&R'!$A$6:$AO$1274,41,) -> 해당없음
A89: 70 | B89: 영동양수발전소 현장 | C89: 한상원 | D89: 공사 | E89: 공사팀 | G89: 착공 전 | H89: 관련기관 협의 | K89: • 굴착공사전 매설물확인 후 해당 주체별 사전협의를 통한 공기지연 방지 | L89: • 한국가스안전공사, 지자체 상하수과, 한국전력공사, 통신사(KT 등) 등 매설물 주체에 따라 허가신청 | M89: 관리 | N89: 공무•설계팀 | O89: - | P89: 협의결과(회의록), 도로굴착 승인 공문 | T89: =VLOOKUP(A89,'GTXA사업단 R&R'!$A$6:$AO$1274,41,) -> 해당없음
G90: 착공 전 | H90: 묘지개장 허가 신고
A91: 71 | B91: 영동양수발전소 현장 | C91: 한상원 | D91: 관리 | E91: 관리팀 | G91: 착공 전 | H91: 묘지개장 허가 신청서 작성 | K91: • 묘지개장 허가를 위한 신청 | L91: • 관할 행정기관에 「장사 등에 관한 법률」에 따른 묘지개방 신고서 작성 및 제출 - 공고허가 → 분묘소재 관할시 개장신고 → 분묘소재 면사무소 | M91: 관리 | N91: 공무•설계팀 | O91: 공사개요, 공정표, 도급계약서, 시공계획 | P91: 묘지개장 허가 신청서 | T91: =VLOOKUP(A91,'GTXA사업단 R&R'!$A$6:$AO$1274,41,) -> 해당없음
A92: 72 | B92: 영동양수발전소 현장 | C92: 한상원 | D92: 관리 | E92: 관리팀 | G92: 착공 전 | H92: 관련기관 협의 및 승인 | K92: • 묘지개장 허가 및 법적 절차 미준수로 인한 문제 발생 방지 | L92: • 관할 행정기관에 묘지개장 관련 협의 진행 - 향후 발생 가능한 문제점에 대한 사전 파악 및 법적 문제 방지를 위한 절차 진행 기존 분묘의 정보(사전, 위치, 고인정보, 개장사유 등) 수집 및 법적 절차 근거 확인 | M92: 관리 | N92: 공무•설계팀 | O92: - | P92: 협의결과(회의록), 묘지개발 허가 공문 | T92: =VLOOKUP(A92,'GTXA사업단 R&R'!$A$6:$AO$1274,41,) -> 해당없음
G93: 착공 전 | H93: 환경영향평가 협의내용 관리책임자 지정통보
A94: 73 | B94: 영동양수발전소 현장 | C94: 한상원 | D94: 관리 | E94: 관리팀 | G94: 착공 전 | H94: 지정통보서 작성 | K94: • 업무 관리자 지정 | L94: • 현장기술자 지정신고서 기준에 적법한 인원의 선임 - 관할 행정자치단체 유관부서(환경보호과 등) 통보(관련 행정절차 확인 필요) | M94: 관리 | N94: 공무•설계팀 | O94: 현장기술자 지정신고서 | P94: 환경관리자 선임 | T94: =VLOOKUP(A94,'GTXA사업단 R&R'!$A$6:$AO$1274,41,) -> 해당없음
A95: 74 | B95: 영동양수발전소 현장 | C95: 한상원 | D95: 관리 | E95: 관리팀 | G95: 착공 전 | H95: 관련기관 협의 및 승인 | K95: • 환경영향평가 내용의 준수 관리 | L95: • 현장내 수시 및 유관기관과의 점검을 통한 개정 및 관리 - 관할 행정자치단체 유관부서(환경보호과 등) 통보(관련 행정절차 확인 필요) | M95: 관리 | N95: 공무•설계팀 | O95: 환경영향평가서 | P95: 점검후 관련공문 | T95: =VLOOKUP(A95,'GTXA사업단 R&R'!$A$6:$AO$1274,41,) -> 해당없음
G96: 착공 전 | H96: 공정 관리
G97: 착공 전 | H97: 공정계획 수립
A98: 75 | B98: 화순-송광도로개량 현장 | C98: 한수길 | D98: 공정 | E98: 공사팀 | G98: 착공 전 | H98: 공종별 WBS, Activity 작성 | K98: • 작업분류체계 작성 | L98: • 공종별 작업분류체계(WBS, Work Breakdown Structure) 작성 • WBS별 Activity 작성 | M98: 공사 | N98: 토목수행팀 | O98: 설계서 | P98: WBS | T98: =VLOOKUP(A98,'GTXA사업단 R&R'!$A$6:$AO$1274,41,) -> 해당없음
A99: 76 | B99: 화순-송광도로개량 현장 | C99: 한수길 | D99: 공정 | E99: 공사팀 | G99: 착공 전 | H99: 공종별 Q값 및 Duration 검토 | K99: • 각 Activity별 적정 공기 산정 | L99: • 각 Activity별 Q값 조사 및 수량 확인 • Q값 및 수량으로부터 적정공기 산정 | M99: 공사 | N99: 토목수행팀 | O99: 설계서, 품(경험치 또는 품셈 등) | P99: Activity별 소요공기 | T99: =VLOOKUP(A99,'GTXA사업단 R&R'!$A$6:$AO$1274,41,) -> 해당없음
A100: 77 | B100: 화순-송광도로개량 현장 | C100: 한수길 | D100: 공정 | E100: 공사팀 | G100: 착공 전 | H100: 작업순서 계획 | K100: • 공정표 도출 | L100: • 각 Activity별 선후행 관계 확인 및 작업순서 도출 • 전체 공기 및 Activity별 적정공기를 기반한 필요한 장비대수 파악 • 공정표 작성 및 CP 도출 | M100: 공사 | N100: 토목수행팀 | O100: WBS, Q값 | P100: 공정표 및 CP | T100: =VLOOKUP(A100,'GTXA사업단 R&R'!$A$6:$AO$1274,41,) -> 해당없음
G101: 착공 전 | H101: 공정계획 셋팅
...

Sheet 수행_Process Map
B1: ■ 수행매뉴얼 Process Map
J3: ▼ | K3: 착공 전 | CP3: ▼ | CQ3: 착공 | IJ3: ▼ | IK3: 시공 | SN3: ▼ | SO3: 준공
RE4: 공사보험 청구
B5: 프로세스 | K5: 가설사무실 | Q5: 현장준비팀 운영 (T/K) | W5: 착공신고/각종인허가 | AC5: 공정 관리 | AI5: 안전 관리 | AO5: 품질 관리 | AU5: 공동도급 운영 | BA5: 본실행예산 | BG5: 현장인원 배치 | BM5: 외주 KOM/하도급 발주 | BS5: 도급 관리 | BY5: 현장차량 신청 | CE5: 자재 관리 | CK5: 원가 관리 | CQ5: 가설사무실 | CW5: 현장준비팀 운영 (T/K) | DC5: 착공신고/각종인허가 | DI5: 공정 관리 | DO5: 착공식 | DU5: 현황/확인 측량 | EA5: 현장여건 분석 | EG5: 안전 관리 | EM5: 품질 관리 | ES5: 현장주도 VE | EY5: 설계도서 검토서 제출 | FE5: 공사손해보험 가입 | FK5: 공동도급 운영회의 | FQ5: 본실행예산 | FW5: 외주 KOM/하도급 발주 | GC5: 도급 관리 | GI5: 현장차량 신청 | GO5: 자재 관리 | GU5: 노무 관리 | HA5: 환경 관리 | HG5: 원가 관리 | HM5: 공사시스템 셋팅 | HS5: 착공보고회 | HY5: 현장소장관련보고 | IE5: 리스크 기회관리부 | IK5: 도급관리 | IQ5: CF관리 | IW5: 발주처관리 | JC5: 대관업무 | JI5: 대내감사 | JO5: 대외점검 | JU5: 시공관리 | KA5: 품질관리 | KM5: 계측관리 | KS5: 문서관리 | KY5: 도면관리 | LE5: 정보 보호활동 | LK5: 자재관리 | LQ5: 회계/서무 관리 | LW5: 노무관리 | MC5: 환경관리 | MI5: 선급금 | MO5: 작업지시서 | MU5: 직영공사 | NA5: 공정관리 | NG5: 공동도급사 관리 | NM5: 안전관리 | NS5: 보건관리 | NY5: 민원처리/기술용역비 | OE5: 준공시예정원가 관리 | OK5: 경영계획 | OQ5: 설계변경 | OW5: 단가승인 | PC5: 변경실행예산 | PI5: 하도급 계약(최초) | PU5: 하도급 계약(변경) | QA5: 하도급 계약(정산) | QG5: 하도급 계약(타절) | QS5: 하도급 관리 | QY5: 집행관리 | RQ5: 소송/Claim | RW5: 중대재해 조치(최초) | SC5: 중대재해 조치(2차) | SI5: 현황/확인 측량 | SO5: 도급관리 | SU5: 원가관리 | TA5: 공정관리 | TG5: 대관업무 | TM5: 발주처 요구사항 | TS5: 시공평가보고서 | TY5: 품질관리 | UE5: 문서관리 | UK5: 회계/서무 관리 | UQ5: 노무관리 | UW5: 준공식 | VC5: 준공계획 보고 | VI5: 도급/하도급 정산 | VO5: 예비준공검사 서류준비 | VU5: 발주처 자료제출 | WA5: 국토안전관리원 자료제출 | WG5: 준공보고
K7: ▧시기 : 착공전 ▧결정 : 현장소장 ▧주관 : 공사/공무 ▧협의 : 수행팀, 견적팀 ▧목적 : 가설사무실 축조 혹은 사무실임대를 결정하여, 현장사무실 개설을 함. | Q7: ▧시기 : 실시설계 착수 전 ▧결정 : 담당임원 ▧주관 : 공무 ▧협의 : 수행팀 ▧목적 : 기본설계 이후 실시설계 및 우선공사분 진행을 위해 현장준비팀 운영이 필요함. | W7: ▧시기 : 공사 착수 전 ▧결정 : 현장소장 ▧주관 : 공무/관리 ▧협의 : 수행팀 ▧목적 : 공사도급계약서에 따른 착공신고서 제출 및 공사 착수를 위한 각종 인허가 승인 | AC7: ▧시기 : 현장착공 후 ▧결정 : 현장소장 ▧주관 : 공사(공정) ▧협의 : 토목수행팀 ▧목적 : 실공사 직전 공정계획 수립을 통한 공정표 도출 | AI7: ▧시기 : 현장착공 후 ▧결정 : 현장소장 ▧주관 : 안전 ▧협의 : 토목안전팀 ▧목적 : 산안비 집행계획 수립을 통한 안전보건관리 실행안 마련 | AO7: ▧시기 : 착공전 ▧결정 : 현장소장 ▧주관 : 품질 ▧협의 : 품질팀 ▧목적 : 현장 중점품질관리사항, 품질방침, 품질목표 수립 본부 품질활동/지침/시스템 초기세팅, 문서분류기준 수립, 자재수급계획 수립 | AU7: ▧시기 : 현장착공 후 ▧결정 : 현장소장 ▧주관 : 공무설계 ▧협의 : 토목수행팀 ▧목적 : 공동도급 운영협정서 체결 등 공동도급사간의 현장운영에 대한 합의사항 도출 | BA7: ▧시기 : 실착공 전 ▧결정 : 현장소장 ▧주관 : 공무설계 ▧협의 : 토목견적팀 ▧목적 : 현장집행을 위한 예산 편성 | BG7: ▧시기 : 현장착공 후 ▧결정 : 현장소장 ▧주관 : 공무설계 ▧협의 : 토목수행팀 ▧목적 : 현장운영에 필요한 적정, 적기의 투입인원 산정 및 선정 | BM7: ▧시기 : 실착공 전 ▧결정 : 현장소장 ▧주관 : 공무설계 ▧협의 : 토목수행팀 ▧목적 : 공정, 예산, 공종을 고려한 최적의 집행(안) 수립 | BS7: ▧시기 : 현장착공 후 ▧결정 : 현장소장 ▧주관 : 공무설계 ▧협의 : 토목수행팀 ▧목적 : 발주처와의 유기적인 업무가 가능한 도급관리 절차 확인 | BY7: ▧시기 : 현장착공 후 ▧결정 : 현장소장 ▧주관 : 공무설계 및 관리 ▧협의 : 토목수행팀 ▧목적 : 현장운영에 부합되는 적정 차량의 적기 투입 | CE7: ▧시기 : 실착공 전 ▧결정 : 현장소장 ▧주관 : 관리 ▧협의 : 건설자재관리팀 ▧목적 : 단가 조사를 통한 집행(안) 수립 및 원가율 검토 | CK7: ▧시기 : 현장착공 후 ▧결정 : 현장소장 ▧주관 : 공무설계 ▧협의 : 토목수행팀 ▧목적 : 원가관리를 통한 적정 이익 확보 | CQ7: ▧시기 : 공사계획서 , 인허가 승인 완료 이 후 ▧결정 : 현장소장 ▧주관 : 공사/공무 ▧협의 : 수행팀 ▧목적 : 현장 인원의 업무를 위한 가설사무실 축조(사무실 본동, 시험실, 안전교육장, 회의실, 상황실등) | CW7: ▧시기 : 공사 착공 전 ▧결정 : 현장소장 ▧주관 : 공무/공사 ▧협의 : 수행팀 ▧목적 : 공사 착수 전(Pre-work 진행 단계) 현장준비팀 투입으로 발굴된 PJT Risk, 유관기관의 Needs에 대한 정보단절 방지와 착공 전 업무의 수행 | DC7: ▧시기 : 착공 시 ▧결정 : 현장소장 ▧주관 : 공무/공사/관리 ▧협의 : 수행팀 ▧목적 : 공사 착공 신고 및 법적 배치인원 선임(현장대리인 등), 공사 착수에 필요한 인허가 승인 | DI7: ▧시기 : 착공 시 ▧결정 : 현장소장 ▧주관 : 공사 ▧협의 : 수행팀 ▧목적 : | DO7: ▧시기 : 착공직후(필요시) ▧결정 : 현장소장 ▧주관 : 공무 ▧협의 : 견적팀, 수행팀 ▧목적 : 사업시작을 공식화 하고 발주처 및 지역언론, 주민들과의 관계 강화 | DU7: ▧시기 : 착공계 직후 ▧결정 : 현장소장 ▧주관 : 공사/공무 ▧협의 : 견적팀, 수행팀 ▧목적 : 실공사 직전 공사(확인)측량 및 연도변조사를 실시하여 설계 일치여부를 확인하고, 공사구간을 확정함. | EA7: ▧시기 : 착공 직후 ▧결정 : 공사팀장/현장소장 ▧주관 : 공사 ▧협의 : 공무-설계팀, 관리팀 ▧목적 : 현장주변 여건 분석을 통해 사전 Risk요인 제거 | EG7: ▧시기 : 착공 단계 ▧결정 : 안전팀장/현장소장 ▧주관 : 안전 ▧협의 : 토목안전팀 ▧목적 : 안전보건 관계법령 및 사내 기준을 준수한 현장 안전보건체계를 초기 정립, 공사장 안전사고 방지 및 공사관계자의 안전인식 개선을 위한 교육 등 | EM7: ▧시기 : 착공 단계 ▧결정 : 품질팀장/현장소장 ▧주관 : 품질/공사 ▧협의 : SEQ RM팀/토목품질팀 ▧목적 : 건진법 시행령 제89조 제1항에 따라 품질관리계획서를 작성하여 현장 품질관리 업무 수행 및 활동 | ES7: ▧시기 : 실 착공 후 3개월 이내 ▧결정 : 현장소장 ▧주관 : 수행팀 ▧협의 : 발주처 및 감리단 ▧목적 : 현장원가 절감 item 발굴 | EY7: ▧시기 : 착공 단계 ▧결정 : 공무팀장/현장소장 ▧주관 : 공무 ▧협의 : 토목견적팀/토목수행팀/외주관리팀/토목스마트엔지니어링팀 ▧목적 : 내역서, 도면, 수량산출서 검토하여 현장 문제 item 확인 및 리스크 hedge | FE7: ▧시기 : 착공 단계 ▧결정 : 공무팀장/현장소장 ▧주관 : 공무 ▧협의 : 자금팀/수행팀 ▧목적 : 공사손해보험 가입 및 검토 | FK7: ▧시기 : 착공 단계 ▧결정 : 공무팀장/현장소장 ▧주관 : 공무 ▧협의 : 수행팀 ▧목적 : 현장 운영에 대한 공동도급사간의 의견 취합 및 합의사항 도출 및 운영방안 수립/해결안 제시 | FQ7: ▧시기 : 착공 단계 ▧결정 : 공무팀장/현장소장 ▧주관 : 공무 ▧협의 : 수행팀 ▧목적 : 현장 운영에 대한 공동도급사간의 의견 취합 및 합의사항 도출 및 운영방안 수립/해결안 제시 | FW7: ▧시기 : 하도급 발주전 ▧결정 : 현장소장 ▧주관 : 공무/공사/관리 ▧협의 : 외주관리팀/건설자재관리팀/견적팀/수행팀/GPSRM팀 ▧목적 : 현장운여을 위한 하도급 발주전략 적정성 검토 및 지급/지입자재 분류 | GC7: ▧시기 : 착공 단계 ▧결정 : 공무팀장/현장소장 ▧주관 : 공무 ▧협의 : 수행팀 ▧목적 : 발주처와의 유기적인 업무가 가능한 도급관리 절차 확인 | GI7: ▧시기 : 착공 단계 ▧결정 : 공무팀장/현장소장 ▧주관 : 공무 ▧협의 : 수행팀/행정운영지원팀 ▧목적 : 현장에 필요한 차량의 운영/집행에 대한 승인 및 소요차량 적기 신청 | GO7: ▧시기 : 착공 단계 ▧결정 : 관리팀장/현장소장 ▧주관 : 관리 ▧협의 : 건설자재관리팀/토목안전팀 ▧목적 : 현지 구입자재의 단가 조사를 통한 집행(안) 수립 및 원가율 검토 및 업체 선정을 통한 적기 물품 수급 | GU7: ▧시기 : 착공 단계 ▧결정 : 관리팀장/현장소장 ▧주관 : 관리 ▧협의 : 토목 기획팀/HR지원팀 ▧목적 : 현장 인력소요계획 검토 및 직원 근로계약 관리 | HA7: ▧시기 : 착공 단계 ▧결정 : 관리팀장/현장소장 ▧주관 : 관리 ▧협의 : SEQ RM팀 ▧목적 : 대외기관 및 발주처 점검 계획 수립 및 환경 사고 재발 방지 | HG7: ▧시기 : 착공 단계 ▧결정 : 관리팀장/현장소장 ▧주관 : 관리 ▧협의 : SEQ RM팀 ▧목적 : 대외기관 및 발주처 점검 계획 수립 및 환경 사고 재발 방지 | HM7: ▧시기 : 착공 단계 ▧결정 : 공무팀장/현장소장 ▧주관 : 공무 ▧협의 : 토목수행팀/토목견적팀/외주계약팀 ▧목적 : 현장의 발주, 기성, 원가, 손익관리를 위한 기본사항 입력 후 도급 실행관리와 적기 외주관리 | HS7: ▧시기 : 착공 단계 ▧결정 : 공무팀장/현장소장 ▧주관 : 공무 ▧협의 : 토목수행팀/토목견적팀/토목안전팀/토목품질팀/토목계약관리팀/GP,SRM팀/외주계약팀/SEQ RM팀/토목기획팀등 ▧목적 : 현장 운용 계획 검토 및 문제 발생 사전 예방 | HY7: ▧시기 : 착공 단계 ▧결정 : 공무팀장/현장소장 ▧주관 : 공무 ▧협의 : 토목수행팀 ▧목적 : 현장소장 교체시 인수인계서 작성으로 현장 업무공백 최소화 | IE7: ▧시기 : 착공 단계 ▧결정 : 품질팀장/현장소장 ▧주관 : 품질 ▧협의 : SEQ RM팀 ▧목적 : 현장 업무수행시 발생할 가능성이 있는 잠재적인 이슈 및 리스크를 파악하여 발생을 예방, 발생시 리스크에 따른 손실을 최소화 | IK7: ▧시기 : 공사단계 주기적 실시 ▧결정 : 현장소장 / 공무팀장 ▧주관 : 설계 / 공무 ▧협의 : 공사 ▧목적 : 총체(차수)계약 변경 및 설계변경 등 도급계약관리, 도급기성 관리 등을 통한 청구/수금 관리 | IQ7: ▧시기 : 매월 ▧결정 : 현장소장 / 공무팀장 ▧주관 : 공무 / 설계 ▧협의 : 토목수행팀 ▧목적 : 집행/수금계획 관리를 통한 보다 명확한 CF관리 및 자금수지 계획 수립 | IW7: ▧시기 : 매년, 발생시 ▧결정 : 현장소장 / 공무팀장 ▧주관 : 설계 ▧협의 : 공사 ▧목적 : 효율적인 대관업무 진행 및 당사 이미지제고를 위한 발주처 요청자료 제공, 현장 방문응대 실시 | JC7: ▧시기 : 발생시 ▧결정 : 현장소장 ▧주관 : 공무/공사/관리/안전 ▧협의 : 현장 ▧목적 : 현장의 공정추진을 위한 각종 인허가 및 신고 업무 수행 | JI7: ▧시기 : 발생시 ▧결정 : 현장소장 ▧주관 : 공무/공사/관리/안전 ▧협의 : 현장 ▧목적 : 사내 제규정 준수 여부 감사 및 업무 수행의 효율성 진단 | JO7: ▧시기 : 발생시 ▧결정 : 공사팀장/공무팀장/현장소장 ▧주관 : 설계/공사 ▧협의 : 토목품질팀/토목견적팀/토목수행팀/외주계약팀 ▧목적 : 대외감사 수검을 위한 자료 준비, 감사 수검 및 대응 | JU7: ▧시기 : 공사착공전, 공사시 ▧결정 : 공사팀장/품질팀장/안전팀장/현장소장 ▧주관 : 품질/공사/안전 ▧협의 : 토목스마트엔지니어링팀/토목안전팀 ▧목적 : 시공단계 전과 시공단계의 원활한 공사 관리와 전반적인 안전, 품질, 자재, 환경 등의 관리 | KA7: ▧시기 : 공사착공전, 공사시 ▧결정 : 발주처 ▧주관 : 품질 ▧목적 : 발주자 요구사항의 계약 및 충족을 위한 품질관리계획 수립, 품질시험계획에 따른 품질시험·검사의 적기, 적정빈도 실시여부 | KM7: ▧시기 : 연약지반 개량시점 ▧결정 : 공사팀장, 품질팀장 ▧주관 : 현장 공사/품질팀 ▧협의 : 공무설계팀/안전팀 ▧목적 : 연약지반 개량시점에 맞춰 계측기 설치위치, 방법, 계측결과 확인(보고서 참고) | KS7: ▧시기 : 발생시 ▧결정 : 현장소장 ▧주관 : 관리/공무 ▧협의 : 행정운영지원팀,SEQ RM팀 ▧목적 : 현장운영중 발생되는 문서의 작성, 배부및 접수체계의 효율성을 제고를 통한 진행중 열람의 용이성 확보 | KY7: ▧시기 : 도면 변경 사항 발생시 ▧결정 : 현장소장 ▧주관 : 공무설계/공사 ▧목적 : 최신 개정된 도면에 대한 각 팀, 협력업체 공유하여 도면 관리 잘못에 따른 재공사 및 보수작업을 방지 | LE7: ▧시기 : 발생시 ▧결정 : 현장소장 ▧주관 : 정보보호담당자/IT자산관리담당자 ▧협의 : IT기획팀 ▧목적 : 현장의 정보자산 및 IT자산의 적정 관리를 통한 회사자산의 보호 및 업무 효율성 제고 | LK7: ▧시기 : 발생시 ▧결정 : 현장소장 ▧주관 : 현장 ▧협의 : 관리팀/공무팀/공사팀 ▧목적 : 설계 및 시방에 요구되는 자재의 품질확보 및 소요 자재 적기반입 | LQ7: ▧시기 : 매월 마감시, 상시 ▧결정 : 관리팀장/현장소장 ▧주관 : 관리 ▧협의 : 회계팀/자금팀/행정운영지원팀/HR지원팀 ▧목적 : 현장 전반적인 회계와 서무관리를 통한 직원들의 업무 지원 | LW7: ▧시기 : 채용발생시, 산재 발생시 ▧결정 : 관리팀장/안전팀장/현장소장 ▧주관 : 관리/안전 ▧협의 : 토목기획팀/HR지원팀 ▧목적 : 현장직원 채용관리 및 산재발생시 요양관리&합의 도출 | MC7: ▧시기 : 점검 발생시 ▧결정 : 관리팀장/현장소장 ▧주관 : 관리 ▧협의 : SEQ RM팀 ▧목적 : 현장 환경관리를 통한 점검 대비 및 환경사고에 대한 RISK방지 | MI7: ▧시기 : 선급금 발생시 ▧결정 : 공무팀장/현장소장 ▧주관 : 공무 ▧협의 : 토목수행팀/외주관리팀 ▧목적 : 현장 CF관리 및 적기 선급금 수령 및 지급 | MO7: ▧시기 : 작업지시사항 발생시 ▧결정 : 공사팀장/공무팀장/현장소장 ▧주관 : 공사/공무 ▧협의 : 토목수행팀/토목견적팀 ▧목적 : 설계 외 작업에 대한 수량 검토 및 승인, 작업지시서 관련 문제 해결방안 수립 | MU7: ▧시기 : 직영공사 공종 발생시 ▧결정 : 공사팀장/품질팀장/관리팀장/공무팀장/현장소장 ▧주관 : 공사/공무 ▧협의 : 토목수행팀/토목계약관리팀 ▧목적 : 직영공사 수행시 추가 원가를 방지하고 원활한 공사 수행을 위한 사전 준비 및 직영공사 관리와 각종 계약 및 승인처리 | NA7: ▧시기 : 공사 전 및 공사 수행시 상시 ▧결정 : 공사팀장/현장소장 ▧주관 : 공사(공정) ▧협의 : 토목수행팀 ▧목적 : 현장 공사 착수 전 부터 준공까지 공정관리를 수시로 진행하여 원활한 공사 관리와 연간 예산을 차질없이 소화 | NG7: ▧시기 : 공사 전 및 공사 수행시 상시 ▧결정 : 공무팀장/관리팀장/현장소장 ▧주관 : 공무 ▧협의 : 토목수행팀/토목국내영업팀/회계팀 ▧목적 : 안분미수, 원가약정 협의, 신탁계약 및 법정관리를 통한 공동도급사 관리 | NM7: ▧시기 : 공사 실 착공시 ▧결정 : 안전보건총괄책임자(현장소장) ▧주관 : 현장소장, 안전 ▧협의 : 토목안전팀 ▧목적 : 공사 수행으로 발생되는 사고 예방을 목적으로 안전교육, 산업안전보건관리비 집행, 현장 위험요인 파악 및 개선 등 업무 추진 | NS7: ▧시기 : 공사 실 착공시 상시 ▧결정 : 안전팀장/안전보건총괄책임자(현장소장) ▧주관 : 현장소장, 안전팀 ▧협의 : 토목안전팀/안전보건팀 ▧목적 : 공사 수행으로 발생되는 보건관리일반업무, MSDS관리, 작업환경 측정 등 근로자의 건강과 보험에 대한 관리 | NY7: ▧시기 : 공사 실 착공시 상시 ▧결정 : 관리팀장/공무팀장/현장소장 ▧주관 : 공무 ▧협의 : 토목수행팀/언론홍보팀/토목견적팀/자금팀 ▧목적 : 발생되는 민원 및 언론취재에 대한 대응 및 기술용역비 집행/실적관리 | OE7: ▧시기 : 매월 마감시 ▧결정 : 현장소장 ▧주관 : 공무/공사/관리 ▧협의 : 수행팀/회계팀 ▧목적 : 현장의 대내외 여건 변경, 도급 설계변경 등 현안이슈 반영에 따른 준공시예정원가 변동 관리 | OK7: ▧시기 : 매년 9~10월 ▧결정 : 현장소장 ▧주관 : 공무/공사/관리 ▧협의 : 수행팀 ▧목적 : 현장의 년도별 사업수지 및 자금수지 목표 수립 | OQ7: ▧시기 : 발주처별 상이하나 반기 or 분기 ▧결정 : 공무팀장/현장소장 ▧주관 : 공무 ▧협의 : ▧목적 : 현장의 설계변경 사유발생시 설계변경과 승인을 위한 발주처와의 협의 진행 | OW7: ▧시기 : 실정보고 제출/승인 or 도급변경계약 완료시기 ▧결정 : 토목견적팀장 ▧주관 : 공무 ▧협의 : ▧목적 : 신규공사에 대한 적정 공사금액을 확정하고 증감내용 분석 및 하도급변경계약 반영 | PC7: ▧시기 : 토목견적팀 기준별 1회 ▧결정 : 토목사업본부장 ▧주관 : 공무, 토목견적팀 ▧협의 : 토목사업관리팀 ▧목적 : 본실행대비 변경사항 (신규공사, 수량증감)에 대해 실행예산 반영하고 기승인예산에 대한 단가조정(필요시) | PI7: ▧시기 : 공종별 발주시기별 수시 ▧결정 : 1) 경쟁입찰 : 토목수행팀장, 외주담당임원 2) 수의계약(10억초과) : 토목담당임원, 외주담당임원 ▧주관 : 공무, 토목수행팀 ▧협의 : 토목사업관리팀, 토목견적팀 ▧목적 : 공사수행을 위한 발주전략 선정 및 업체선정, 계약체결 | PU7: ▧시기 : 계약내용 변경 및 공사 진행 사항 변경시 ▧결정 : 공무팀장/현장소장 ▧주관 : 공무 ▧협의 : 토목수행팀/외주관리팀 ▧목적 : 하도급 업체별 변경계약 및 계약반영 | QA7: ▧시기 : 계약내용 변경 및 공사 진행 사항 변경시 정산 ▧결정 : 공사팀장/공무팀장/현장소장 ▧주관 : 공무/공사 ▧목적 : 하도급 업체별 변경계약 및 계약반영 정산 | QG7: ▧시기 : 타절 발생시 ▧결정 : 공무팀장/현장소장 ▧주관 : 공무 ▧목적 : 타절 발생시 최종 공사물량 정산에 따른 계약체결 | QS7: ▧시기 : 계약내용 변경 및 공사 진행 사항 변경시 정산 ▧결정 : 공사팀장/공무팀장/현장소장 ▧주관 : 공무/공사 ▧목적 : 하도급 업체별 변경계약 및 계약반영 정산 | QY7: ▧시기 : 컨티 및 여건 발생시, 긴급공사비 발생시 ▧결정 : 공사팀장/공무팀장/현장소장 ▧주관 : 공무 ▧목적 : 컨티 및 여건 발생시 하도급 집행승인 및 변경계약, 긴급공사 집행 품의 | RE7: ▧시기 : 공사중 피해물량 혹은 손해 발생시 ▧결정 : 공사팀장/공무팀장/현장소장 ▧주관 : 공무 ▧목적 : 발생할 수 있는 피해를 미리 예측하고, 그에 따른 물량을 사전에 검토하여 프로젝트 예산에 반영하거나 추가 대책 마련(보험금 수령 및 하도급 변경계약) | RQ7: ▧시기 : 소송 및 Claim 발생시 ▧결정 : 공무팀장/현장소장 ▧주관 : 공무 ▧목적 : 분쟁 사안에 대한 현장 계약조건 분석 및 승소 가능성 분석 및 협의, 소송/진행상황 모니터링 | RW7: ▧시기 : 발생시 ▧결정 : 현장소장 ▧주관 : 안전/공무 ▧협의 : 안전팀 ▧목적 : 중대재해 발생 시 긴급조치로 2차 재해를 방지하고, 사후 대응조직을 구성하여 신속하게 사건을 수습하고 작업을 재개하며, 향후 유사재해를 방지코자 함 | SC7: ▧시기 : 발생시 ▧결정 : 현장소장 ▧주관 : 현장 ▧협의 : 토목안전팀/안전보건팀 ▧목적 : 사고의 근본원인 조사 및 대책 수립. 과실 책임자 선정. 중대재해 수사기관 대응 및 법적 Risk 최소화를 통한 금전적 손실 최소화. | SI7: ▧시기 : 측량시 ▧결정 : 공무팀장/공사팀장/현장소장 ▧주관 : 공사 ▧협의 : 토목수행팀/토목견적팀/토목안전팀 ▧목적 : 현장 공사 수행에 필요한 공사 현황 및 확인 측량을 진행(계약~측량) | SO7: ▧시기 : 준공시 ▧결정 : 공사팀장/공무팀장/품질팀장/현장소장 ▧주관 : 공무 ▧협의 : 토목계약지원팀/GP,SRM팀/토목품질팀/토목계약관리팀/컴플라이언스RM팀/발주처/자금팀 ▧목적 : 최종 준공 도급내역서 청구 및 발주처 설계도서 제출 | SU7: ▧시기 : 준공시 ▧결정 : 관리팀장/공무팀장/현장소장 ▧주관 : 공무 ▧협의 : 토목수행팀/토목기획팀 ▧목적 : 준공금청구, 준공충담금 설정, 준공시예정원가 검토 | TA7: ▧시기 : 준공시 ▧결정 : 공사팀장/현장소장 ▧주관 : 공사 ▧협의 : - ▧목적 : 준공공정표 작성, 잔여공사 공정관리, 공정DATA관리를 통한 공사 중 지연 RISK hedge | TG7: ▧시기 : 준공시 ▧결정 : 공사팀장 ▧주관 : 공사 ▧협의 : - ▧목적 : 준공공정표 작성, 잔여공사 공정관리, 공정DATA관리를 통한 공사 중 지연 RISK hedge | TM7: ▧시기 : 준공시 ▧결정 : 공사팀장 ▧주관 : 공사 ▧협의 : - ▧목적 : 준공시 보완할 부분에 대한 Punch List정리 및 발주처 요구에 대한 계획수립 후 조치(협의 승인) | TS7: ▧시기 : 준공후 ▧결정 : 현장 전 부서/공무팀장/현장소장 ▧주관 : 현장소장 ▧협의 : 토목품질팀 ▧목적 : 현장 각 부서팀에서 관리 항목 작성 및 시공평가보고서 취합 후 발주처 제출 | TY7: ▧시기 : 준공시 ▧결정 : 현장소장 ▧주관 : 품질 ▧협의 : 품질팀 ▧목적 : 발주처 준공 승인에 필요한 품질활동(각종 시험성적서 정리, 준공전 하자 조치) | UE7: ▧시기 : 준공시 ▧결정 : 관리팀장 ▧주관 : 관리 ▧협의 : - ▧목적 : 준공시 현장 프로젝트 문서 등재 및 담당자 지정, 최종 문서 제출 확인 및 결재 상신 | UK7: ▧시기 : 준공시 ▧결정 : 관리팀장/품질팀장/공무팀장 ▧주관 : 관리, 공무 ▧협의 : - ▧목적 : 준공시 현철수계획 수립을 통한 각종 철수 및 정산업무수행 및 직원 인사발령의뢰 | UQ7: ▧시기 : 준공시 ▧결정 : 관리팀장/안전팀장/현장소장 ▧주관 : 관리/안전 ▧협의 : - ▧목적 : 상용직 및 일용직 퇴직금 정산, 산재환자 본사이관 업무 | UW7: ▧시기 : 준공시 ▧결정 : 관리팀장/공무팀장/현장소장 ▧주관 : 관리/공무 ▧협의 : 발주처 ▧목적 : 준공식 행사를 위해 필요한 사전준비, 성공적인 준공식 행사 수행 | VC7: ▧시기 : 준공시 ▧결정 : 공무팀장/현장소장 ▧주관 : 공무 ▧협의 : 토목수행팀/자금팀/토목품질팀/토목스마트엔지니어링팀/토목기획팀 ▧목적 : 계약준공일에 맞춰 적기준공에 필요한 사안들을 계획 및 검토, 본사 준공계획보고 및 직원 철수계획 수립 | VI7: ▧시기 : 준공시 ▧결정 : 공무팀장/현장소장 ▧주관 : 공무 ▧협의 : 토목수행팀/외주관리팀/토목수행팀/발주처/감리 ▧목적 : 원활한 준공을 위한 도급정산내역서 작성 및 하도급 정산 | VO7: ▧시기 : 준공시 ▧결정 : 현장 전체 팀/현장소장 ▧주관 : 전체 팀 ▧협의 : 토목품질팀 ▧목적 : 원활한 준공을 위한 예비준공 서류준비(각 팀) | VU7: ▧시기 : 준공시 ▧결정 : 공사팀장/공무팀장/현장소장 ▧주관 : 공사/공무 ▧협의 : 토목품질팀/토목수행팀 ▧목적 : 준공시 최종 발주처 제출 자료 취합 및 승인 | WA7: ▧시기 : 준공시 ▧결정 : 공사팀장/공무팀장/품질팀장/안전팀장/현장소장 ▧주관 : 공사/공무/품질/안전 ▧협의 : 토목품질팀 ▧목적 : 국토안전관리원 제출 자료 취합 및 최종 제출(준공보고서, 관리대장, 준공내역서, 시방서 등) | WG7: ▧시기 : 준공시 ▧결정 : 공무팀장/현장소장 ▧주관 : 공무 ▧협의 : 토목품질팀/토목스마트엔지니어링팀/토목견적팀/자재구매팀 ▧목적 : 준공정산요약보고, 감사보고서, 준공정산자료 최종 작성을 통한 원활한 적기 준공
B13: Input Data (시스템/데이터) | K13: 단가승인 근거 (전자결재/품의서) | Q13: 실시설계 예산 근거 (전자결재/품의서) | W13: 공사도급계약서 | AC13: 설계도서(도면, 시방서 등) | AO13: 설계도서(도면, 시방서 등) | BA13: 견적실행예산서 | BG13: 공정 추진 계획 | BM13: 설계도서(도면, 시방서 등) | BY13: 실행예산서/단가승인서 | CE13: 견적서 | CK13: 마감 자료 | CQ13: 시공계획서 작성 (개인 PC) | CW13: 단가및집행승인 검토자료 | DC13: 유해위험방지계획서 | DI13: 예정공정표 | DU13: 경계측량 의뢰서 (전자결재/품의서) | EA13: 관련기관 회의록 | EG13: 설계도서 (도면, 시방서 등) | ES13: 참여 전문가 List | EY13: 설계도서(도면, 시방서 등) | FE13: 보험가입 관련 내역 | FK13: 표준 공동도급 협약서 | FQ13: 현장 R/O | FW13: 설계도서(도면, 시방서 등) | GI13: 실행예산서/단가승인서 | GO13: 자재소요계획서 | GU13: 조직운영계획 | HA13: 환경관리계획서 | HG13: 현장관리내역서 | HM13: 프로젝트관리 현장정보 | HS13: 착공보고회 발표자료 | IK13: 실정보고 공문 | IQ13: 공사시스템 | JC13: 유관기관 List (인허가 승인 기관 등) | JI13: 감사 준비 자료 List (경영진단팀, 토목사업지원팀) | JO13: 각종 영향평가 관리대장 | JU13: 예정 공정표 | KA13: CPMS 문서 | KG13: 반입송장 | KM13: 예산대비내역서, 업체선정의뢰서, 입찰심의 관리 | KS13: 수발신공문 (코러스, e캐비넷) | KY13: 기록관리 (현장 서류) | LE13: 각종계약서, 사내규정, 지침서,매뉴얼,시스템문서 | LK13: 자재 신청서 | LQ13: 영수증, 계산서, 세금계산서 | MC13: 환경시설 List | MI13: 선급금 청구서 | MO13: 작업지시서 발급 적정성 검토서류 | MU13: 직영 시공 검토서 | NA13: 3 Weeks 작성 | NG13: 공동도급운영 협정서 | NM13: 산업안전보건관리비 사용계획서 | NS13: 안전보건관리 계획 | NY13: 민원조사보고서 | OE13: 매출원가 (공사시스템) | OK13: 향후 발생 원가 (재무전망) | OQ13: 설계도서(도면, 시방서 등) | OW13: 실행단가 산출근거 | PC13: 기승인 단가승인 (전자결재/품의서) | PI13: 공종별 예산대비내역서 | PO13: 수의계약 검토자료 (품의서/전자결재) | PU13: 설계변경(실정보고) 승인자료 | QA13: 공사 수행 실적 | QG13: 공사 수행 실적 | QM13: 간접비 집행 근거 | QS13: 공사 투입원가 | QY13: 현장 여건 | RE13: 피해물량 사전 검토 자료 | RK13: 공사손해보험 접수 | RQ13: 승소가능성 검토서 | SC13: 사고 관련 자료 | SI13: 용역 검토자료 | SO13: 정산, 간접비 집계표 | SU13: 합계잔액시산표 | TA13: 공사 실적 | TM13: 펀치리스트 | TS13: 위치별 업체 시공 현황 | UE13: 프로젝트문서 원본 | UK13: 현장 철수 계획 (철수인원, 시기) | UQ13: 근로계약서 | VC13: 설계변경 자료 | VI13: 설계변경 자료 | VO13: 예비준공검사 자료 | VU13: 시공상세도 및 발주처 제출자료 | WA13: 국토안전관리원 자료 | WG13: 준공보고서
K15: 집행승인 근거 (전자결재/품의서) | W15: 법정 인원 선임계 | CW15: 우선시공 검토자료 | DC15: 공사안전보건대장 | FE15: 보험약관(안) | HG15: 공동공사비 집행 자료 | HM15: 본실행예산내역서 | HS15: 준공시 예정원가검토서 | IK15: 계약변경 요청 공문 | IQ15: 경영계획 수립자료 | JO15: 점검 대상 현장 통보 공문 | KA15: 현장확인 | KM15: 지반조사 결과 보고서 | LE15: 연구노트,도면,영업실적, 경영보고서,인사관련서류 | LK15: 현지 구입 승인신청서 | MI15: 선금보증증권 | MU15: 직영 시공계획서 | NA15: 토목pmis 작업일보 | NG15: 공동도급 안분금 청구 공문 | NM15: 장비작업계획서 | NS15: 작업환경측정 계획표 | OE15: 향후 실정보고 예상 | OK15: 예정공정표(P6) | OW15: 전문업체 견적서 | PC15: 기집행 근거자료 (경상비/여건보고/집행승인) | PI15: 외주자재 KOM검토자료 | PO15: 업체선정의뢰 (공동사 추천공문) | PU15: 하도승인의뢰서 | QA15: 간접비 집행 근거 | QG15: 계약해지 예고 공문 | QM15: 노임/장비/자재 체불현황 | QS15: 자재 투입 현황 | RE15: 피해복구 내역서 | SI15: 현장설명서 | SO15: 설계변경 승인자료 | SU15: 집행실적 (외주,직영,경상비,자재 등) | VC15: 컨티전시/여건보고 자료 | VI15: 간접비 실적 증빙
K17: 업체선정의뢰 근거 (외주시스템) | DC17: 안전관계자선임보고서 | HG17: 간접공사비 집행 자료 | HS17: 최초 공정계획 (Baseline) | IK17: 물가변동 보고서 | IQ17: 재무전망 | KM17: 실시설계 도면 (필요시 원설계자 의견서) | LE17: 노트북,본체, 테블릿,서버,VPN | LK17: 철근가공장 선정품의 | NA17: 작업일보 | OE17: 컨틴젼시/여건보고 등 | OK17: 도급기성 청구/수금 | OW17: 현장여건 현황자료 | PC17: 현장여건 현황자료 | PI17: 발주설명회 KOM | PO17: 입찰참여 적격심사자료 (신용등급, 시평액, 기술자료 등) | VC17: 컨티전시/여건보고 자료
K19: 하도승인의뢰 근거 (외주시스템) | DC19: 최초위험성평가 | HG19: 직영분(지급자재 등) 집행 자료 | HS19: 민원별 관리방안 | IK19: 간접비 등 증빙서류 | IQ19: 안분청구공문 | KM19: 설계안정성 검토서(DFS) | PI19: 예가/도급대비내역서 (관통보) | PO19: 저가심의 검토자료(시공사) 하도급 자기심사표(발주처)
B21: Output Data (시스템/데이터) | K21: 단가승인 (전자결재/품의서) | Q21: 실시설계 예산 승인 (전자결재/품의서) | W21: 인허가 승인 공문 | AC21: 공정표 및 CP | AI21: 산업안전보건관리비 집행계획 | AO21: 중점 품질관리 사항 | AU21: 공동도급 운영회의록 | BA21: 본실행예산서 | BG21: 현장조직도 | BM21: 하도급 발주계획(서) | BS21: 도급관리 처리절차(서) | BY21: 현장차량 집행승인 결재서 | CE21: 단가 목록 및 단가별 견적대비표 | CK21: 경상비 투자분석 양식 | CQ21: 시공계획서, 인허가 승인 (건설사업관리단, 지자체) | CW21: 단가승인 (전자결재/품의서) | DC21: 발주처 승인 공문 | DI21: 예정공정표 | DO21: 집행승인 (전자결재/품의서) | DU21: 용역 집행승인 (전자결재/품의서) | EA21: 민원 대장 | EG21: 개인보호구 지급대장 | EM21: ITP, ITC (개인PC) | ES21: VE 성과보고서 | EY21: 설계도서 검토서 | FE21: 보험가입 계약서 | FK21: 공동도급 협약서(날인본) | FQ21: 본실행 예산 (준공시예정원가율) | FW21: 관리내역서 | GC21: 도급관리 처리절차(서) | GI21: 현장차량 입고 | GO21: 자재 보관/불출 관리대장 | GU21: 근로계약서 | HA21: 환경관리비 사용계획서 | HG21: 준공시예정원가 검토서 | HM21: 외주발주계획 (공사시스템) | HS21: 착공보고회 회의록 | HY21: 업무 인수인계서 | IE21: 리스크/기회 관리부 | IK21: 계약변경 요청자료 | IQ21: 자금관리 | IW21: 발주처 조직도 | JC21: 각종 인허가 승인 공문 | JI21: 감사 결과 보고서 | JO21: 감사 결과 보고서 | JU21: 3 week DPM | KA21: 품질관리계획서 | KG21: 품질시험계획서 | KM21: 계약서 | KS21: 발송대장,접수대장 (코러스,e캐비넷) | KY21: 도면 배부 및 기록대장 (현장 서류) | LE21: 반납확인서, 인수 확인서 | LK21: 자재소요계획서 (DQMS/검수요청서) | LQ21: eFMS재무회계 입력값 | LW21: 근로계약서 | MC21: 환경관리 check List | MI21: 기성수금현황 관리대장 | MO21: 작업지시서 | MU21: 노무/장비/자재 계약서 | NA21: P6 공정표(실적 update) | NG21: 안분미수 관리대장 | NM21: 안전보건에 관한 협의체 회의록 | NS21: 작업환경측정 결과표 | NY21: 민원 면담회의록 | OE21: 월마감 자료 (공사시스템/원가마감) | OK21: 사업 및 자금수지 (재무전망/투입계획) | OQ21: CCLS (Change Control Log Sheet) | OW21: 단가승인내역서 | PC21: 변경실행내역서 | PI21: 업체선정 의뢰서 (전자결재/품의서) | PO21: 수의업체 선정의뢰서 (전자결재/품의서) | PU21: (변경)하도급계약서 | QA21: (정산)하도급계약서 | QG21: (타절)하도급계약서 | QM21: (타절)예산대비내역서 | QS21: 동반성장 To-Do-List | QY21: 하도급 변경계약서 | RE21: 보험금 수령현황 | RQ21: 소송/진행상황 모니터링 | RW21: 사고 보고서 | SC21: 언론접촉일지 | SI21: 측량계획서 | SO21: 준공도서 | SU21: 공무/회계원가 대비표 | TA21: 주요공종 실적 DATA | TG21: 각종 시설 폐쇄신고 (폐기물, 환경, 정화조, 오수 등) | TM21: 발주처 요구사항 조치계획 | TS21: 시공평가보고서 | TY21: 협력업체 하자 펀치리스트 | UE21: 프로젝트문서 제출확인서 | UK21: 인사발령 | UQ21: 퇴직금 정산 | UW21: 준공식 | VC21: 준공계획보고서 | VI21: 최종도급계약서 | VO21: 예비 준공검사 승인 | VU21: 발주처 자료 검토 승인 | WA21: 발주처 인수 통보서 | WG21: 준공정산자료
K23: 집행승인 (전자결재/품의서) | AC23: 공정 Risk 분석 리포트 | AU23: 공동도급 운영협정서 | BG23: 인력운영계획서 | BM23: 자재 발주계획(서) | BY23: 현장차량 입고 | CE23: 안전용품 구입업체 선정 품의서 | CK23: 월별 마감 분석자료 양식 | CW23: 집행승인 (전자결재/품의서) | DO23: 착공식 행사계획 (개인PC) | DU23: 용역 업체선정의뢰서 (전자결재/구매시스템) | EA23: 문화재 발굴조사 보고서 | EM23: 현장평가, CSI등록 (DQMS, CSI) | EY23: 지반조사 보고 검토서 | FK23: 신탁 계약서 | FW23: 공종별 예산대비내역서 | GO23: 주요자재 관리대장 | HA23: 세륜기운행일지 | HS23: 현장 관리방안 Feedback | IK23: 변경 설계도서 | IQ23: 안분관리대장 | IW23: 실정보고 자료 | JU23: 각종 작업일보 | KA23: 검교정관리대장 | KG23: 품질관리비 사용내역 | KM23: 계측기 설치검토서, 회의록 | KY23: 도면 배부 및 접수확인서 (현장 서류) | LK23: 공인기관성적서 (CSI/시험성적서) | LQ23: eFMS자금관리 입력값 | MC23: 환경관리비 집행 현황 | NG23: 안분미수 회수 업무 (가압류 예고, 가압류, 소송) | NM23: 노사협의체 회의록 | NS23: 일반건강검진 결과표 | NY23: 민원처리비/기술용역비 집행 현황 | OE23: 준공시예정원가 검토서 (개인PC) | OQ23: 설계변경 검토서 및 내역서 | OW23: 단가승인 자료 (전자결재/품의서) | PC23: 변경실행 결쟄문서 (전자결재/품의서) | PI23: 입찰(견적)대비내역서 | PO23: 저가심의(실행초과)검토 (품의서/결재문서) | PU23: (변경)예산대비내역서 | QA23: (정산)예산대비내역서 | QG23: 기투입 자재 처리 방안 | QS23: Back Charge | SC23: 합의서(공증) | SI23: 측량보고서 | SO23: 준공계 | SU23: 준공인원 운영계획 | TA23: 공정 L/L | TG23: 사업 준공 보고 (황경영향평가 등) | TY23: 주요자재수불부 | UK23: 시험장비, 안전시설물, 통신설비 등 철수 및 정산
K25: 업체선정의뢰 품의 (전자결재/품의서) | AC25: 공정 단축(안) 수립 | AU25: 공동도급 신탁계약서 | BG25: 인사발령 | CK25: Risk 대응에 대한 지침서 | DU25: 용역 하도승인의뢰서 (전자결재/구매시스템) | EA25: 지장물 이설 협의 결과 공문 | EM25: KOM 결과보고서 (개인PC) | FW25: 하도급 발주설명회 | GO25: 송장 관리 file철 | HA25: 지정폐기물 신고서 | IK25: 기성공사 실적증명서 | IW25: 현안사항 및 보고자료 | JU25: 시공실적 DATA | KA25: 각종시험 성적서 | KG25: 품질시험 총괄표 | KM25: 계측결과 보고서 | LK25: 공장점검 결과보고 (전자결재/대외공문) | LQ25: 회계전표 전자결재 승인 | MC25: 환경교육일지 | NG25: 채권신탁계약서 | NM25: 위험성평가 회의록 | NS25: 유소견자 관리대장 | OE25: 관리내역서 (개인PC) | OQ25: 발주처 승인 공문 | OW25: 관리내역서 (단가승인 반영본) | PC25: 관리내역서 (변경실행 반영본) | PI25: 하도승인의뢰서 (전자결재/품의서) | PO25: 하도급 계약서 (계약이행보증 포함) | QS25: 협력업체 투자분석 | SC25: 산재/근재보험 처리 | SO25: 계약금액조정 청구 공문
K27: 하도승인의뢰 품의 (전자결재/품의서) | DU27: 용역 계약서 (전자결재/구매시스템) | EM27: 공장검사 결과보고서 (개인PC) | FW27: 외주KOM | GO27: 유류지급 관리대장 | HA27: 비점오염저감시설 관리대장 | IW27: 브리핑 서류 | KA27: 콘크리트 타설대장 | KG27: 공인기관의뢰시험 성적서 | KM27: 지하안정영향평가서 | NM27: 장비작업계획서 | OE27: 월간현황보고 (개인PC) | PC27: 준공시예정원가 검토서 | PI27: 하도급계약체결 통보서 (DL→발주처 공문) | PO27: 건설공사대장 KISCON | QS27: 적자공종 만회방안
AC29: 계획공정 수정(안) | DU29: 용역 보고서 (전자결재/대외공문)
B31: 본사
K32: 단가승인 | Q32: 예산 승인 | AC32: 공정KOM | AU32: 공동도급 신탁계약 | BA32: 본실행예산 편성 | BG32: 현장인원 배치 | BM32: 외주KOM | BY32: 차량신청 품의서 | CE32: 현지구입 신청서 | CW32: 단가승인 | DI32: Baseline 승인 | DO32: 착공식 집행승인 | DU32: 측량용역 집행승인 | EM32: 품질KOM | FQ32: 본실행예산 결정 | IK32: 기술도서 사전검토 | IQ32: 월마감시 CF 수기보정 | KA32: 품질지원 | KG32: 부실벌점 자가진단 | KM32: 시공계획발표 | OE32: 월마감 후 정기보고자료 검토 | OK32: 경영계획 모니터링 | OW32: 단가승인 검토/승인 | PC32: 변경실행예산 검토/승인 | PI32: 외주/자재 KOM | PO32: 수의업체선정 승인 | RW32: 상황실 개설 | SC32: 민/형사적 합의 지원 | SO32: 계약금액조정 청구 검토 | TY32: 준공전 사전점검
K33: [토목견적팀] ▧ 가설사무실 축조 혹은 사무실 임대에 대한 단가승인 (본실행 편성 전) | Q33: [토목수행팀] ▧ 실시설계 및 현장운영비에 대한 예산 승인 ㆍ입안 : 현장준비팀, T/F팀, PM ㆍ검토 : 수행파트장, 수행팀장 ㆍ결정 : 담당임원 ㆍ팀장협의 : 견적팀장, 사업지원팀장, 기획팀장, 스마트엔지니어링팀장, 회계팀장 ㆍ임원협의 : 기획담당임원, 회계담당임원 | AC33: [토목수행팀] ▧시기 : 최초 도급계약 후 1개월 이내 ▧목적 : 구간별 착수시점 / 공정 R&O 확인, 최초공정계획 수립 일정 공유 ▧결과 : 공정 KOM 회의록 | AU33: [토목견적팀] ▧시기 : 최초 도급계약 후 1개월 이내 ▧목적 : 공동도급 신탁계약 체결을 통한 안분미수 최소화 ▧결과 : 공동도급 신탁계약서 | BA33: [토목견적팀] ▧시기 : 본실행작성일로부터 1개월 내 ▧목적 : 본실행 셋팅 ▧결과 : 본실행예산서 | BG33: [토목수행팀] ▧시기 : 최초 도급계약체결시 ▧목적 : 현장 셋팅을 위한 최소인원 투입 ▧결과 : 현장 최소인원 투입 (현장소장, 공무 등) | BM33: [토목수행팀] ▧시기 : 외주발주계획 수립일로부터 1개월 이내 ▧목적 : 외주발주계획 수립 ▧결과 : 하도급 발주계획(서) | BY33: [토목수행팀] ▧시기 : 품의서 상신일로부터 1개월 이내 ▧목적 : 차량신청 품의 승인 ▧결과 : 현장차량 집행승인 결재서 | CE33: [건설자재관리팀] ▧시기 : 현지구입신청서 작성일로부터 1개월 이내 ▧목적 : 현지구입 자재 집행 ▧결과 : 현지구입 자재 신청서 | CW33: [토목견적팀] ▧ 현장준비팀 운영 및 우선시공분에 대한 단가승인 (본실행 편성 전) | DI33: [토목수행팀] ▧ Baseline 승인 ㆍ입안 : 현장소장, 공정PM ㆍ검토 : 수행파트장, 수행팀장 ㆍ결정 : 담당임원 | DO33: [토목수행팀] ▧시기 : 필요시 ▧목적 : 현장여건에 따른 착공식 시행 검토 및 품의 승인 ▧결과 : 착공식 집행승인 (전자결재/품의서) | DU33: [토목수행팀] ▧시기 : 필요시 ▧목적 : 현장여건에 따른 측량계획 검토 및 품의 승인 ▧결과 : 측량용역 집행승인 (전자결재/품의서) | EM33: [토목품질팀] ▧ 시기 : 실착공전 ▧ 목적 : 현장개설 후 본공사 착수 전, 품질 마인드셋,품질관리계획서 적정성 검토 지원 본부 내 시행 중 품질개선 활동, 품질관련 시스템 등 교육 ▧ 결과 : 품질KOM 결과보고서 | IK33: [토목계약관리팀] ▧시기 : 설계변경 및 계약변경 전 ▧목적 : 환경 방침 등 계약변경시 법적 위배항목 적절성 검토 ▧결과 : 기술도서 사전검토 사내공문 | IQ33: [토목수행팀] ▧시기 : 월마감 이후 ▧목적 : 시스템상 미반영된 데이터 수기보정을 통한 정확한 CF관리 ▧결과 : CF계획 오류로 인한 손실을 방지 | KA33: [토목품질팀] ▧ 시기 : 분기별 1회(현장마다) ▧ 목적 : 현장의 하자 및 벌점 Risk 제거, 품질지침 이행 여부 확인, Q-BP 설계변경 ITEM 도출 ▧ 결과 : 품질점검보고서, 지적사항 조치보고서 | KG33: [토목품질팀] ▧ 시기 : 매월 ▧ 목적 : 현장의 부실벌점 자가진단 이행 관리, NG 분석하여 재발방지대책 실효성 검증 ▧ 결과 : 부실벌점 자가진단 집계표, 부실벌점 NG 대시보드 | KM33: [토목품질팀] ▧ 시공계획발표회 참관 예상하자 저감을 위한 현장지원 | OE33: [토목수행팀] ▧ 준공시예정원가 검토 ▧ 관리내역서 검토 (분기별 1회) ▧ 원가율 변동 확인 ▧ 경영실적모니터링 자료 취합 ▧ 재무 Indicator 검토 ▧ 사업수지/자금수지 실적 확인 | OK33: [토목수행팀] ▧ 사업수지/자금수지 검토 및 확인 | OW33: [토목견적팀] | PC33: [토목견적팀] | PI33: [토목수행팀]. [외주관리팀] | PO33: [토목수행팀] | RW33: 안전보건경영실 ▧주관 : 안전기획팀장(CSO) ▧목적 : 외부 대응체계구축 ▧방법 : 상활실 개설 유관부서 지원요청 ▧결과 : 법적 Risk 및 언론 대응체계 구축 | SC33: ▧주관 : 본부 안전팀 ▧지원 : 법무지원팀 ▧목적 : 금전적 손실 최소화 ▧방법 : 협력사와 손해배상금 분배비율 등 의사결정 법률검토 ▧결과 : 중처법 대응 언론 Risk 감소 | SO33: ▧주관 : 본부 계약관리팀 ▧지원 : 법무지원팀(필요시) ▧목적 : 금전적 손실 최소화 ▧방법 : 계약금액 조정 관련 후속조치 사항에 대해 준공대가 수령 전 청구 공문 발송 ▧결과 : 계약금액 조정 청구 공문 | TY33: [토목품질팀] ▧ 시기 : 준공전 90일 ▧ 목적 : 모든 하자를 준공전에 누락없이 조치(2회 시행) ▧ 결과 : 준공전 사전점검 보고서, 지적사항 조치보고서
CW38: 집행 승인 | DU38: 연도변조사 집행승인 | KA38: 품질교육 | KG38: 현장평가/공지 | PC38: 변경실행예산 검토/승인 | PI38: 하도급 발주설명회 | PO38: 업체선정의뢰 검토승인 | TY38: 하자보증서 발행검토
CW39: [토목수행팀] ▧ 우선시공분 집행 승인 ㆍ입안 : 현장준비팀, T/F팀, PM ㆍ검토 : 수행파트장, 수행팀장 ㆍ결정 : 담당임원 ㆍ팀장협의 : 견적팀장, 사업지원팀장, 기획팀장, 스마트엔지니어링팀장, 회계팀장 ㆍ임원협의 : 기획담당임원, 회계담당임원 | DU39: [토목수행팀] ▧시기 : 필요시 ▧목적 : 현장여건에 따른 연도변조사계획 검토 및 품의 승인 ▧결과 : 연도변조사 집행승인 (전자결재/품의서) | KA39: [토목품질팀] ▧ 시기 : 반기 1회 ▧ 목적 : 품질팀장, 공사팀장을 대상으로 품질 Risk 수평전개를 통한 하자예방으로 부실벌점 Zero 달성 및 하자보수비 절감 ▧ 결과 : 교육교재, 교육설문지 | KG39: [토목품질팀] ▧ 시기 : 1, 4, 7, 10월 ▧ 목적 : 현장 수준 평가를 공지하여 현장이 인지하도록 하여 더 잘할 수 있게 동기부여 ▧ 결과 : 현장평가 결과/공지 문서 | OE39: 준공시예정원가변동보고서 접수 | PC39: [토목사업관리팀] | PI39: [토목수행팀]. [외주관리팀] | PO39: [토목수행팀]. [외주관리팀] | TY39: [토목품질팀] ▧ 시기 : 도급 하자보증서 발급전 15일 이내 ▧ 목적 : 법적보증기간 준수 여부확인(발주처 대응) ▧ 결과 : 하자보증기간 산정 내역, 하자보증서
OE40: [회계팀] ▧ 원가율 변동 보고 공유
KA44: 시공계획 발표회 | KG44: Q-BP 수평전개 | PC44: 준공시예정원가 검토 | PI44: 저가심의/실행초과심의 검토 | PO44: 하도승인/최초계약
KA45: [토목품질팀] ▧ 시기 : 공종 착수 30일 전 ▧ 목적 : 현장과 본사 전문가가 함께 시공계획을 검토하여 하자 Risk 제거 ▧ 결과 : 시공계획 검토서, 회의록 | KG45: [토목품질팀] ▧ 시기 : 매월 ▧ 목적 : 깊이 고민한 하자의 근본 원인과 재발방지대책이 잘 작동하는 사례 발굴 ▧ 결과 : 우수 Q-BP 등재 | OE45: 경상비 재승인 | PC45: [토목수행팀] | PI45: [토목수행팀] | PO45: [토목수행팀]. [외주관리팀]
OE46: [토목수행팀] ▧시기 : 예산대비120% 초과 예정시 ▧목적 : 공사기간 및 경상비 월투입에 대한 검토 및 재승인 ▧결과 : 현장 경상비 (변경) 집행계획 승인
B54: 현장 | H54: 공무
K55: 가설사무실 축조 집행승인 | Q55: 선급공사비 예산편성 | W55: 착공신고서 | AU55: 공동도급 운영회의 (필요시) | BA55: 본실행 작성 협의 | BG55: 직원운영계획 수립 | BM55: 하도급 발주계획 수립 | BS55: 발주처 업무처리 절차 작성 | BY55: 차량신청 집행승인 및 결재 | CK55: 경상비 투자분석 양식 확정 | CQ55: 가설사무실 축조 | CW55: 선급공사비 예산편성 | DO55: 착공식 행사 준비 | DU55: 착수전 측량 업체 선정 | EY55: 설계도서 검토 용역 업체 선정 | FE55: 보험가입 내역 검토 | FK55: 공동도급 원가약정 체결 | FQ55: 본실행 작성 협의 | FW55: 하도급 발주계획 | GO55: 자재 소요계획서 작성 | HG55: 관리내역서 작성 | HS55: 착공보고회 자료 작성 | HY55: 인수인계서 | IK55: 건설공사관리대장(키스콘) 업데이트 | IQ55: 도급기성/선급금 수금계획 작성 | JC55: 유관 부서 담당 업무 및 담당자 조사 | JI55: 감사 대비 자료 준비 | KM55: 업체선정 | LE55: 정보보호 교육 및 훈련 | LQ55: 월마감 | MI55: 선급금 신청 | MO55: 발급적정성에 대한 본사 협의 | MU55: 직영공사 준비 | NG55: 원가약정 협의 | NM55: 산업안전보건관리비 집행관리 | NY55: 언론취재(보도) | OE55: 월마감 | OK55: 경영목표 달성회의 | OQ55: 물가변동 | OW55: 신규 실행단가 산출근거 작성 | PC55: 기승인 단가승인 자료 취합 | PI55: 하도급 대상 공종 및 물량 산정 | PO55: 실행대비 초과사유 검토 및 본사 협의 | PU55: 공종별 변경 수량산출서 작성 | QA55: 간접비 사용내역 정산 | QG55: 노임/장비비/자재비/기타비용 등 체불현황 파악 | QM55: 계약 외 공사로 인한 미지급금 산정 | QS55: (기성지급)월별 간접비 사용금액 취합 | QY55: 컨틴젼시 | RE55: 공사손해보험 접수 | RK55: 공사손해보험 사전공사 집행승인 | RQ55: 분쟁 사안에 대한 현장 계약조건 및 승소 가능성 분석 | SI55: (선정)예산대비내역서 작성 | SO55: 준공 설계도서 제출 | SU55: Cash Flow 관리 | TG55: 가설사무실 원상복구 | TS55: 하도급관리 항목 작성 | UE55: 프로젝트문서 제출확인서 수령 | UK55: 현장 철수 직원 인사발령 의뢰 | VC55: 도급관련 준공 전망 작성 | VI55: 간접비 최종 정산 금액 작성 | VU55: 하도급 현황/연락처 제출 | WG55: 준공현장 L&L 작성
K56: ▧시기 : 단가승인 이후 ▧목적 : 단가승인된 예산에 대해 집행승인 절차 진행, 집행승인 이후 업체선정의뢰 및 하도승인의뢰를 통한 하도급계약 필요 ▧결과 : 집행승인 품의서, 업체선정의뢰 품의서, 하도승인의뢰 품의서, 하도급계약서 | Q56: ▧ 시기 : 실시설계 착수 이전 ▧ 목적 : 실시설계 및 우선시공분 진행에 필요한 예산 편성 필요 ▧ 결과 : 예산승인 품의 | W56: ▧ 시기 : 공사도급계약 체결 이후(공사도급계약서 상 일자 확인) ▧ 목적 : 발주처에 관련법에 따라 배치된 직원에 대한 신고, 계약 상 제출이 필요한 서류의 제출 ▧ 결과 : 착공신고서 | AU56: ▧시기 : 현장착공 후 ▧목적 : 현장 운영에 대한 공동도급사간의 의견 취합 및 합의사항 도출 ▧결과 : 공동도급 운영회의록 | BA56: ▧시기 : 실착공 전 ▧목적 : 현장 집행을 위한 예산 편성 ▧결과 : 본실행예산서 | BG56: ▧시기 : 현장착공 후 ▧목적 : 현장 여건을 고려한 투입인원 검토 및 최적 시기에 인원 투입을 통한 업무 Loss 방지 및 경상비 최적화 ▧결과 : 현장조직도 및 인력운영계획 | BM56: ▧시기 : 실착공 전 ▧목적 : 공정, 예산, 공종을 고려한 최적의 하도급 발주계획(안) 수립 ▧결과 : 하도급 발주계획(서) | BS56: ▧시기 : 현장착공 후 ▧목적 : 발주처와의 유기적인 업무가 가능한 도급관리 절차 확인 ▧결과 : 처리절차(서) | BY56: ▧시기 : 현장착공 후 ▧목적 : 차량 운영계획 수립 (소요대수, 소요시기, 차종 등) ▧결과 : 현장차량 집행승인 결재서 | CK56: ▧시기 : 현장착공 후 ▧목적 : 월 마감 후 사용 경상비 집계 및 투자분석에 필요한 Tool 확보 ▧결과 : 경상비 투자분석 양식 | CQ56: ▧시기 : 착공 전 ▧목적 : 공사중 사용예정인 가설사무실 축조 ▧결과 : 가설사무실 | CW56: ▧시기 : 현장준비팀 구성 시 ▧목적 : 선급공사비 집행을 위한 예산 수립 ▧결과 : 선급공사비 예산 | DO56: ▧시기 : 착공직후(필요시) ▧목적 : 실행예산 및 집행프로세스를 확인하여 승인을 득하고 발주처와의 협의를 통해 행사에 차질없이 없도록 준비 ▧결과 : 착공식 집행승인 착공식행사계획 | DU56: ▧시기 : 착공직후(수행팀 협의) ▧목적 : 예산 및 집행/입찰프로세스에 따라 업체선정 시행 ▧결과 : 측량용역 집행승인, 측량용역 계약(전자결재) | EY56: ▧실시 : 착공단계 ▧목적 : 용역계약전 금액검토를 통한 계약승인 및 하도급입찰&계약 ▧결과 : 외주시스템 품의서 | FE56: ▧실시 : 착공단계 ▧목적 : 공사손해보험 가입 검토 ▧결과 : 보험가입 내역 검토 결과 | FK56: ▧실시 : 착공단계 ▧목적 : 원가 약정을 통한 회사 이익금 극대화 ▧결과 : 공동도급 원가약정 체결 | FQ56: ▧실시 : 착공단계 ▧목적 : 본사에서 작성된 본실행 예산 적정성 검토 및 본사 승인 ▧결과 : 본실행 작성 및 협의 | FW56: ▧시기 : 하도급 발주 전 ▧목적 : 원가/공정/현장운영 검토 및 발주전략 적정성 검토 ▧결과 : 관리내역서, 공종별 예산대비내역서, 하도급발주설명회, 외주KOM | GO56: ▧시기 : 착공 단계 ▧목적 : 착공시기의 자재 소요계획서를 작성하여 공사 시공계획에 맞춰 원활한 자재 수급을 하고자 함 ▧결과 : 자재소요계획서 | HG56: ▧시기 : 착공 단계 ▧목적 : 현장 도급-실행-하도금액에 기반한 현재 원가 및 투입 예상 관리 ▧결과 : 현장관리내역서 | HS56: ▧시기 : 착공 단계 ▧목적 : 현장 도급-실행-하도금액에 기반한 현재 원가 및 투입 예상 관리 ▧결과 : 현장관리내역서 | HY56: ▧시기 : 착공 단계 ▧목적 : 현장소장 교체시 인수인계서 작성으로 현장 업무공백 최소화 ▧결과 : 업무 인수인계서 | IK56: ▧시기 : 매월 ▧목적 : 건설산업기본법에 명시된 건설공사관리대장 관리, 계약변경사항 등 기입 ▧결과 : 키스콘 입력 | IQ56: ▧시기 : 매년 초 ▧목적 : 보다 명확한 CF관리를 위해 연간 도급기성 및 선급금 수급계획작성 ▧결과 : 공사시스템 상 청구/수금계획 작성 | JC56: ▧시기 : 착공초기 ▧목적 : 대관업무 진행을 위한 유관 부서 담당 업무 및 담당자 조사 ▧결과 : 발주처 및 지자체, 유관 공공기관의 담당자 연락망 | JI56: ▧시기 : 발생시 ▧목적 : 사내 제규정 준수 여부 감사 및 업무 수행의 효율성 진단 ▧결과 : 사전 작성자료 작성, 감사 수검자료 작성 | KM56: ▧시기 : 연약지반 개량 6개월전 ▧결정 : 현장소장, 본사수행팀/견적팀 ▧주관 : 공무설계팀 ▧협의 : 토목수행팀, 토목견적팀 ▧목적 : 계측방법, 설치위치, 계측주기, 계측보고서 작성 | LE56: ▧ 시기 : 발생시 ▧ 목적 : 공무원가 회계원가 일치 여부 확인을 통해 투입원가의 적정성을 판단하고 원가 오류 및 낭비사항 제거 ▧ 결과 : 정보보호 교육 참석자 명단 | LQ56: ▧ 시기 : 매월 마감시 ▧ 목적 : 정보의 오남용, 유출 등의 위협으로부터 회사의 정보를 보호하고, 기업비밀을 포함한 모든 정보자산의 안전한 보호와 원활한 공유를 통한 경영능력의 향상 및 경쟁력 제고 ▧ 결과 : 공무원가 회계 원가의 차이 분석 및 적정성 확인 | MI56: ▧ 시기 : 선급금 발생시 ▧ 목적 : 선급금 신청을 위한 선급금 예산파악 ▧ 결과 : 선급금 예산파악 결과 | MO56: ▧ 시기 : 작업지시사항 발생시 ▧ 목적 : 계약공사 외 공사에 대한 작업지시서 발급 적정성 검토 ▧ 결과 : 작업지시서 발급 적정성 검토서류, 신규단가 집행승인 서류 | MU56: ▧ 시기 : 직영공사 공종 발생시 ▧ 목적 : 직용공사 수행을 위한 원가검토 및 집행승인 ▧ 결과 : 직영공사 예산대비내역서, 집행승인 서류 | NG56: ▧ 시기 : 착공 후 1년 이내 ▧ 목적 : 직용공사 수행을 위한 원가검토 및 집행승인 ▧ 결과 : 직영공사 예산대비내역서, 집행승인 서류 | NM56: ▧ 시기 : 실착공 3개월 이내(집행 최초보고시), 집행현황 관리(분기별) ▧ 목적 : 계획수립 및 사용금액에 대한 매월 정산서 작성하여 보관 및 발주처 보고 ▧ 결과 : 산업안전보건관리비 사용 계획서, 사용정산서, 집행현황 | NY56: ▧ 시기 : 언론취재 발생시 ▧ 목적 : 언론취재 발생 및 예상시 본사보고 및 프로세스에 의거한 대응 ▧ 결과 : 언론취재보고서 | OE56: ▧시기 : 매월 末 ▧목적 : 매월 투입된 공사원가를 원가항목과 매칭시켜 실행과 비교 및 마감 ▧결과 : 공사현황보고갑지, 준공시예정원가갑지(공사시스템) | OK56: ▧시기 : 매분기 ▧목적 : 본부장/담당임원 주관으로 사업 및 자금수지 관리 ▧결과 : 경영목표 달성방안, 현장 주요 Issue 및 본사지원 사항 | OQ56: ▧시기 : 발주처별 상이하나 반기 or 분기 ▧목적 : 용역업체에 물가변동 검토보고서 제출 요청 ▧결과 : 계약 및 기성내역서, 예정공정표 등 | OW56: ▧시기 : 단가승인 필요시 ▧목적 : 신규공사 예상실행단가 산출 ▧결과 : 실행단가 산출서 | PC56: ▧시기 : 변경실행 준비시기 ▧목적 : 기승인 단가승인 내역 정리 및 취합, 변경실행에 반영 ▧결과 : 변경실행내역서 초안 | PI56: ▧시기 : 수시 ▧목적 : 발주대상공종 및 물량 정리, 발주전략 검토 ▧결과 : 관리내역서(공종 세분화자료) | PO56: ▧시기 : 입찰직후 즉시 ASAP ▧목적 : 실행초과사유 분석 및 향후대책(재입찰, 계약징행) 검토 및 협의 ▧결과 : 실행초과 사유서 | PU56: ▧시기 : 하도급 변경계약 시 ▧목적 : 변경된 설계도서 수량산출서 상 하도급 변경계약 반영분에 해당하는 내용만 분류(공종별 변경 수량산출서 작성) ▧결과 : (변경)수량산출서 | QA56: ▧시기 : 하도급 정산 시 ▧목적 : 간접비(건강•연금•장기요양•고용•산재보험 등) 최종 금액 확정 ▧결과 : 간접비 사용내역 정산자료 | QG56: ▧시기 : 타절 발생 시 ▧목적 : 현장에 투입된 노무자, 장비업자, 자재업자가 대금을 적절히 지급받는지 확인 ▧결과 : 노임/장비비/자재비/기타비용 등 체불현황 파악 | QM56: ▧시기 : 타절 발생 시 ▧목적 : 계약외 공사 현황 정리 ▧결과 : 계약 외 공사로 인한 미지급금 산정 | QS56: ▧시기 : 계약내용 변경 및 공사 진행 사항 변경시 ▧목적 : 사용실적을 기반으로 향후분 예측하여 준공시 예정원가 판단 기초자료 작성 ▧결과 : 준공시예정원가 | QY56: ▧시기 : 컨티 발생시 ▧목적 : 예상치 못한 상황이나 리스크로 인한 비용 변동을 대비하기 위해 설정하는 예비비확보 ▧결과 : 보고서, 위원회 걔최, 단가승인, 집행승인, 하도급변경계약, 발주처 통보 | RE56: ▧시기 : 공사중 피해물량 혹은 손해 발생시 ▧목적 : 공사이행보증증권 사용을 위한 증권사 접수 ▧결과 : 공사손해보험 접수 | RK56: ▧시기 : 공사중 피해물량 혹은 손해 발생시 ▧목적 : 품의서 작성 및 본사 승인, 적정 용역비 검토 반영 (다수 업체 견적 검토 등) ▧결과 : 공사손해보험 사전공사 집행승인용역 | RQ56: ▧시기 : 소송 및 Claim 발생시 ▧목적 : 계약서 및 관련 서류 분석, 법률적 근거 및 판례 검토 ▧결과 : 분쟁 사안에 대한 현장 계약조건 분석 및 승소 가능성 분석 | SI56: ▧시기 : 측량업체 선정 전 ▧목적 : 현장 운영중 필요한 용역 수행사유, 발주 예산 검토 ▧결과 : 업체선정 및 계약 체결 (품의 포함) | SO56: ▧시기 : 준공 설계도서 작성기간 고려하여 사전 준비 ▧목적 : 준공도서 용역업체 선정 및 계약 ▧결과 : 업체선정 및 계약 체결 (품의 포함) | SU56: ▧시기 : 준공시점 C/F 계산시 ▧목적 : 준공금 수금계획 작성, 외주(하도급, 용역) 준공금 집행 계획 수립, 공동도급사 안분 수금 전망 수립 ▧결과 : 총괄 C/F | TG56: ▧시기 : 준공시 ▧목적 : 현장 준공에 따른 가설사무실 해체 업체 선정 필요 및 준공으로 인한 사무실 원상복구 ▧결과 : 업체선정검토 자료 | TS56: ▧시기 : 준공후 ▧목적 : 하자보수사항 발생시 업체별 하자보수 위치 파악 ▧결과 : 공사 위치별 업체 시공 현황 | UE56: ▧시기 : 준공시 ▧목적 : 프로젝트문서 원본의 보관 또는 보존이 필요한 문서 제출 ▧결과 : 프로젝트문서 제출확인서 | UK56: ▧시기 : 준공시 ▧목적 : 최종 현장 철수 직원 타현장 등 인사발령 의뢰 ▧결과 : 인사발령 | VC56: ▧시기 : 준공시 ▧목적 : 계약준공일에 맞추어 적기 준공 가능하도록 도급액, 시설물 인수인계 일정 등 전망을 작성하여 준공 준비 ▧결과 : 최종 도급내역서, 시설물 인수인계서 | VI56: ▧시기 : 준공시 ▧목적 : 준공전 일상감사, 준공검사 및 원활한 준공을 위한 간접비 정산 내역 반영 ▧결과 : 최종 도급내역서 | VU56: ▧시기 : 준공시 ▧목적 : 하자 보수 등 실제 공사 업체 및 담당자 확인 가능 ▧결과 : 하도급 현황(목록)/유지보수(하자) 연락처 | WG56: ▧시기 : 준공시 ▧목적 : 향후 유사 현장, 공사방법 등 발생시 시행착오를 최소화 하고 매뉴얼화 시키기 위함 ▧결과 : 준공현장 L&L
Q61: 선급공사비 예산 변경(초과) | AU61: 공동도급 운영협정서 체결 | BG61: 직원발령 의뢰 및 협의 | BM61: 자재 발주계획 수립 | CK61: 월별 마감 분석자료 양식 확정 | CQ61: 관정 및 정화조 설치 | CW61: 선급공사비 예산 변경(초과) | DO61: 착공식 시행 | DU61: 연도변조사 업체 선정 | ES61: VE 수행 계획 | FE61: 추가보험가입검토 | FQ61: 합의실행 (민자사업) | FW61: 외주 KOM | GO61: 해외 자재 List up | HG61: 사기성-관기성 검토양식 확정 | HS61: 착공보고회 조치사항 대응계획 수립 | IQ61: 선급금 공제계획 작성 | JC61: 건축공사 착공신고 | JI61: 감사 수검 | LQ61: 사무실 관리 | MI61: 선급금 지급 | MO61: 작업지시서 전자 발부 및 승인 | MU61: 직영공사 수행(공사 관리) | NG61: 신탁계약 | NY61: 귀책사유 판단 | OE61: 준공시예정원가 관리 | OK61: 경영계획 작성 | OW61: 전문업체 견적요청 및 취합(견적대비표 작성) | PC61: 신규 실행단가 산출근거 작성 | PI61: 공종별 예산대비내역서 작성 | PO61: 저가심의 분석자료 작성 | PU61: 공종별 예산대비내역서 작성 | QA61: 정산 예산대비내역서 작성 | QG61: 노임/장비비/자재비/기타비용 등 체불 해소방안 검토 | QM61: 최종 정산내역서 작성 | QS61: (기성지급)월별 기성내역서 작성 | QY61: 사전공사 | RE61: 피해물량 사전 검토 | RK61: 사전공사 집행승인에 따른 하도급 변경계약 | RQ61: 분쟁 협의 | SI61: (선정)업체선정의뢰 | SO61: 준공금 청구 | SU61: 준공시예정원가 검토 | TS61: 창의성 항목 작성 | UE61: 프로젝트문서 제출확인서 결재상신 | VI61: 정산 예산대비내역서 작성 | WG61: 정산요약보고
Q62: ▧ 시기 : 실시설계 예산 초과시 ▧ 목적 : 실시설계 및 우선시공분 진행에 필요한 예산의 추가 편성 ▧ 결과 : (초과)예산승인 품의 | AU62: ▧시기 : 현장착공 후 ▧목적 : 현장 운영에 대한 공동도급을 구성한 각사간의 운영방안 수립 ▧결과 : 공동도급 운영협정서 | BG62: ▧시기 : 현장착공 후 ▧목적 : 현장여건에 부합하는 최적 인원의 적기 투입 ▧결과 : 인사발령 | BM62: ▧시기 : 실착공 전 ▧목적 : 공정, 예산, 공종을 고려한 최적의 자재 발주계획(안) 수립 ▧결과 : 자재 발주계획(서) | CK62: ▧시기 : 현장착공 후 ▧목적 : 월 마감 후 준공시 예정원가(율) 등의 변동사항 파악에 필요한 Tool 확보 ▧결과 : 월별 마감 분석자료 양식 | CQ62: ▧시기 : 착공 전 ▧목적 : 공사중 사용예정인 가설사무실의 관정 및 정화조 설치 ▧결과 : 가설사무실(관정 및 정화조) | CW62: ▧시기 : 선급공사비 집행 계획이 변경하여 예산변경이 필요 시 ▧목적 : 변경된 집행계획(실적)을 반영하여 예산을 변경 수립 ▧결과 : 변경된 선급공사비 예산 | DO62: ▧시기 : 착공직후(필요시) ▧목적 : 행사계획에 따라 자재/장비/인력 등 을 확인하여 차질없는 행사 진행 ▧결과 : 착공식행사계획 | DU62: ▧시기 : 착공직후(수행팀 협의) ▧목적 : 예산 및 집행/입찰프로세스에 따라 업체선정 시행 ▧결과 : 연도변조사용역 집행승인, 연도변조사용역 계약(전자결재) | ES62: ▧실시 : 실 착공 후 3개월 이내 ▧목적 : VE수행을 위한 계획 및 사전검토 ▧결과 : VE수행계획서 및 설계도서 | FE62: ▧실시 : 착공단계 ▧목적 : 현장 여건에 맞는 보험약관 추가 ▧결과 : 추가보험가입 내역 검토 결과 | FQ62: ▧실시 : 착공단계 ▧목적 : 공동도급사간 원가율에 대한 내역 작성 및 협의 & 실행율확정 ▧결과 : 합의실행 | FW62: ▧시기 : 하도급 발주 전 ▧목적 : 원가/공정/현장운영 검토 및 발주전략 적정성 검토 ▧결과 : 관리내역서, 공종별 예산대비내역서, 하도급발주설명회, 외주KOM | GO62: ▧시기 : 착공 단계 ▧목적 : 해외자재를 착공시기에 분류하여 자재 확보에 차질이 없도록 함 ▧결과 : 해외자재 List up | HG62: ▧시기 : 착공 단계 ▧목적 : 관기성-사기성에 대한 적정성 확인, 미승인 대체 기성 확인 ▧결과 : 사기성 관기성 검토양식 | HS62: ▧시기 : 착공 단계 ▧목적 : 착공보고회 feedback에 따른 후속 조치계획 수립 ▧결과 : 착공보고회 후속 조치 계획 | IQ62: ▧시기 : 도급기성시 ▧목적 : 도급기성 수령금액 관리를 위한 공제계획 작성 ▧결과 : 수령금액 관리를 통한 명확한 CF 관리 | JC62: ▧시기 : 건축공사 착수 전 ▧목적 : 건축법 제21조에 따라 허가권자에게 공사계획을 신고하여야 함. ▧결과 : 착공신고서(건축법 시행규칙) 작성 및 제출, 신고수리 공문 접수 | JI62: ▧시기 : 발생시 ▧목적 : 사내 제규정 준수 여부 감사 및 업무 수행의 효율성 진단 ▧결과 : 감사 수검 | LQ62: ▧ 시기 : 매월 마감시, 상시 ▧ 목적 : 사무실 물건조사 및 임대료 적정성 검토, 집행승인 및 자금신청 ▧ 결과 : 직원 숙소 임대 물건조사 결과 및 품의서 | MI62: ▧ 시기 : 선급금 지급시 ▧ 목적 : 선급금 지급내역서 작성 및 본사협의를 통한 하도승인의뢰요청, 선급금 지급보증발급확인, 선급금지급 ▧ 결과 : 선급금지급내역서, 계획서, 하도승인요청서, 보증증권, 기성수금현황 관리대장 | MO62: ▧ 시기 : 작업지시사항 발생시 ▧ 목적 : 계약 외 공사 착수 전 하도급법 준수를 위한 작업지시서 발부 시스템 관리 ▧ 결과 : 작업지시서 | MU62: ▧ 시기 : 직영공사 공종 발생시 ▧ 목적 : 투자대비와 손익분석 공사진행시 흑/적자 여부를 확인하여 모색 ▧ 결과 : 투자대비 및 손익분석 | NG62: ▧ 시기 : 착공 후 1년 이내 ▧ 목적 : 공동도급사 간 발생한 채권채무관계에 대해 해당 현장에서 발생한 공사도급금액으로 해소 ▧ 결과 : 신탁계약서 | NY62: ▧ 시기 : 민원 발생시 ▧ 목적 : 비용집행 필요성 검토하여 손익발생 금액검토 ▧ 결과 : 비용집행 필요성 검토 결과 | OE62: ▧시기 : 매분기 ▧목적 : 마감된 공사원가 실적을 기준으로 준공시예정원가 적정성 여부 검토 ▧결과 : 준공시예정원가검토서(매분기, 개인PC), 관리내역서(반기, 개인PC) | OK62: ▧시기 : 매분기 ▧목적 : 예정공정표에 따라 년도별 사업 및 자금수지 예측(매출, 원가, C/F 등) ▧결과 : 사업 및 자금수지(재무전망) | OW62: ▧시기 : 단가승인 필요시 ▧목적 : 적정집행가 확인 및 검토 ▧결과 : 견적대비표 | PC62: ▧시기 : 변경실행 준비시기 ▧목적 : 기승인 단가승인 내역 정리 및 취합, 변경실행에 반영 ▧결과 : 변경실행내역서 초안 | PI62: ▧시기 : 공종/물량 분개 후 즉시 ▧목적 : 발주별 도급/실행예산 검토 ▧결과 : 예산대비내역서(공종별) | PO62: ▧시기 : 입찰직후 즉시 ASAP ▧목적 : 저가투찰 여부 검토 및 투찰금액 적정성 검토 ▧결과 : 입찰금액 적정성 검토(업체공문수신), 저가심의 검토자료(품의서, 승인문서) | PU62: ▧시기 : 하도급 변경계약 시 ▧목적 : 하도급 업체별 변경계약 체결해야 하는 대상의 계약금액 산정 ▧결과 : (변경)예산대비내역서 | QA62: ▧시기 : 하도급 정산 시 ▧목적 : 하도급 계약 정산에 따른 당사 손익(도급대비, 예산대비) 확정 및 변경계약 ▧결과 : 간접비 사용내역 정산자료 | QG62: ▧시기 : 타절 발생 시 ▧목적 : 채불발생 사유, 지급예정일, 지급금액을 협력업체를 통해 확인 ▧결과 : 노임/장비비/자재비/기타비용 등 체불 해소방안 검토 | QM62: ▧시기 : 타절 발생 시 ▧목적 : 협력업체와 협의를 통한 실 공사물량 정산, 최종 정산내역서 확정 ▧결과 : 최종 정산내역서 작성정산 | QS62: ▧시기 : 계약내용 변경 및 공사 진행 사항 변경시 ▧목적 : 월별 기성내역서 작성하여 누계분을 작성하여 관기성과 사기성 차인 수시 확인 ▧결과 : 관기성-사기성 검토서 | QY62: ▧시기 : 발생 시 ▧목적 : 본공사 시작되기 전에 철저하게 준비하는 과정으로, 프로젝트가 원활히 진행되기 위함 ▧결과 : 사전공사 내용 집행사유작성, 사전공사기성협의 및 승인, 내역 등 | RE62: ▧시기 : 공사중 피해물량 혹은 손해 발생시 ▧목적 : 피해를 미리 예측하고, 그에 따른 물량을 사전에 검토하여 프로젝트 예산에 반영 ▧결과 : 피해물량 사전 검토 | RK62: ▧시기 : 공사중 피해물량 혹은 손해 발생시 ▧목적 : 하도급사 외주시스템을 통한 변경계약 체결 ▧결과 : 사전공사 집행승인에 따른 하도급 변경계약 | RQ62: ▧시기 : 소송 및 Claim 발생시 ▧목적 : 분쟁 당사자와 협의를 통한 해결방안 모색 ▧결과 : 분쟁 협의 (공동도급사 사전 협의 포함) | SI62: ▧시기 : 측량 업체 선정시 ▧목적 : 현장 운영중 필요한 용역 수행사유, 발주 예산 검토 ▧결과 : 업체선정 및 계약 체결 (품의 포함) | SO62: ▧시기 : 준공 설계도서 작성기간 고려하여 사전 준비 후 청구 ▧목적 : 공동도급사 탈퇴에 따른 지분율 변동시 준공금 청구내역 변동 검토 및 준공금 청구 ▧결과 : 준공금 신청서 | SU62: ▧시기 : 매분기 ▧목적 : 준공시예정원가 검토를 통한 매출 및 이익 산정 ▧결과 : 준공시예정원가 검토서 | TS62: ▧시기 : 준공후 ▧목적 : 창의성 항목이 있는 경우 설계변경 등을 통해 공사의 효율성을 개선한 사례를 시공평가보고서 상 수록 ▧결과 : 창의성 항목 작성 | UE62: ▧시기 : 준공시 ▧목적 : 준공 전 프로젝트문서 제출 및 업로드를 통한 data 보관 ▧결과 : 프로젝트문서 제출확인서 | VC62: 공동도급사 안분미수 현황 및 조치계획 | VI62: ▧시기 : 준공시 ▧목적 : 업체별 최종 정산 금액 검토 및 하도급사 협의, 도급대비 하도급 정산 수량일치 검토 ▧결과 : (하도급 공종별)예산대비 내역서 | WG62: ▧시기 : 준공시 ▧목적 : 정산, 집행, 투입, 여건보고 등이 적법한 절차에 처리 되었는지 보고하는 절차 ▧결과 : 정산 실행내역서, 경상비 집행현황, 컨틴젼시/여건보고 집행현황, 정산간접비 집행현황
NM63: [국가철도공단] 대외업무 | VC63: ▧시기 : 준공시 ▧목적 : 안분미수금 관리를 통한 CF 관리 ▧결과 : 토목본부 안분미수금 지연사유 및 회수계획
NM64: ▧ 시기 : 착공 이후(국가철도공단과 협의) ▧ 목적 : CPMS(국가철도공단 시스템)의 공사 중 안전 및 방재대비 점검 등 관리 ▧ 결과 : 취약개소 지정, 방재물자 비치, 위험성평가 결과 등
Q67: 독과점 설계반영 | AU67: 공동도급 신탁계약 체결 | CK67: Risk 항목에 대한 대응계획 수립 | CQ67: 사무실 개설 (셋팅) | CW67: 독과점 설계반영 | ES67: VE 시행 | FE67: 보험약관 검토 | FW67: 대금지불 모니터링 시스템 셋팅 | HG67: 준공시예정원가 검토서 작성 | IQ67: 단발성 Cash Out(숙소임대 등) 정리 | JC67: 소방공사 착공신고 | JI67: 감사 결과 조치 보고 | MU67: 직영공사 정산 | NG67: 법정관리 | NY67: 민원 처리 방안 | OE67: 준공시예정원가 검토서 작성 | OW67: 단가승인 내역서 작성, 증감내용 분석 | PC67: 전문업체 견적요청 및 취합(견적대비표 작성) | PI67: 현설조건 검토 | PO67: 하도승인의뢰 자료 작성 / 하도승인의뢰 | PU67: 하도급 CP검토 Check List 작성 | QA67: 하자이행증권 발급내역 본사 및 발주처 협의 | QG67: 선급금 지급현황 검토 | QM67: 타절에 따른 준공시예정원가 변동여부 검토 | QS67: (기성지급)공종별 하도기성 지불조서 작성 및 결재 | QY67: 여건보고 | RE67: 공사손해보험 청구용 손해사정사 검토용역 발주 | RK67: 공사손해보험 정산 집행승인 | RQ67: 협상불가시 대체적 분쟁해결 시도 | SI67: (선정)입찰 | SU67: 준공충당금 설정 | VI67: 정산 내역서 하도급사 협의
Q68: ▧ 시기 : 별도 ▧ 목적 : 기본/실시설계시 독과점 항목 품목 반영 ▧ 결과 : 독과점 항목 적용 승인 품의 | AU68: ▧시기 : 현장착공 후 ▧목적 : 현장 운영중 발생가능한 각사간의 안분미수금 발생시 해결안 제시 ▧결과 : 공동도급 신탁계약서 | CK68: ▧시기 : 현장착공 후 ▧목적 : 발생가능한 Risk 각 항목별 대응계획 수립을 통한 지침서 확보 ▧결과 : Risk 대응에 대한 지침서 | CQ68: ▧시기 : 가설사무실(임대) 축조 시 ▧목적 : 현장 내 비품, 소모품 비치 및 사용인감 신청, 업무에 필요한 부수적인 설비(인터넷, VPN, 복합기, 전화기, 빔프로젝트 등) ▧결과 : 가설사무실 시설물 설치 | CW68: ▧시기 : 설계 시 독과점이 반영된 경우 ▧목적 : 설계에 독과점 공법 반영의 적정성 검토 ▧결과 : 독과점 공법의 설계 반영 | ES68: ▧실시 : 실 착공 후 3개월 이내 ▧목적 : 현장 추가 비용절감 항목에 대한 검토 ▧결과 : VE성과 | FE68: ▧실시 : 착공단계 ▧목적 : 현장 여건에 맞는 보험약관 추가 ▧결과 : 추가보험가입 내역 검토 결과 | FW68: ▧시기 : 하도급 발주 전 ▧목적 : 노무비, 자재비, 장비비, 기타경비 등 하도급 체불관리를 통한 Risk 선제적 관리 ▧결과 : 시스템 셋팅 | HG68: ▧시기 : 착공 단계 ▧목적 : 준공시점의 최종원가 산출을 통한 현장 집행 관리 및 계획 수립 ▧결과 : 준공시 예정원가 검토서 | IQ68: ▧시기 : 매월 ▧목적 : 도급기성 수령금액 관리를 위한 공제계획 작성 ▧결과 : 수령금액 관리를 통한 명확한 CF 관리 | JC68: ▧시기 : 소방공사 착수 전 ▧목적 : 소방시설공사업법에 따라 공사의 내용 등을 소방본부장이나 소방서장에게 신고하여야 함. ▧결과 : 소방시설공사 착공신고서 작성 및 제출, 신고수리 공문 접수 | JI68: ▧시기 : 발생시 ▧목적 : 사내 제규정 준수 여부 감사 및 업무 수행의 효율성 진단 ▧결과 : 감사 결과 지적사항 조치 | MU68: ▧ 시기 : 직영공사 공종 발생시 ▧ 목적 : 정산송익분석, 집행자료 DB화, 최종 도급/실행/기성/집행원가 확인 및 정산 ▧ 결과 : 최종 투자대비 및 손익분석, 직영공사 품의서 | NG68: ▧ 시기 : 상시 ▧ 목적 : 공동도급사의 법정관리에 따른 당사 채권의 회수 불가 상황 사전 방지 ▧ 결과 : 미수채권현황, 안분 미수금 발생에 따른 후속조치 자료 | NY68: ▧ 시기 : 민원 발생시 ▧ 목적 : 민원처리비 집행 사유 및 단가적정성 검토를 통한 민원처리비 집행 품의 ▧ 결과 : 민원처리비 집행 품의서 | OE68: ▧ 시기 : 매분기 ▧ 목적 : 도급, 실행 대비 투입정리 및 경상비 투자분석, 외주비 도급대비 투입 검토 ▧ 결과 : 투자분석 및 Back Charge 집계, 관기성-사기성검토서, 도급대비 집행현황, 월별원가집행 등 | OW68: ▧시기 : Base자료 작성완료 후 ▧목적 : 신규공사 실행예산 적정반영여부 검토 및 공사금액 증감내용 분석 ▧결과 : 단가승인 내역서 | PC68: ▧시기 : 변경실행 준비시기 ▧목적 : 적정집행가 확인 및 검토 ▧결과 : 견적대비표 | PI68: ▧시기 : 입찰 전 1달이내 ▧목적 : 현장설명시 일반/특기조건 반영여부 검토, 발주 전략 사전 점검 ▧결과 : 현장설명서 | PO68: ▧시기 : 입찰(or 심의) 종료 후 즉시 ▧목적 : 입찰/심의결과에 따른 계약진행을 위한 하도승인의뢰 요청/승인 ▧결과 : 하도승인의뢰서(품의승인) | PU68: ▧시기 : 하도급 변경계약 시 ▧목적 : 설계변경 등에 따른 하도급 통지 여부, 하도급대금 조정 여부 확인,하도급 계약금액 관련 부담감액 여부 확인 ▧결과 : 하도급 CP검토 Check List | QA68: ▧시기 : 하도급 정산 시 ▧목적 : 공사완료 이후 하자 발생 시 하도급사의 하자이행 의무 담보 ▧결과 : 하자이행증권 발급내역 본사 및 발주처 협의 | QG68: ▧시기 : 타절 발생 시 ▧목적 : 선급금 미공제불 발생 시 발생현황 및 회수계획을 본사와 협의하여 수립 ▧결과 : 선급금 지급현황 검토 | QM68: ▧시기 : 타절 발생 시 ▧목적 : 협력업체 최종 지급 금액을 반영한 준공시예정원가 업데이트, 계약예정금액 반영 검토 ▧결과 : 타절에 따른 준공시예정원가 변동여부 검토 | QS68: ▧시기 : 계약내용 변경 및 공사 진행 사항 변경시 ▧목적 : 하도급 기성지금 현황 및 잔여금액 확인 ▧결과 : 공종별 하도기성 지불조서 작성 및 결재 | QY68: ▧시기 : 컨티 및 여건 발생시 ▧목적 : 공사 진행 전 혹은 완료 후에 필요한 환경, 조건, 리스크 등을 분석하고 이에 대한 대응 전략을 마련 ▧결과 : 설계도면, 보고서, 여건보고 집행승인, 하도급변경계약, 발주처 통보 | RE68: ▧시기 : 공사중 피해물량 혹은 손해 발생시 ▧목적 : 공사손해보험 청구를 위한 손해사정사 선정 ▧결과 : 공사손해보험 청구용 손해사정사 검토용역 발주 | RK68: ▧시기 : 공사중 피해물량 혹은 손해 발생시 ▧목적 : 품의서 작성 및 본사 승인, 적정 용역비 검토 반영 (다수 업체 견적 검토 등) ▧결과 : 공사손해보험 정산 집행승인용역 | RQ68: ▧시기 : 소송 및 Claim 발생시 ▧목적 : 분쟁 당사자와 분쟁과 관련한 중재, 조정 등의 방안 협의 ▧결과 : 협상불가시 대체적 분쟁해결방안(중재, 조정) | SI68: ▧시기 : 측량 업체 입찰시 ▧목적 : 입찰 참여 업체들이 용역 낙찰받기 위한 가격 투찰 ▧결과 : 견적(입찰)대비표 | SU68: ▧시기 : 준공시 ▧목적 : 준공 이후 공사와 직접적인 연관이 있는 집행 예정 비용을 공사원가에 반영 ▧결과 : 준공충당금 품의 | VC68: 하도급 집행 현황 및 정산 계획 수립 | VI68: ▧시기 : 준공시 ▧목적 : 도급대비 하도급 정산 수량일치 검토, 정산 후 금액이슈 발생 Risk 제거 ▧결과 : (하도급 공종별)정산 내역서 | WG68: 정산감사보고서
VC69: ▧시기 : 준공시 ▧목적 : 최종 정산 금액을 사전 검토하고 하도업체와의 정산 이슈 사전 관리 ▧결과 : 하도급 정산 내역서(하도급 공종별)예산대비 내역서 | WG69: ▧시기 : 준공시 ▧목적 : 재무 상황을 점검하고, 회계 기록이 정확하고 합법적인지 확인 ▧결과 : 공무/ 회계 원가 차인분 검토서, 주요자재 집행현황, 고재처리/건재매출 현황, 공통가설공사 및 경상비 집행현황, 컨틴젼시/여건보고 집행현황, 감사지적사항 조치결과, 합계잔액시산표 미정리 계정 사유, 도급 미결사항
NM70: [서울시] 대외업무
NM71: ▧ 시기 : 발생 시 ▧ 목적 : 고위험작업 수행 전 서울시 사전승인 및 방재물자 비치 협의 ▧ 결과 : 고위험작업 승인, 방재물자 비치
CQ73: 사무실 임차 (가설사무실 축조 불가시) | FE73: 보험료 확정 | IQ73: 외주(하도급, 용역) 집행 계획 작성 | NY73: 기술용역비 | OE73: 준공시예정원가 변동보고 | OW73: 단가승인 품의서 협의 및 승인 | PC73: 변경실행예산 내역서 작성(도급, 실행) 및 증감내용 분석 | PI73: 발주전략 KOM 실시 | PO73: 분리계약 검토 | PU73: 변경 하도승인의뢰 자료 작성 / 변경 하도승인의뢰 | QA73: 정산 하도승인의뢰 자료 작성 / 의뢰 | QG73: 선급금 미공제분 보험청구 | QM73: 계약이행보증증권 청구여부 검토 | QS73: (기성지급)대금지불모니터링 시스템 입력 | RE73: 공사손해보험 청구액에 따른 손익분석 | RK73: 정산 집행승인에 따른 하도급 변경계약 | RQ73: 대체적 분쟁해결 불가시 소송의뢰 | SI73: (선정)하도승인의뢰 | VI73: 정산 하도승인의뢰 작성
CQ74: ▧시기 : 착공 전 ▧목적 : 공사중 사용예정인 가설사무실의 관정 및 정화조 설치 ▧결과 : 가설사무실(관정 및 정화조) | FE74: ▧실시 : 착공단계 ▧목적 : 금액등을 고려한 공사손해보험 가입 ▧결과 : 보험료 확정 결과 | IQ74: ▧시기 : 매월, 매년 ▧목적 : CF관리를 위한 외주 집행계획 수립 ▧결과 : 공정계획 및 선급금을 고려하여 실집행금액 등 관리 | NY74: ▧ 시기 : 기술용역비 발생시 ▧ 목적 : 기술용역비 집행대상 검토를 통한 단가승인, 집행승인, 집행실적관리 ▧ 결과 : 기술용역비 단가승인 품의서, 집행승인 품의서 집행현황 | OE74: ▧ 시기 : 매분기 ▧ 목적 : 준공시 예정원가 변동보고자료 작성, 원가율 변동보고서 상세사유 분석 및 보고서 작성 공사시스템에 반영 ▧ 결과 : 준공시예정원가 검토서 | OW74: ▧시기 : 단가승인내역서 작성후 ▧목적 : 단가반영 적정여부 검토 및 증감내용 본사승인 ▧결과 : 단가승인 품의서(전자결재) | PC74: ▧시기 : 기초자료 작성완료 후 ▧목적 : 신규공사 실행예산 적정반영여부 검토 및 공사금액 증감내용 분석 ▧결과 :변경실행예산 내역서 | PI74: ▧시기 : 발주공종 분개 후 즉시 ▧목적 : 공종별 발주전략 수립 및 현장↔본사간 협의 ▧결과 : 외주자재KOM회의록, KOM승인문서(품의서, 사내공문) | PO74: ▧시기 : 입찰결과 확인 후 ASAP ▧목적 : 건설산업기본법 준수를 위한 하도급율 만족여부 검토 ▧결과 : 관통보율 검토서(예가/도급대비내역서), 하도승인의뢰서(전체분/장비분/하도분) | PU74: ▧시기 : 하도급 변경계약 시 ▧목적 : 하도급 CP위반을 방지 하기 위해 하도급계약 체결 전 Check List 작성 및 Risk Hedge ▧결과 : 하도승인의뢰서 | QA74: ▧시기 : 하도급 정산 시 ▧목적 : 정산 변경계약 체결을 위한 본사 유관부서(토목수행팀, 외주관리팀)로 하도승인의뢰(하도급 변경계약 체결 의뢰) ▧결과 : 정산 하도승인의뢰 자료 | QG74: ▧시기 : 타절 발생 시 ▧목적 : 선급금 이행보증증권 시행을 위한 보증사 요구서류 제출 ▧결과 : 선급금 미공제분 보험청구 | QM74: ▧시기 : 타절 발생 시 ▧목적 : 계약이행보증증권 청구 절차 확인 ▧결과 : 계약이행보증증권 청구여부 검토 | QS74: ▧시기 : 계약내용 변경 및 공사 진행 사항 변경시 ▧목적 : 하수급인, 근로자, 장비, 자재 업자에게 지급하여야 할 대금 인출 제한 ▧결과 : 나라장터-하도급지킴이 도급기성 청구 | QY74: 긴급공사비 집행품의 | RE74: ▧시기 : 공사중 피해물량 혹은 손해 발생시 ▧목적 : 공사손해보험 청구시 수령 가능 예상 금액 산정 ▧결과 : 공사손해보험 청구액에 따른 손익분석 | RK74: ▧시기 : 공사중 피해물량 혹은 손해 발생시 ▧목적 : 하도급사 외주시스템을 통한 변경계약 체결 ▧결과 : 정산 집행승인에 따른 하도급 변경계약 | RQ74: ▧시기 : 소송 및 Claim 발생시 ▧목적 : 본사 법률자문 부서와 법리적 검토 진행 ▧결과 : DLS 법률자문 결과, 법리적 다툼 시 당사의 유불리, 당사 승소 가능성 등 의사결정 참고 자료 | SI74: ▧시기 : 측량 업체 입찰 후 승인의뢰시 ▧목적 : 낙찰자(우선협상대상자)의 입찰금액 검토결과 필요시 단가심의, 저가심의 시행, 승인의뢰 ▧결과 : 용역검토자료, 예산대비내역서, 업체선정의뢰서, 견적대비표, 하도급계약서 등 | VC74: 컨틴젼시/여건보고 최종 전망 작성 | VI74: ▧시기 : 준공시 ▧목적 : 하도급 정산을 위한 하도승인의뢰 요청/승인 ▧결과 : 표준하도급계약서, 하도승인의뢰서 품의서
QY75: ▧시기 : 긴급공사비 발생시 ▧목적 : 긴급공사 발생현황 List up ,긴급공사 별 집행승인 금액 및 집행 현황 관리 ▧결과 : 시공물량산정, 지급기준 검토, 집행승인, 관리대장 업데이트 | VC75: ▧시기 : 준공시 ▧목적 : 컨틴전시 및 여건보고에 따른 준공시 원가상승 요인 여부 파악 ▧결과 : 준공시예정원가 검토서 中 컨틴젼시/여건보고
WG77: 준공보고서
WG78: ▧시기 : 준공시 ▧목적 : 현장 준공시 현황(공사내용, 투입인원, 준공시 원가율 등) 내용 정리 및 보고서 작성,제출 ▧결과 : 공사목적물 유관부서 인수인계 현황, 연도별 손익현황, 컨틴젼시/여건보고 List, 공무/ 회계 원가 차인분 검토서, 준공시예정원가 검토서, 도급 미결사항 현황, 기타준공자료, 준공정산자료
FE79: 공사손해보험 집행승인 | IQ79: 공동도급사 안분 수금 전망 수립 | OE79: 경상비 집행계획 재승인 | OW79: 관리내역서 반영 | PC79: 변경실행 협의 및 승인 | PI79: (100억 이상)하도급 발주설명회 | PO79: 협력업체 계약 | PU79: 변경 계약 | QA79: 협력업체 평가 | QG79: 기투입 설비/자재 등 처리방안 검토 | QM79: 협력업체 중도타절 품의 | QS79: 동반성장 To-Do list 작성 | RE79: 손해사정인 현장 답사 및 피해물량 협의 | RQ79: 관련 증거자료 확보 및 업무협조 | VI79: 정산 하도승인의뢰 본사 협의 및 승인
FE80: ▧실시 : 착공단계 ▧목적 : 보험사와 협의된 금액을 지급 ▧결과 : 집행승인 결과 품의서 | IQ80: ▧시기 : 매월 ▧목적 : CF관리 및 정확도를 높이기 위한 공동사 안분금 수금계획 관리 ▧결과 : 투입금액 지분률별 금액 산정, 미수 발생시 본사지침 따른 조치 | OE80: ▧ 시기 : 매분기 ▧ 목적 : 공사시스템에 준공시예정원가 검토내용 반영, 향후 발생분 경상비 검토, 수행팀 집행계획 승인 ▧ 결과 : 인원투입계획변경, 현장경상비(변경) 집행계획 및 승인 | OW80: ▧시기 : 단가승인 직후 ▧목적 : 본실행대비 변동사항 F ollow-up 및 내역관리 ▧결과 : 관리내역서(단가승인 반영본) | PC80: ▧시기 : 변경실행예산내역서 작성후 ▧목적 : 단가반영 적정여부 검토 및 증감내용 본사승인 ▧결과 : 변경실행 품의서(전자결재) | PI80: ▧시기 : 메인공사 발주 1달전 ▧목적 : 메인공사 발주전 업체pool 및 현장특기사항, 입찰조건 검토 ▧결과 : 발주설명회 KOM회의록 | PO80: ▧시기 : 하도승인의뢰 품의 후 15일 이내 ▧목적 : 공사수행(착공)을 위한 최초계약 체결 ▧결과 : 계약서(최초) | PU80: ▧시기 : 하도급 변경계약 사유 발생 시 ▧목적 : 변경된 공사내용에 대한 최종 협력업체 계약 반영 ▧결과 : (변경)하도급계약서 | QA80: ▧시기 : 하도급 정산 시 ▧목적 : 협력업체 중 공사수행능력의 수준, 협조 수준 등을 기록하여 향후 협력업체 선정 시 보조자료로 활용 ▧결과 : 협력업체 평가 | QG80: ▧시기 : 타절 발생 시 ▧목적 : 현장에 투입한 설비/자재의 처리방안 확정 ▧결과 : 기투입 설비/자재 등 처리방안 검토 | QM80: ▧시기 : 타절 발생 시 ▧목적 : 협력업체 타절 품의서 작성 및 상신 ▧결과 : 협력업체 중도타절 품의 | QS80: ▧시기 : 계약내용 변경 및 공사 진행 사항 변경시 ▧목적 : 하도급법 준수 체크 및 사내 자진신고를 통한 제재(임직원) 면제 기회 부여 ▧결과 : 동반성장 To-Do-List | QY80: 사전공사기성 관리대장 업데이트 | RE80: ▧시기 : 공사중 피해물량 혹은 손해 발생시 ▧목적 : 협력업체 협의 또는 공사손해보험 청구를 위한 손해금액 산정 ▧결과 : 손해사정인 현장 답사 및 피해물량 협의 | RQ80: ▧시기 : 소송 및 Claim 발생시 ▧목적 : 청구권 보전을 위해 필요한 사항의 이행 ▧결과 : 법적 다툼 발생 시 활용이 가능한 서면 등의 근거자료 | SI80: (선정)계약 | VC80: 준공시예정원가 검토 | VI80: ▧시기 : 준공시 ▧목적 : 하도급 정산을 위한 정산 하도승인의뢰 본사 협의 및 승인 ▧결과 : 표준하도급계약서, 하도승인의뢰서 품의서
QY81: ▧시기 : 사전공사 기성발생 ▧목적 : 사전공사기성 발생현황 List up, 사전공사기성 별 집행승인 금액 및 집행 현황 관리 ▧결과 : 사전공사기성 관리대장 업데이트 | SI81: ▧시기 : 측량 업체 계약시 ▧목적 : 당사 시스템을 통해 표준 계약서를 이용하여 계약 체결 ▧결과 : 하도급 계약서 | VC81: ▧시기 : 준공시 ▧목적 : 단위현장의 예상되는 손익 검토, 정확한 준공시 예정원가 산출을 통한 분식회계 방지 ▧결과 : 준공시예정원가 검토서
FE85: 공사손해보험 계약 체결 (금융팀 협의) | IQ85: 자재비 집행계획 작성(Buy Back 고려) | PC85: 관리내역서 반영 | PI85: 공동도급사 추천업체 수신 | PO85: 발주처 저가심의 분석자료 작성 | QG85: 계약해지 예고 공문 발송 | QM85: 하도급 타절정산 하도승인의뢰 | RE85: 피해복구 내역서 작성 | RQ85: 소송/진행상황 모니터링 | VI85: 하도급 정산 변경계약 체결 및 하자이행증권 징수
FE86: ▧실시 : 착공단계 ▧목적 : 공사 시 사고 및 재해로 인한 물적보상 청구 ▧결과 : 공사손해보험 계약체결(자금관리) | IQ86: ▧시기 : 매월 ▧목적 : 자재 사용계획 수립을 통한 집행계획 수립 ▧결과 : 지급자재 설계대비 사용량 검토, 필요시 Buy Back 실시 | PC86: ▧시기 : 변경실행 품의 직후 ▧목적 : 변경실행내역서 기준으로 관리내역서 재작성 ▧결과 : 관리내역서(변경실행 반영본) | PI86: ▧시기 : 업체선정의뢰(입찰) 전 2주 ▧목적 : 공동도급협약에 따른 공동사 추천업체 입찰참여 반영 ▧결과 : 공동사 추천공문, 지명원 | PO86: ▧시기 : 계약체결 후 30일이내(관통보 전 실시) ▧목적 : 건설산업기본법 불만족사 심의진행 및 발주처 승인 得 ▧결과 : 하도급심사 자기평가서, 발주처 승인문서 | QG86: ▧시기 : 타절 발생 시 ▧목적 : 계약해지 요건 충족여부 검토 및 관련공문 송부 ▧결과 : 계약해지 예고 공문 발송 | QM86: ▧시기 : 타절 발생 시 ▧목적 : 협력업체와 최종 협의된 정산금액 기준으로 하도승인의뢰 ▧결과 : 하도급 타절정산 하도승인의뢰 | QY86: 공사 채권카드 관리대장 업데이트 | RE86: ▧시기 : 공사중 피해물량 혹은 손해 발생시 ▧목적 : 피해복구에 필요한 공사금액 등 산정 ▧결과 : 피해복구 내역서 작성 | RQ86: ▧시기 : 소송 진행 시 ▧목적 : 소송 진행과 관련한 법원 등 사법기관의 소송 진행사항 모니터링 및 향후 소송 종결 시기 전망 ▧결과 : 소송/진행상황 | VC86: 잔여공사 현황 정리 | VI86: ▧시기 : 준공시 ▧목적 : 하도급 정산 및 향후 하자발생시 조치근거 확보 ▧결과 : 표준하도급계약서, 하자이행증권
QY87: ▧시기 : 공사채권발생 ▧목적 : 공사 채권카드기성 발생현황 List up, 공사 채권카드기성 별 집행승인 금액 및 집행 현황 관리 ▧결과 : 공사 채권카드 관리대장 업데이트 | VC87: ▧시기 : 준공시 ▧목적 : 준공시 과업이 완료될 수 있도록 사전검토 및 미완료 과업 조치계획 수립 ▧결과 : 잔여공사 공정표
IQ91: 영세율, 면세관련 계약조건 확인 | PI91: 업체선정의뢰 자료 작성 / 업체선정의뢰 | PO91: 협력업체 조직표 검토 및 업무 처리절차 확정 | QG91: 타절에 따른 정산 시공물량 산정 | QM91: 후속업체 선정 검토 | RE91: 손해사정인과 피해 복구금액 협의 | RQ91: 소송 관련 비용 집행
IQ92: ▧시기 : 계약시 ▧목적 : 계약서류 사전 확인으로 영세율, 면세관련 조건 확인 ▧결과 : 해당사항 확인을 통한 명확한 CF관리 | PI92: ▧시기 : 공사 착공전 2주 전 ▧목적 : 발주/입찰을 위한 업체선정의뢰 요청/품의 ▧결과 : 업체선정의뢰 품의서 | PO92: ▧시기 : 계약공사 착공전 ▧목적 : 협력업체 현장/본사 적정 인력배치여부 확인 및 업무수행 적정성 검토 ▧결과 : 협력업체 조직도, 현장기술자 관련서류 | QG92: ▧시기 : 타절 발생 시 ▧목적 : 타절에 따른 물량 정산서를 작성하여 관련 당사자에게 제출 ▧결과 : 타절에 따른 정산 시공물량 산정 | QM92: ▧시기 : 타절 발생 시 ▧목적 : 타절 협력업체가 수행하던 공종에 대한 후속 금액 산정 ▧결과 : 후속업체 선정 검토 | RE92: ▧시기 : 공사중 피해물량 혹은 손해 발생시 ▧목적 : 합리적인 피해복구 금액의 확인, 피해금액 합리성 검토 ▧결과 : 손해사정인과 피해 복구금액 협의 | RQ92: ▧시기 : 소송 및 Claim 발생시 ▧목적 : 법률자문사 비용 등 소송과 관련한 비용의 집행 ▧결과 : 소송 관련 비용 집행 | VC92: 준공계획보고 작성
VC93: ▧시기 : 준공시 ▧목적 : 원활한 준공을 위한 사전계획 수립 ▧결과 : 준공계획보고서
IQ97: 총괄 C/F 작성(엑셀 및 efms) | PI97: 현장설명회 및 입찰 | PO97: 하도급 발주처 통보 | RE97: 보험금 수령현황 모니터링
IQ98: ▧시기 : 매분기 또는 매년 ▧목적 : 자금수지 계획 수립을 위한 CF관리계획 수립 ▧결과 : 외주비, 경상비, 자재비, 기성수금, 안분금수금 등 계획 수립을 통한 일정주기별 CF관리계획 수립 | PI98: ▧시기 : 입찰 1주일 전 ▧목적 : 입찰을 위한 현장설명회 개설 및 입찰 진행 ▧결과 : 현장설명서(날인본), 입찰대비내역서, 업첼별 입찰서류 | PO98: ▧시기 : 계약일 30일이내 ▧목적 : 건설산업기본법 준수를 위한 하도급계약 체결 통보 ▧결과 : 하도급계약체결 통보서(공문), 건설공사대장(KISCON) | RE98: ▧시기 : 공사중 피해물량 혹은 손해 발생시 ▧목적 :보험금 청구에 따른 수금 및 종결까지 모니터링 ▧결과 : 보험금 수령현황 모니터링 | VC98: 준공계획보고 본사 협의 및 결재
VC99: ▧시기 : 준공시 ▧목적 : 원활한 준공을 위한 사전계획 수립 ▧결과 : 준공계획보고서
IQ103: 당월 CF의 BP/전월 RP대비 차인 사유 검토
IQ104: ▧시기 : 매월 ▧목적 : 외주비, 자재비 등 월 집행계획 검토를 통한 차인사유 확인 ▧결과 : 집행 계획과 실집행과의 차인과 사유를 확인 | VC104: 직원 철수계획 수립
VC105: ▧시기 : 준공시 ▧목적 : 준공시점 효율적 인력운영을 위한 철수계획 검토 ▧결과 : 인력운영계획
H113: 설계
EY114: 설계도서 검토 용역 수행 | FE114: 보험 가입내역 발주처 협의 | GC114: 각종 보고서 양식 확정 | IK114: 총체계약 | IW114: 발주처 조직 및 업무분장 조사 | JC114: 사업승인요청 | JO114: 대외감사 | KY114: 도면관리 | LK114: 관급자재 | MI114: 선급금 신청 | NY114: 민원 접수 및 현황 정리 | OE114: 준공시예정원가 검토서 작성 | OQ114: 설계변경 List 관리 | SO114: 최종 도급내역서 정리 | TS114: 시공평가보고서 취합 및 발주처 제출 | UE114: 직접 제출 또는 e캐비넷 등 시스템 등록 | VI114: (도급)PS항목 최종 내역 작성 | VO114: 설계도서 준비 | VU114: 시공상세도면 제출 | WA114: 준공보고서
EY115: ▧실시 : 착공단계 ▧목적 : 내역서, 도면, 수량산출서 검토를 통한 결과 발주처 승인 ▧결과 : 설계도서 검토결과 및 검토보고서 | FE115: ▧실시 : 착공단계 ▧목적 : 보험 가입내역 발주처와 협의 시행 ▧결과 : 발주처 협의 | GC115: ▧실시 : 착공단계 ▧목적 : 작성기준 및 양식을 발주자와 협의하여 추후 원활하게 처리 ▧결과 : 각 종 보고서 확정 양식 | IK115: ▧시기 : 필요시 ▧목적 : 설계변경 등을 통한 변경계약 필요시 변경계약 실시 ▧결과 : 도급금액, 공기, 설계도서 등 변경 | IW115: ▧시기 : 매분기 또는 매년 (인사이동시) ▧목적 : 효율적인 대관업무 진행을 위한 업무분장 및 조직도 조사 ▧결과 : 발주처 담당자 및 업무분장 파악을 통한 효율적인 발주처 관리 | JC115: ▧시기 : 발생시 ▧목적 : 사업승인요청 및 적법/적시 승인 ▧결과 : 사업승인 기관의 사업승인 인가 서류 | JO115: ▧시기 : 대외감사 발생시 ▧목적 : 대외감사 관련규정,설계도서,시방서,제규정 준수여부 수검 ▧결과 : DQMS 대외감사 지적사항, 확인서 제출결과 입력 | KY115: ▧시기 : 현장에 사용되는 도면의 항상 최신본 관리 ▧목적 : 도면 관리 절차에 따른 현장 도면 관리 ▧결과 : 현장 내 각 팀별, 협력업체 공유로 오류 방지 | LK115: ▧ 공종별 소요 품목 파악 ▧ 설계수량 확인, 품질기준 확인 ▧ 자재 등급별 분류표 작성 ▧ 관급자재 소요계획서 작성 ▧ 관급자재 발주 요청(감독/감리) | MI115: ▧ 시기 : 선급금 신청시 ▧ 목적 : 선급금 신청을 위한 공동사 수금여부 확인, 내역작성, 사용계획작성 및 보증증권 발급신청 ▧ 결과 : 선급금 내역서, 사용계획서, 선금보증증권 | NY115: ▧ 시기 : 민원 발생시 ▧ 목적 : 민원인 면담록 작성 및 현장확인을 통한 현황 정리 ▧ 결과 : 민원 면담 회의록 | OE115: ▧ 시기 : 매분기 ▧ 목적 : 실정보고 제출 후 설계변경사항 확인, 변경분에 대한 신규단가 산출근거 확인 및 단가 적정성 검토 ▧ 결과 : 집행원가율 | OQ115: ▧시기 : 발주처별 상이하나 반기 or 분기 ▧목적 : 용역업체에 물가변동 검토보고서 제출 요청 ▧결과 : 계약 및 기성내역서, 예정공정표 등 | SO115: ▧시기 : 준공검사 전까지 ▧목적 : 발주처로 부터 승인된 설계변경에 따른 총사업비 변경, 물가변동 및 기타 계약내용의 변경사항을 기존 도급내역서에 반영 ▧결과 : 총사업비 변경 실정보고 승인/최종 도급내역서 | TS115: ▧시기 : 준공후 ▧목적 : 시공평가보고서의 발주처 제출 ▧결과 : 시공평가보고서, 시공평가보고서 제출 공문 | UE115: ▧시기 : 준공시 ▧목적 : 프로젝트 문서/정보 관리를 종이문서 또는 전자문서로 등록, 보존, 활용 ▧결과 : 프로젝트문서 업로드 | VI115: ▧시기 : 준공시 ▧목적 : 준공전 일상감사, 준공검사 및 원활한 준공을 위한 PS항목 정산 내역 반영 ▧결과 : 최종 도급내역서 | VO115: ▧시기 : 준공시 ▧목적 : 준공 설계도서 제출 ▧결과 : 준공설계도서 | VU115: ▧시기 : 준공시 ▧목적 : 준공 후 하자보수 및 분쟁 발생시 실제 목적물의 정확한 공사현황 확인이 가능함 ▧결과 : 시공상세도면 | WA115: ▧시기 : 준공시 ▧목적 : 준공 후 하자보수 및 분쟁 발생시 실제 목적물의 정확한 공사현황 확인이 가능함 ▧결과 : 시공상세도면
EY120: 설계도서 검토 | GC120: 착공계 제출 | IK120: 차수계약 | IW120: 발주처 요구 사항 및 대응 결과 정리 | JO120: 정기안전점검 | KY120: 도면 수정사항 업데이트 및 관리 | MI120: 선급금 수금 | NY120: 귀책사유 판단 | OQ120: 물가변동 | SO120: 준공 설계도서 제출 | UE120: 셀프 체크리스트 작성 | VI120: (도급)간접비 최종 정산 금액 작성 | VO120: 기성자료 | VU120: 준공도면 제출 | WA120: 토질(지반) 보고서, 터널해석보고서
EY121: ▧실시 : 착공단계 ▧목적 : 현장여건과 상이한 부분 검토를 통한 공사 Risk Hedge ▧결과 : 설계도서 검토자료 | GC121: ▧실시 : 착공단계 ▧목적 : 관련법규(건산법)에 의거, 도급계약 후 7일 이내 또는 입찰안내서에 명기된 기일 이내 제출 ▧결과 : 착공계 | IK121: ▧시기 : 매년 ▧목적 : 차수공사의 경우 예산 확보등의 사유로 매년 착공과 준공을 실시, 이를 관리하기 위한 방안 ▧결과 : 차수별 예산안 확정, 차수별 내역서, 설계도서 작성 | IW121: ▧시기 : 필요시 ▧목적 : 발주처 요청에 따른 자료 제출시 원가/법률적 impact 여부 사전파악 ▧결과 : 요청자료 제출 전 impact 여부 사전 확인하여 risk 감소 및 기회 창출 | JO121: ▧시기 : 도급계약 체결 후 정기안전점검 대상 공종 착수 전 ▧목적 : 건진법 제100조에 따른 정기안전점검 실시 ▧결과 : 발주청 공문 안전점검수행기관 지정통보, 시공사 공문 계약체결결과 보고, 정기안전점검보고서 | KY121: ▧시기 : 도면개정사항 발생 시 ▧목적 : 현장에 사용되는 도면의 항상 최신본 관리 ▧결과 : 도면 관리 잘못에 따른 재시공 및 보수작업을 방지 | MI121: ▧ 시기 : 선급금 수금시 ▧ 목적 : 선급금 청구 및 수금, 기성청구시 현황 관리대장작성 ▧ 결과 : 기성수금현황 관리대장 | NY121: ▧ 시기 : 민원 발생시 ▧ 목적 : 계약조건에 따른 민원 분류 ▧ 결과 : 민원조사 보고서 | OQ121: ▧시기 : 발주처별 상이하나 반기 or 분기 ▧목적 : 적기 설계변경 진행을 통한 Risk 제거 및 기회 발굴 ▧결과 : Change Control Log Sheet | SO121: ▧시기 : 준공검사 전후 ▧목적 : 도급 설계변경에 따라 추가/변경 내용을 기존 설계도면에 수정 또는 추가 반영한다. ▧결과 : 준공 설계도서(도면, 추가 시방서, 구조계산서 등) | UE121: ▧시기 : 준공시 ▧목적 : 프로젝트문서 제출 내역 점검 ▧결과 : 셀프 체크리스트 | VI121: ▧시기 : 준공시 ▧목적 : 준공전 일상감사, 준공검사 및 원활한 준공을 위한 간접비 정산 내역 반영 ▧결과 : 최종 도급내역서 | VO121: ▧시기 : 준공시 ▧목적 : 예비준공검사를 위한 공사도급 관련한 계약, 수금, 잔여 현황 정리 ▧결과 : 기성현황 자료 | VU121: ▧시기 : 준공시 ▧목적 : 공사중 설계변경 등으로 변경된 목적물을 확인하기 위함 ▧결과 : 준공도면 | WA121: ▧시기 : 준공시 ▧목적 : 공사중 가시설, 발파패턴 및 발파방법 등의 안정성을 확인할 수 있음 ▧결과 : 토질(지반) 보고서, 터널해석보고서
IK126: 도급 기성 | IW126: 발주처/외부기관 현장 방문 | NY126: 민원 처리 방안 | OQ126: 기준/지침/법령 변경에 따른 설계변경 | SO126: 준공금 청구 | VI126: (도급)최종 정산내역서 작성 | VO126: 발주처 자료제출 | VU126: 공사사진첩 제출 | WA126: 준공도면
IK127: ▧시기 : 필요시 ▧목적 : 도급기성 청구로 미청구미수 해소등을 통한 CF개선 ▧결과 : 도급기성 수금시 15일 이내 해당공종 하도급기성 집행 필요 | IW127: ▧시기 : 발생시 ▧목적 : 발주처/외부기관 방문시 원활한 방문응대 ▧결과 : 방문시 원활한 방문응대로 당사 이미지 제고 | NY127: ▧ 시기 : 민원 발생 시 ▧ 목적 : 민원 처리를 위한 방안 검토 ▧ 결과 : 민원 대응 방안(공사성 민원 - 공사 방법의 개선, 민원인 요구사항의 수용 및 민원처리비 집행, 사업성 민원 - 민원인 설명 및 필요 시 발주자 보고) | OQ127: ▧시기 : 발주처별 상이하나 반기 or 분기 ▧목적 : 기준/지침/법령 변경에 따른 설계변경 및 발주처승인 ▧결과 : 각종 설계도서 검토서, 발주처 승인공문, 공사비 증감내역 등 | SO127: ▧시기 : 준공검사 후 ▧목적 : 준공금 수금 ▧준공대가 수령전 계약금액조정 청구 공문 발송(Claim 미해결시) 및 하자보증내역 발주처 협의 필요 ▧결과 : 준공금 청구서 | VI127: ▧시기 : 준공시 ▧목적 : 준공전 일상감사, 준공검사 및 원활한 준공을 위한 최종 정산 내역 반영 ▧결과 : 최종 도급내역서 | VO127: ▧시기 : 준공시 ▧목적 : 공사중 설계변경 등으로 변경된 목적물을 확인하기 위함, 공사중, 공사후 여건과 실시공여부 확인 ▧결과 : 시공상세도면, 준공도면, 공사사진첩, 인허가 | VU127: ▧시기 : 준공시 ▧목적 : 공사중 공사 현황, 여건, 실공사 여부 확인하기 위함 ▧결과 : 공사사진첩 | WA127: ▧시기 : 준공시 ▧목적 : 공사중 설계변경 등으로 변경된 목적물을 확인하기 위함 ▧결과 : 준공도면
IK132: 기성공사 실적증명서 발급 | OQ132: 설계서의 오류에 따른 설계변경 | VI132: (도급)최종 설계변경 내용 발주처 협의 및 승인 | VU132: 인허가 필증 제출 | WA132: 준공내역서
IK133: ▧시기 : 매년초 ▧목적 : 매년 기성실적 건설협회 등 신고를 위한 실적증명서 발급 ▧결과 : 본사 요청에 따라 초안 본사 확인 후 발주처 날인본 본사발송 | OQ133: ▧시기 : 발주처별 상이하나 반기 or 분기 ▧목적 : 설계서 오류에 따른 설계변경 및 발주처 승인 ▧결과 : 각종 설계도서 검토서, 발주처 승인공문, 공사비 증감내역 등 | VI133: ▧시기 : 준공시 ▧목적 : 준공전 일상감사 및 예비준공검사의 지적사항에 대한 설계변경 협의 및 승인 ▧결과 : 최종 설계변경 승인 | VO133: 국토안전관리원 자료제출 | VU133: ▧시기 : 준공시 ▧목적 : 공사 수행 관련 인허가 사항을 적법하게 완료하였음을 확인하고 향후 분쟁 등을 대비 ▧결과 : 인허가 | WA133: ▧시기 : 준공시 ▧목적 :공사중 설계변경 등으로 변경된 목적물을 내역에 반영하기 위함 ▧결과 : 준공내역서
VO134: ▧시기 : 준공시 ▧목적 : 준공과 관련된 서류를 제출하므로서 목적물의 정확한 인수인계 내용을 확인하기 위함 ▧결과 : 국토안전관리원 제출자료 1식
OQ138: 원가 개선을 위한 설계변경 | VI138: (도급)공사도급계약서 정산계약 체결 | WA138: 공사시방서
OQ139: ▧시기 : 발주처별 상이하나 반기 or 분기 ▧목적 : 원가개선을 위한 설계변경 및 발주처 승인 ▧결과 : 각종 설계도서 검토서, 발주처 승인공문, 공사비 증감내역 등 | VI139: ▧시기 : 준공시 ▧목적 : 원활한 준공을 위한 최종 정산 계약 체결에 대한 설계변경 협의 및 승인 ▧결과 : 최종도급계약서 | WA139: ▧시기 : 준공시 ▧목적 : 공사중 품질, 안전을 확보하기 위한 자재, 공사방법 등을 기술함 ▧결과 : 공사시방서
OQ144: 시공물량 정산에 따른 설계변경 | WA144: 구조 및 수리 계산서 등
OQ145: ▧시기 : 발주처별 상이하나 반기 or 분기 ▧목적 : 시공물량 정산에 따른 설계변경 및 발주처 승인 ▧결과 : 각종 설계도서 검토서, 발주처 승인공문, 공사비 증감내역 등 | WA145: ▧시기 : 준공시 ▧목적 : 공사중 품질, 안전성을 확보하였는지 확인 할 수 있음 ▧결과 : 구조 및 수리 계산서 등
OQ150: 계약자 귀책이 없는 사유로 인한 설계변경 | WA150: 준공계 작성
OQ151: ▧시기 : 발주처별 상이하나 반기 or 분기 ▧목적 : 계약자 귀책이 없는 사유(공기연장, 천재지변 등)로 인한 설계변경 및 발주처 승인 ▧결과 : 설계변경 검토서, 사례자료, 발주처 승인공문 | WA151: ▧시기 : 준공시 ▧목적 : 준공 내용을 목록화하여 인수인계 하여 목적물의 정확한 인수인계 내용을 확인하기 위함 ▧결과 : 준공계
WA156: 발주처 및 인수기관 인수통보서 접수
WA157: ▧시기 : 준공시 ▧목적 : 준공점검, 준공계 등의 작업 완료후 목적물을 인수인계 하였음을 확인하는 통보서 ▧결과 : 발주처 및 인수기관 인수통보서
H163: 시공
K164: 축조계획 수립 | W164: 착공신고서 | AC164: 공정계획 수립 | AO164: 품질관리 사항 발췌/정리 | CQ164: 가설사무실 축조 | DC164: 착공신고서 | DI164: 공정계획 수립 | DU164: 착수전 측량 수행 | EA164: 지장물 관리 | EM164: 자재 관련 | EY164: 설계도서 검토 용역 수행 | GC164: 각종 보고서 양식 확정 | IW164: 발주처 요구 사항 및 대응 결과 정리 | JC164: 위험물 취급허가 | JO164: 영향평가 협의내용 관리대장 | JU164: 시공준비단계 | KM164: 계측계획서 작성/검토 | LK164: 관급자재 | MO164: 설계 외 작업에 대한 수량검토 | MU164: 직영공사 준비 | NA164: 공정 실적관리 | NM164: 일반업무 | NY164: 민원 처리 방안 | OE164: 하도급/자재 기성검토 | OQ164: 기준/지침/법령 변경에 따른 설계변경 | QA164: 시공물량 정산 | QS164: (기성지급)월별 시공물량 검토 / 시공 도면 및 수량산출서 작성 | QY164: 컨틴젼시 | SI164: (수행)측량계획 수립 | SO164: 잔공사 및 공사기간 연장여부 검토 | TA164: 준공공정표 작성 | TM164: Punch List 정리 | TS164: 공정관리 항목 작성 | TY164: 각종 시험성적서 정리 | VI164: 시공물량 정산 | VO164: 시공관리 | VU164: 시설물 유지관리 지침 제출 | WA164: 안전점검 종합보고서, 초기점검 보고서
K165: ▧시기 : 단가승인 이전 ▧목적 : 가설사무실 축조 및 임대차사무실 인테리어를 위한 도면 작성, 작성된 도면을 토대로 하도급업체 견적 접수 ▧결과 : 사무실 도면 및 하도급업체 견적서 | W165: ▧ 시기 : 공사도급계약 체결 이후(공사도급계약서 상 일자 확인) ▧ 목적 : 공정관리계획 및 공사중 안전관리 방안에 대한 계획 보고 ▧ 결과 : 예정공정표, 공정관리계획서, 안전관리계획서 | AC165: ▧시기 : 공정KOM 이 후 토목수행팀과 함께 작성 ▧목적 : CP공정 관리 강화로 원가상승 요인인 돌관공사 방지 ▧결과 : 예정공정계획(P6) | AO165: ▧ 시기 : 착공전 ▧ 목적 : 현장의 중점 품질관리 사항 도출 ▧ 결과 : 품질관리계획서 內 중점 품질관리 사항 | CQ165: ▧실시 : 시공계획서, 인허가 승인 완료 후 ▧목적 : 계획공정 진도관리 및 자재수량 및 규격 확인 ▧결과 : 가설사무실 축조 완료 후 사용 검사 필증 수령 | DC165: ▧실시 : 착공 시 ▧목적 : 공사 착수의 신고, 및 공사의 수행과 관련한 안전관리계획서, 품질관리계획서 제출 ▧결과 : 안전관리계획서, 품질관리계획서 | DI165: ▧실시 : 착공전 ▧목적 : CP공정 관리를 통한 조기 준공 및 원가 상승 요인 차단 ▧결과 : 예정공정표 | DU165: ▧시기 : 착공직후 ▧목적 : 설계도서에 준하는 대상물의 위치,표고,물량등 관리에 필요한 기준 확보 ▧결과 : 측량결과보고서(대외공문) | EA165: ▧실시 : 착공초기 ▧목적 : 공사구간 및 연도변 지장물을 확인하여 공사 착수전 이설 등 조치, 누락 지장물 확인 ▧결과 : 지장물 이설요청(대외공문) | EM165: ▧실시 : 착공초기 ▧목적 : 자재투입시기, 수량을 산출하여 적기에 자재를 투입하여 원활한 공사 수행 ▧결과 : 자재투입계획서(부서간 공유) | EY165: ▧실시 : 착공단계 ▧목적 : 내역서, 도면, 수량산출서 검토를 통한 결과 발주처 승인 ▧결과 : 설계도서 검토결과 및 검토보고서 | GC165: ▧실시 : 착공단계 ▧목적 : 작성기준 및 양식을 발주자와 협의하여 추후 원활하게 처리 ▧결과 : 각 종 보고서 확정 양식 | IW165: ▧시기 : 필요시 ▧목적 : 발주처 요청에 따른 자료 제출시 공정/원가 impact 여부 사전파악 ▧결과 : 요청자료 제출 전 impact 여부 사전 확인하여 공정 risk 감소 | JC165: ▧시기 : 필요시 ▧목적 : 암반굴착용 화약류 사용을 위한 관련법에 의한 소정의 인허가 취득 및 경찰서 민원실 인허가 취득 ▧결과 : 위험물 취급 허가서 | JO165: ▧시기 : 협의내용 이행시기 도래시 ▧목적 : 건설공사 시행에 따른 영향요인을 사전에 분석하고 이를 저감 ▧결과 : 협의내용 관리대장 | JU165: ▧시기 : 대상 발생 시 ▧목적 : 고위험작업에 대한 작업허가제도 및 주요 위험공정에 대한 점검 활동 ▧결과 : 안전작업허가서 (개인PC) | KM165: ▧시기 : 연약지반 개량 2개월전 ▧결정 : 공사팀장, 품질팀장 ▧주관 : 현장 공사/품질팀 ▧협의 : 공무설계팀/안전팀 ▧목적 : 계측방법, 계측기설치위치, 계측주기, 계측보고서 작성주기 | LK165: ▧ 공정계획 작성, 품목확인 ▧ 자재청구서 작성 ▧ 자재반입시기, 수량 결정 ▧ 자재반입계획서 작성 ▧ 자재식별, 보관방법 결정 | MO165: ▧ 시기 : 작업지시사항 발생시 ▧ 목적 : 하도급법에 따라 계약 외 수량을 사전에 파악하여 법 준수를 위한 사전 관리 ▧ 결과 : 설계도면, 수량산출서 | MU165: ▧ 시기 : 직영공사 공종 발생시 ▧ 목적 : 직용공사 수행을 위한 노무/장비/자재 계획 수립 및 시공에 관한 전반적인 검토 ▧ 결과 : 공정표, 직영풀현황, 시공계획서, 시공발표회자료, 시공검토서 | NA165: ▧ 시기 : 일일, 주간, 월간, 연간 정기적 수행 ▧ 목적 : 계획된 공정 대비 실적공정 비교 및 차이 발생 시 원인 분석, 공정 지연 시 만회대책 수립, 연간 달성 가능 매출액 산정 등 ▧ 결과 : 공정표, 직영풀현황, 시공계획서, 시공발표회자료, 시공검토서 | NM165: ▧ 시기 : 안전관리계획서 개정 및 심사(발생시), SPOT점검(매일) ▧ 목적 : 근로자 안전보건 확보, 고위험 Spot으로 지정된 사항에 대해 점검 후 사진을 시스템에 등재 ▧ 결과 : 안전관리시스템 | NY165: ▧ 시기 : 비용 미발생 민원 ▧ 목적 : 공사계획 수립시 민원인 요구사항 고려 ▧ 결과 : 민원조사 보고서 | OE165: ▧시기 : 매월 末 ▧목적 : 협력사에서 송부한 기성자료의 적정성 여부를 검토하여 공무팀과 공유 ▧결과 : 하도급/자재 기성서류 검토서(개인PC), 하도급 투자분석(개인PC), 사전공사기성관리대장 | OQ165: ▧시기 : 발주처별 상이하나 반기 or 분기 ▧목적 : 설계도면 오류에 따른 문제발생 사전 예방 및 설계변경 준비 ▧결과 : 구조검토 의견서 또는 구조계산서 | QA165: ▧시기 : 하도급 계약 정산시 ▧목적 : 실공사 물량을 기록, 시간 or 과투입 됐는지 여부와 적게 투입 됐는지 정확히 기록 ▧결과 : 실시공물량 정산 결과 | QS165: ▧시기 : 월별 or 상시 ▧목적 : 월별 시공물량 기록관리하여 월별 투입량을 정확히 산출하고 추후 기성청구에도 활용 ▧결과 : 변경 도면, 변경 수량산출서 | QY165: ▧시기 : 컨티 발생시 ▧목적 : 공사에 필요한 기술적인 도면이나 설계도를 작성하여, 현장 작업자들이 정확하게 작업을 수행할 수 있도록 돕고, 작업이 원활하게 진행되도록 함 ▧결과 : 컨틴젼시 관련 설계도면 | SI165: ▧시기 : 측량 전 계획수립 시 ▧목적 : 측량 업체로부터 측량수행계획 접수(공문), 계약서(현장설명서)와 측량수행계획 비교하여 적정여부 확인 ▧결과 : 측량계획서 | SO165: ▧시기 : 예정공정 지연 발생(예상) 시 ▧목적 : 준공기한 준수 (공기지연에 따른 지체상금 Risk 제거) ▧결과 : 공기단축 방안, 공사기간 연장 | TA165: ▧시기 : 준공시 ▧목적 : 최종 준공공정표 작성 및 발주처 보고 ▧결과 : 최종 준공공정표 | TM165: ▧시기 : 준공시 ▧목적 : 공사의 마무리 단계에서 미처리된 사항을 관리하고 해결할 수 있도록 함 ▧결과 : 펀치리스트 | TS165: ▧시기 : 준공후 ▧목적 : 공정관련 사항의 시공평가보고서 상 내용 수록 ▧결과 : 공정관리 항목 | TY165: ▧시기 : 준공시 ▧목적 : 품질과 기준이 충족되었는지 확인하고, 문제를 사전 예방 ▧결과 : 검측요청서, 검측요청 결과 통보서 | VI165: ▧시기 : 준공시 ▧목적 : 협력사 정산 시 실질적인 정산자료로 활용, 협력업체와의 불필요한 분쟁 해소 ▧결과 : 시공물량정산 서류, 감리단 확인 서류 | VO165: ▧시기 : 준공시 ▧목적 : 펀치리스트 준비, 공사일지작성, 취약관리지점 관리대장 등 작성하여 예비준공검사 서류준비 ▧결과 : 펀치리스트, 지적사항 사진대지, FAN,NCR 조치결과 등 | VU165: ▧시기 : 준공시 ▧목적 : 준공후 목적물 인수자가 목적물 관리를 원할하게 하고 하자 책임 소재 등을 명확히 할 수 있음 ▧결과 : 시설물 유지관리 지침 | WA165: ▧시기 : 준공시 ▧목적 : 공사 중, 준공전 목적물의 상태를 측정, 점검하여 인수인계시 목적물의 상태를 정확히 확인하여 준공후 변화를 비교할 수 있음 ▧결과 : 안전점검 종합보고서
W170: 각종인허가 | AC170: 공정계획 셋팅 | AO170: 품질방침 및 품질목표 수립 | DI170: 공정계획 셋팅 | DU170: 연도변조사 수행 | EA170: 문화재 관리 | EY170: 설계도서 검토 | IW170: 발주처/외부기관 현장 방문 | JC170: 도로점용허가 | JO170: 정기안전점검 | JU170: 시공단계(시공 중) | KA170: 자재관리 | KM170: 계측 수행 | LK170: 사급자재 | MO170: 작업물량에 대한 금액 검토 | MU170: 직영공사 수행(근로자 관리) | NM170: [서울시] 대외업무 | OE170: 협력사 투자분석 | OQ170: 설계서의 오류에 따른 설계변경 | QS170: (투자분석)노임/장비/자재 투입현황 집계 | QY170: 여건보고 | SI170: (수행)기준점 조사 및 선점 | TA170: 잔여공사 공정관리 | TM170: 발주처 요구사항 조치계획 수립 | TS170: 시공관리 항목 작성 | TY170: 준공 전 하자 조치
W171: ▧시기 : 공사 착수 전 ▧결정 : 현장소장 ▧주관 : 공사 ▧목적 : 도로점용허가 등 해당 공사행위를 하기 위한 법적 절차 준수 | AC171: ▧시기 : 공정계획 수립 후 현장에서 작성 ▧목적 : 작성된 공정표 대비하여 지연 가능한 공정 Risk 확인 및 대응방안 모색 ▧결과 : 수정계획공정 | AO171: ▧ 시기 : 착공전 ▧ 목적 : 현장의 품질방침 및 품질목표 수립 ▧ 결과 : DQMS 품질방침, 품질목표 입력 | DI171: ▧실시 : 착공전 ▧목적 : CP공정 관리를 통한 조기 준공 및 원가 상승 요인 차단 ▧결과 : 예정공정표 | DU171: ▧시기 : 착공직후 ▧목적 : 경계선 변동, 지형 변화, 토지 이용 변경 등을 정확하게 파악 ▧결과 : 연도변조사보고서(대외공문) | EA171: ▧실시 : 착공초기 ▧목적 : 공사구간 및 인근에 문화재 존재여부 확인, 공사 착수전 문화재 관리와 협의 ▧결과 : 문화재 안정성 검토 보고서 제출 (대외공문) | EY171: ▧실시 : 착공단계 ▧목적 : 현장여건과 상이한 부분 검토를 통한 공사 Risk Hedge ▧결과 : 설계도서 검토자료 | IW171: ▧시기 : 발생시 ▧목적 : 발주처/외부기관 방문시 현장 정리정돈 ▧결과 : 방문시 현장 정리정돈(안전/환경 등)으로 당사 이미지 제고 | JC171: ▧시기 : 도로점용 필요시 ▧목적 : 도로법에 따라 공사를 위한 도로 점용 시 관리청의 허가 필요 ▧결과 : 도로점용허가 신청서 접수 및 승인 | JO171: ▧시기 : 해당공종 시공중 ▧목적 : 건설기술진흥법 적용 ▧관련부서 : 전문안전점검업체, 건설사업관리단. 발주처, 국토안전원 ▧결과 : 점검보고서재출 승인 | JU171: ▧시기 : 매일 ▧목적 : 위험성평가 결과 유해위험요인에 대한 TBM 내용을 종사자에게 교육 및 전파 ▧결과 : SORA교육(TBM일지) (개인PC) | KA171: ▧시기 : 자재반입 및 사용전 ▧목적 : 연간 자재 소요계획을 작성하여 원활한 자재수급을 위함 ▧결과 : 연간 자재 소요계획서 | KM171: ▧시기 : 연약지반 개량 종료전 ▧결정 : 공사팀장, 품질팀장 ▧주관 : 현장 공사/품질팀 ▧협의 : 공무설계팀 ▧목적 : 계측데이터 확인 | LK171: ▧ 시기 : 자재 소요 시기 전 ▧ 목적 : 사전 계획을 통해 시공 적기에 자재를 공급하고 설계 대비 시공량 분석을 위함. ▧ 결과 : 공정 추진에 따른 적기 자재 공급 | MO171: ▧ 시기 : 작업지시사항 발생시 ▧ 목적 : 향후 업체 변경계약 시 예산 및 집행규모 파악 ▧ 결과 : 예산대비내역서 | MU171: ▧ 시기 : 직영공사 공종 발생시 ▧ 목적 : 일일 투입수량을 단위공정별로 집계하여 작업량별 투입수량을 확인 ▧ 결과 : 투자대비작성, 통합인사시스템 | NM171: ▧ 시기 : 대외업무 발생시 ▧ 목적 : 고위험 작업은 사전에 안전요인이 미비한지 확인 후 부족한 부분은 보완(고위험 사전승인) ▧ 결과 : 고위험작업 사전승인 요청서 | OE171: ▧시기 : 매월 末 ▧목적 : 협력사 기성대비 공사원가를 검토하여 손실사유와 미/체불현황 관리, 적자만회대책 수립 ▧결과 : 하도급 투자분석(개인PC) | OQ171: ▧시기 : 발주처별 상이하나 반기 or 분기 ▧목적 : 설계오류 또는 설계기준 변경에 따른 재작성시 설계기준에 부합되도록 수정 ▧결과 : 변경 수량산출서 | QS171: ▧시기 : 매일 ▧목적 : 인원/장비/자재 일투입 파악하여 협력업체 관리 ▧결과 : 노임/장비/자재 투입현황 집계 | QY171: ▧시기 : 여건 발생시 ▧목적 : 여건보고에 필요한 관련도면 작성 및 검토 ▧결과 : 설계도면 | SI171: ▧시기 : 측량 착수 기준점조사시 ▧목적 : 설계서에 적용된 기준점 및 수준점을 명확히 파악하여 현장 존재여부 확인 ▧결과 : 측량보고서 | TA171: ▧시기 : 준공시 ▧목적 : 잔여공사 공정관리를 통한 미진한 공사 최종 마무리 준공 ▧결과 : 추가공사 공정계획 수립 및 관리 | TM171: ▧시기 : 준공시 ▧목적 : 발주처의 요구를 반영하고, 문제를 해결할 수 있는 구체적인 방안을 제시 ▧결과 : 발주처 요구사항 조치계획 수립 | TS171: ▧시기 : 준공후 ▧목적 : 시공 과정에서 필요한 관리 항목을 정의하고 작성하여, 현장에서 발생할 수 있는 다양한 상황을 효율적으로 관리하고자 함 ▧결과 : 시공관리 항목 | TY171: ▧시기 : 준공시 ▧목적 : 준공 전에 발생한 하자나 미비점을 목록화하여 최종 마감 전에 문제를 해결 ▧결과 : 협력업체 하자 펀치리스트, 펀치리스트 | WA171: 시설물관리대장(1, 2종)
NA172: 공정지연 만회관리 | WA172: ▧시기 : 준공시 ▧목적 : 현장 시설물 현황 확인하고 향후, 하자보수 등 내용 확인 필요시 활용 가능함 ▧결과 : 시설물관리대장
NA173: ▧ 시기 : 공정지연 발생 시 ▧ 목적 : 지연공종 원인을 분석하고 공정 만회를 위한 대책 수립, 필요 시 본사보고, 지원 요청 ▧ 결과 : 지연공정의 만회대책
AC176: 착공초기 공정관리 | AO176: 품질 KOM | DU176: 해당지역 지적공사 출장소 경계측량 의뢰 | EA176: 유사 Project 사례 조사 | JC176: 하천점용허가 | JU176: 시공관리 | KM176: 계측 결과 검토 | MO176: 작업지시서 관리대장 작성 | MU176: 직영공사 수행(장비 관리) | OE176: 자재관리현황 | OQ176: 시공물량 정산에 따른 설계변경 | QS176: (투자분석)노임/장비/자재 투입에 따른 투입비 산정 | SI176: (수행)보조점 및 기준점 설치 | TA176: 공정 Data 관리 | TM176: 조치사항 발주처 협의 및 승인 | TS176: 구조물안정성 항목 작성
AC177: ▧시기 : 현장착공 후 현장에서 작성 ▧목적 : 착공초기 공정계획 수립 및 관리를 통한 실착수지연 방지 ▧결과 : 초기공정표 | AO177: ▧시기 : 실착공전 ▧목적 : 본부 품질활동/지침/시스템 숙지 및 초기세팅을 위한 본사 유관부서 KOM 사전 준비 ▧결과 : KOM보고서 | DU177: ▧시기 : 착공직후 ▧목적 : 사업지의 경계를 명확하게 하여 향후 법적 분쟁 방지 및 인허가등을 준비 ▧결과 : 지적도, 토지대장(개인PC) | EA177: ▧실시 : 착공초기 ▧목적 : 공법 현장여건에 적용가능 여부 확인 및 문제점 사전제거, 사전 타절 방지 ▧결과 : 실정보고 승인 공문 | JC177: ▧시기 : 하천 점용 전 ▧목적 : 하천법 및 소하천법에 따라 하천시설의 점용시 관리청의 허가 필요 ▧결과 : 하천점용허가 신청서 접수 및 승인 | JU177: ▧시기 : 공사착공전, 공사시 상시 ▧목적 : 공사 수행준비 및 수행을 위한 각종 계획서, 시험시공, 목적물 보존관리 등 전반적인 시공에 관한 관리를 목적으로 함 ▧결과 : 주말작업계획서 | KM177: ▧시기 : 연약지반 개량 종료시 ▧결정 : 공사팀장, 품질팀장 ▧주관 : 현장 공사/품질팀 ▧협의 : 공무설계팀 ▧목적 : 최종계측데이터 확인 | MO177: ▧ 시기 : 작업지시사항 발생시 ▧ 목적 : 업체별 계약 외 공사 현황 파악 및 하도급 CP 준수를 위한 대장 관리 ▧ 결과 : 작업지시서 관리 대장 | MU177: ▧ 시기 : 직영공사 공종 발생시 ▧ 목적 : 일일 장비 투입 수량을 단위 공정별로 집계 및 투입관리, 장비 투입계획 및 세부작업 수립 ▧ 결과 : 안전시공발표회, 장비작업계획서, 투자대비내역 | OE177: ▧시기 : 매월 末 ▧목적 : 계획대비 투비자재수량을 관리하고 수량초과시 지급자재 Back Charge 수행 ▧결과 : 자재관리현황(개인PC), 지급자재 Back Charge(대외공문) | OQ177: ▧시기 : 발주처별 상이하나 반기 or 분기 ▧목적 : 설계오류 또는 설계기준 변경에 따른 재작성시 설계기준에 부합되도록 수정 ▧결과 : 변경도면 | QS177: ▧시기 : 매일 ▧목적 : 투입대비 기성관리를 함으로 협력업체 투자대비 파악 ▧결과 : 노임/장비/자재 투입에 따른 투입비 산정 | SI177: ▧시기 : 측량 착수 기준점조사시 ▧목적 : 설계서에 적용된 기준점 및 수준점을 명확히 파악하여 현장 존재여부 확인 ▧결과 : 측량보고서 | TA177: ▧시기 : 준공시 ▧목적 : 주요 공정 실적을 작성하기 위해 각 주요 공정이 계획대로 진행되고 있는지 확인 ▧결과 : 주요공종 실적 DATA | TM177: ▧시기 : 준공시 ▧목적 :발주처와 협의하여 조치사항을 승인받는 과정으로, 모든 조치가 발주처의 요구사항과 맞는지 확인 ▧결과 : 조치사항 발주처 협의 및 승인 | TS177: ▧시기 : 준공후 ▧목적 : 구조물의 안전성에 관련된 항목을 작성하여, 시공 과정에서 구조적 안정성을 확보할 수 있도록 함 ▧결과 : 구조물안전성항목 | WA177: 절토사면보고서
NA178: 공정 계획관리 | WA178: ▧시기 : 준공시 ▧목적 : 절토사면의 안정확보에 대한 제3자 검증 ▧결과 : 절토사면보고서(사면안정성검토보고서) – 외부용역
NA179: ▧ 시기 : 당초 공정(Base Line) 대비 공정계획 변경 발생 시 ▧ 목적 : 변경된 공사내용 반영한 공정계획 변경 (필요시 Base Line) 수정 ▧ 결과 : 현장 분기평가 결과
AO182: 문서분류기준표 작성/배포 | JC182: 산지전용허가 | KM182: 지하안전영향평가 점검 및 대응 | MO182: 작업지시서 관련 해결방안 계획 수립 | MU182: 직영공사 수행(공사 관리) | QS182: (투자분석)적자공종 만회방안 수립 | SI182: (수행)기준점 측량
AO183: ▧ 시기 : 착공전 ▧ 목적 : 현장의 문서분류기준표 작성 및 공유 ▧ 결과 : 문서분류기준표 | JC183: ▧시기 : 산지 전용 전 ▧목적 : 산지관리법에 따라 산지 전용 필요 시 산지의 종류 및 면적 등의 구분에 따라 산림청의 허가 필요 ▧결과 : 산지전용허가 신청서 접수 및 승인 | KM183: ▧시기 : 관련공사 착수이후 ▧결정 : 공사팀장, 품질팀장 ▧주관 : 현장 공사/품질팀 ▧협의 : 공무설계팀 ▧목적 : 지하안전영향평가 관련 내용 변경에 따른 내용 반영 (흙막이 가시설 공법변경, 굴착면적30%이상증가, 굴착깊이 3m이상변경시 재협의대상) | MO183: ▧ 시기 : 작업지시사항 발생시 ▧ 목적 : 변경계약 가능 여부 사전 파악하여 하도급 CP 준수 ▧ 결과 : 작업지시서 관련 해결방안 계획 | MU183: ▧ 시기 : 직영공사 공종 발생시 ▧ 목적 : 계획공정대비 실적현황관리 및 도급계약 외 공사 물량 확인 ▧ 결과 : 월간공정보고, 3Weeks DPM, 실정보고, 투자대비 손익 분석 | QS183: ▧시기 : 매일 관리 ▧목적 : 적자공종의 만회방안을 수립하여 협력사의 타절리스크를 예방하고 적자공종에 대한 만회대책을 통해 상생 ▧결과 : 적자공종 만회방안 수립 | SI183: ▧시기 : 측량 착수 기준점조사시 ▧목적 : 기준점 측량 Data(좌표, 레벨) 설계서와 비교 후 이상없을 시 발주처에 기준점 사용 보고 ▧결과 : 측량보고서
NA184: 실적 Data 관리
NA185: ▧ 시기 : 상시 ▧ 목적 : 준공일이나 마일스톤 일자에 직접적으로 영향을 받지 않도록 분석 관리 ▧ 결과 : 현장 분기평가 결과
JC188: 공유수면점사용허가 | MU188: 직영공사 정산 | SI188: (수행)공사중 측량
JC189: ▧시기 : 발생 시 ▧목적 : 공유수면 점/사용 적법/적시 허가 ▧결과 : 공유수면 사용 신청서 및 승인서류 | MU189: ▧ 시기 : 직영공사 공종 발생시 ▧ 목적 : 도급내역 내 공사 완료된 물량 및 실정보고 완료되어 추가 공사된 물량을 집계 ▧ 결과 : 직영 정신 시공물량 산정 결과 | SI189: ▧시기 : 공사중 측량시(수시) ▧목적 : 공사중 수시 측량을 통해설계서와 비교 후 이상없을 시 발주처에 기준점 사용 보고, 구조물 관리 ▧결과 : 측량보고서
NA190: [국가철도공단] 대외업무
NA191: ▧ 시기 : 주1회(시행 시기는 국가철도공단과 협의하여 결정) ▧ 목적 : 국가 철도공단의 대외업무 수행 ▧ 결과 : 주간공정 실적, 차주공정 계획
JC194: 교통소통대책 | SI194: (수행)용지경계점 측량
JC195: ▧시기 : 발생 시 ▧목적 : 교통소통대책 적법/적시 승인 ▧결과 : 교통소통대책 승인요청서 및 승인 서류 | SI195: ▧시기 : 공사중 측량시(수시) ▧목적 : 용지경계 수시 확인하여 용지도와 현장 용지경계 일치여부 파악(민원 예방) ▧결과 : 용지도
JC200: 도로공사신고
JC201: ▧시기 : 발생 시 ▧목적 : 도로공사 적법/적시 승인 ▧결과 : 도로공사 신고서 및 승인서류
H225: 품질
CQ226: 사무실 개설 (셋팅) | DC226: 착공신고서 | EM226: 검측 계획 작성 | IE226: Risk 기회관리부 및 문서분류기준표 작성 | JU226: 품질관리계획 | KA226: DQMS 운영 관리 | KG226: 품질관리비 관리 | LK226: 관급자재 | SO226: 준공 설계도서 제출 | TS226: 품질관리 항목 작성 | TY226: 각종 시험성적서 정리 | UK226: 시험장비 철수 및 정산 | VO226: 품질 및 자재관리 | VU226: 측정, 시험 및 검사보고서 제출 | WA226: 품질관리 계획서
CQ227: ▧시기 : 가설사무실(임대) 축조 시 ▧목적 : 시험실 운영계획에 맞는 가설사무실 구성, 시험장비/기구 반입 및 검교정 ▧결과 : 가설사무실 중 시험실과 시럼장비/기구의 구성 | DC227: ▧실시 : 착공 시 ▧목적 : 공사 착수의 신고, 및 공사의 수행과 관련한 품질관리계획서 제출 ▧결과 : 품질관리계획서 | EM227: ▧시기 : 전공정 최초 1회 /공사착수 전 ▧목적 : 업무 수행 단계별 자재 품질, 시공 품질 적정성을 확인, 공사 목적물에 대한 시공상태 확인 ▧결과 : 검사 및 시험계획(ITP), 검측체크리스트(ITC) | IE227: ▧시기 : 착공 단계 ▧목적 : 현장 업무수행시 발생할 가능성이 있는 잠재적인 이슈 및 리스크를 파악,손실을 최소화 ▧결과 : 리스크/기회관리부 | JU227: ▧시기 : 착공전 품질조정회의시 ▧목적 : 건설기술진흥법 및 발주차와의 계약이행 ▧결과 : 품질관리계획서, 품질시험계획서 | KA227: ▧시기 : KOM 이휴 ▧목적 : 품질관리계획의 준하여 관련 서류 등록 관리 ▧결과 : DQMS | KG227: ▧시기 : 매월(품질관리비 계상대상현장) ▧목적 : 품질관리비 계상 및 품질업무 사용여부 확인 ▧결과 : 월간품질관리비 | LK227: ▧ 관급자재 신청(감독승인) ▧ 반입시 인수검사 ▧ 자재식별, 보관방법 결정 ▧ 품질관리 시험(자체, 공인기관) ▧ 자재 수불부 작성 ▧ 잉여자채 발생보고(감독/감리) | SO227: ▧시기 : 준공검사 전 ▧목적 : 최종 설계변경 수량에 맞는 품질관리 시험자료 작성 ▧결과 : 품질시험 총괄표, 품질시험 계획서, 품질시험 산출서 | TS227: ▧시기 : 준공후 ▧목적 : 건진법에 따른 시공평가보고서 內 품질관리 항목 작성 ▧결과 : 시공평가보고서 품질관리 | TY227: ▧시기 : 준공전 ▧목적 : 현장에서 발생한 각종 시험성적서를 E캐비넷의 지정된 폴더에 업로드 ▧결과 : 각종 시험성적서 | UK227: ▧시기 : 준공후 ▧목적 : 사용이 완료된 시험장비에 대하여 타현장 전도 또는 보관기관에 반출 ▧결과 : DQMS 장비 이관처리 | VO227: ▧시기 : 예비준공검사 전 ▧목적 : 예비준공검사시 제출하는 품질 및 자재관리 서류 작성 ▧결과 : 예비준공검사 서류 中 품질 및 자재관리 서류 | VU227: ▧시기 : 준공전 ▧목적 : 발주처에 제출하는 준공도서 中 측정, 시험 및 검사보고서 제출 ▧결과 : 준공도서 中 측정, 시험 및 검사보고서 | WA227: ▧시기 : 준공전 ▧목적 : 국토안전관리원 시스템(CSI)에 품질관리 계획서 최종개정본 업로드 ▧결과 : 품질관리 계획서 최종개정본
EM232: 품질관련 시스템 셋팅 | IE232: Risk 기회관리부 및 문서분류기준표 취합 | JU232: 시공관리 | KA232: 품질시험 | KG232: 운영성과보고 | LK232: 사급자재 | TS232: 시공품질 항목 작성 | TY232: 준공 전 하자 조치 | VO232: 발주처 자료제출
...

Sheet Process Map_(철도종합시험운행-3단계)
B1: ■ 프로세스맵_철도종합시험운행(3단계)
B3: 주요관리 Key Point | H3: 노반 및 E&M 시스템의 기능검증을 위해 철도종합시험운행 시행지침에 명시된 종합시험운행시행
H4: D-60 | L4: D-20 | N4: D+0 | P4: D+120 | V4: D+240
B5: [시스템공사] 신호설비 MileStone | H5: 철도종합시험운행 계획수립 | L5: 착수 전 합동회의 | N5: 철도종합시험운행 계획 수립/제출 | P5: 철도종합시험운행 | V5: 결과보고 및 개통준비
B9: Result (확인사항) | H9: 철도종합시험운행 사전검토서 | L9: 분야별 인터페이스 회의록 | N9: 철도종합시험운행 계획서 | P9: 사전점검 계획서 | R9: 시설물검증시험 계획서 | T9: 영업시운전 계획서 | V9: 철도종합시험운행 종합보고
H11: 사전검토 회의록 | L11: 공종별시험 결과보고서 | N11: 안전관리계획서 | P11: 사전점검 조치결과 /철도시설의 기술기준 조치계획 | R11: 시설물검증시험 결과보고서 | T11: 영업시운전 기간 중 안전대책 /영업시운전 고장 및 조치결과보고서
H13: 철도종합시험운행 사전준비 | P13: 철도종합시험운행 시행
C15: 현장 | F15: 공무 | H15: D-60 | J15: D-20 | N15: D+0 | P15: D+120 | R15: D+185 | T15: D+210 | V15: D+230
H16: 철도종합시험운행 사전검토 | J16: 철도종합시험운행 착수 전 합동회의 | N16: 철도종합시험운행 계획수립 | P16: 사전점검 칙수/종결 | R16: 시설물검증시험 착수 및 안전교육 | T16: 영업시운전 착수 및 안전교육 | V16: 철도종합시험운행 종합결과보고
H17: • 주관: 사업단 개통운영팀 • 목적: 철도종합시험운행 사전검토 • 방법: - 철도종합시험운행시행지침 검토 - SOP 일정계획 수립 • 결과: 철도종합시험운행 사전검토서 | J17: • 주관: 사업단 개통운영팀 • 목적: 철도종합시험운행 착수 전 노반, 궤도, 건축, 기계, 전기, 신호, 통신, PSD에 대한 공종별시험 완료 여부 및 철도종합시험운행 계획에 대한 점검회의 • 방법: 사업단/에스지레일/운영사/차량제작사/현장에 대한 역할 및 공정진행현황 검토 - 사업단/에스지레일/운영사/차량제작사/현장 간 철도종합시험운행 TF구성 - 공종별 간섭사항 검토: 노반(궤도)/전기/통신/PSD/차량 인터페이스 - 각종 필증 발급계획 및 현황조사 - 철도종합시험운행 중 안전관리계획 수립 - 철도종합시험운행 수행 중 인원, 자재, 장비 투입계획 검토 • 참석: 사업단/에스지레일/운영사/차량제작사/현장/협력업체 • 결과: 회의록(참석자 전원 서명) | N17: • 목적: TS 제출을 위한 철도종합시험운행계획수립 • 방법: - 철도종합시험운행 SOP 작성 - 철도종합시험운행 TF 구성 - 사전점검/시설물검증시험/영업시운전 항목검토 • 결과: 철도종합시험운행 계획서 | P17: • 목적: 철도종합시험운행 사전점검 계획에 따른 착수 및 종결 • 방법: - 사전점검 착수/종결회의(TS) - 사전점검 점검표 - 사전점검 보완사항 조치계획서/조치결과 - 공종별시험결과 검토 • 결과: 사전점검 결과보고서 | R17: • 목적: 시설물검증시험 계획 및 착수보고(TS) 및 시험 참여자 안전교육 시행 • 방법: - TS에 제출된 시설물검증시험 계획보고 - 시험열차 투입계획 및 행로표 - 시설물검증시험 중 장애발생 시 조치계획 등 • 결과: 회의록 | T17: • 목적: 영업시운전 계획 및 착수보고(TS)/시험 참여자 안전교육시행 • 방법: - TS에 제출된 영업시운전 계획보고 - 시험열차 투입계획 및 행로표 - 영업시운전 기간 중 안전대책 등 • 결과: 회의록 | V17: • 목적: 철도시설물의 정상작동여부 확인과 차량과의 연계 적합성을 확보하고, 열차운행 체계 적정성 및 철도종사자 업무숙달 등을 시험절차에 따라 검증하여 개통가능여부 판단 • 방법: - 시설물검증시험 시행결과 판정 - 영업시운전 시행결과 판정 - 각종 필증 발급현황 • 결과: 철도종합시험운행 결과보고(TS)
F22: 공사 | N22: D+30 | P22: D+130 | R22: D+195 | T22: D+215 | V22: D+235
N23: 철도종합시험운행 계획서 제출전 사전회의(TS 사전컨설팅) | P23: 철도시설의 기술기준 착수/조치계획 | R23: 시설물검증시험 중간점검 | T23: 영업시운전 중간점검 | V23: 안전관리체계 수립 및 종합보고
N24: • 목적: 철도종합시험운행 계획서 제출전 사전회의(TS 사전컨설팅) • 방법: - 현장진행사항 및 점검항목 사전검토 - 철도종합시험운행 SOP 일정검토/협의 - 각종 필증 발급계획 및 현황 - 기타 현안사항 회의 - TS 사전컨설팅 병행가능 • 결과: 회의록 | P24: • 목적: 철도시설의 기술기준 점검계획에 따른 지적사항 및 조치계획(완료) • 방법: - 철도건설규칙에 따른 분야 및 항목별 점검(TS) - 판정기준 : 개선 및 시정사항, 권고사항 • 결과: 기술기준 지적사항 조치 결과보고서 | R24: • 목적: 시설물검증시험 중 미완료 사항에 대한 계획수립 • 방법: - 시설물검증시험 일정표 - 시설물검증시험 주간회의 - 시설물검증시험 장애조치 • 결과: 시설물검증시험 세부일정표/회의록 | T24: • 목적: 영업시운전 중간점검 및 미완료 사항에 대한 계획수립 • 방법: - 영업시운전 일정표 - 영업시운전 주간회의 - 영업시운전 중 고장 및 조치결과 • 결과: 영업시운전 고정 및 조치결과 보고서 | V24: • 목적: 철도종합시험운행 종합결과보고에 따른 철도운영자의 안전관리체계 보완(미개통분+재정구간) • 방법: 안전관리체계 수립대상 선정 및 검토 • 결과: 안전관리체계 변경승인(TS)
H26: D-50
H27: 철도종합시험운행 검토회의 | J27: (토목공사 수행시) | L27: D-30
H28: • 주관: 사업단 개통운영팀 • 목적: 철도종합시험운행 사전검토 회의 • 방법: - 사전검토 항목도출 - SOP 일정계획에 대한 상호간 검토 - 철도종합시험운행 점검항목 도출 • 참석: 시스템공구/공구(노반, 건기전) 담당 • 결과: 검토회의록 | J28: 토목 / 궤도 인터페이스 협의 | L28: 전기 / 통신 / PSD / 차량 인터페이스 협의
J29: • 주관: 현장 시스템팀 • 목적: 신호설비 설치를 위한 사전협의 및 신호 공종 필요사항 요구 • 방법: - 자재 반출입 동선/공동구/기초 높이 등 확인 - 궤도 분기기 설치 전 요구사항 협의 등 확인 • 결과: 인터페이스 회의록 및 관리대장 | L29: • 주관: 현장 시스템팀 • 목적: 연계분야간 사전조율 및 인터페이스 사항 도출로 재작업 예방 • 방법: - 연계분야별 조율 및 협의사항 도출 1) (전기,통신): 상용전원투입 및 통신망 연결 2) (PSD,차량): 전자연동 및 지/차상 장치 연계 • 결과: 인터페이스 회의록 및 관리대장 | N29: D+60 | P29: D+175 | R29: D+205 | T29: D+225 | V29: D+240
N30: 철도종합시험운행 연간계획수립/제출 | P30: 사전점검 조치결과 /철도시설의 기술기준 조치 | R30: 시설물검증시험 종료회의(결과포함) | T30: 영업시운전 종결회의(결과포함) | V30: 개통
N31: • 목적: 사전점검 착수전 TS 사전협의 결과에 따른 철도종합시험운행계획서 작성 및 TS 제출 • 방법: - 철도종합시험운행 시험조직구성 - 철도종합시험운행 SOP 일정 - 기타 필요한 사항 • 결과: 철도종합시험운행 계획서/안전관리 계획서/사전점검 계획서 | P31: • 목적: 사전점검 및 철도시설의 기술기준에 대한 지적사항 조치완료 보고에 대한 국토부의 기술기준 적합 여부에 대한 결과확인 • 방법: - 조치완료 결과보고서 • 결과: 국토부 공문 | R31: • 목적: 시설물검증시험 결과 및 종료회의(TS) • 방법: - 시설물검증시험 일정표 - 시설물검증시험 결과 • 결과: 회의록/시설물검증시험 결과보고서 | T31: • 목적: 영업시운전 결과 및 종료회의(TS) • 방법: - 영업시운전 일정표 - 영업시운전 결과 • 결과: 회의록/영업시운전 결과보고서
F32: 품질
J33: D-30 | L33: D-30
J34: 철도종합시험운행 인터페이스 협의 | L34: 관제 및 운영사 인터페이스 협의
J35: • 주관: 사업단 개통운영팀/에스지레일(시스템) • 목적: 철도종합시험운행 기간 동안의 차량과의 인터페이스 사전협의 및 협조사항 도출 • 방법: - 철도종합시험운행 지침에 명시된 시험항목 중 현장 특성에 맞는 항목 도출 • 결과: 인터페이스 회의록 | L35: • 주관: 현장 시스템팀 • 목적: 관제 및 운영사 요구사항 사전 반영 및 과업범위 최적화 • 방법: - 관제사 조작반 및 화면표시 정보 항목도출 - 신호설비 운영 및 유지보수자 편의성 향상을 위한 기능추가/불필요 기능 삭제 사전협의 • 결과: 인터페이스 회의록 및 관리대장
F37: 안전
J39: D-30 | L39: D-30
J40: 철도종합시험운행 사전 협의사항 도출 및 검토 | L40: 인력 / 장비 등 종합시험운행 투입검토
J41: • 주관: 사업단 개통운영팀 • 목적: 철도종합시험운행 사전 협의사항(TS) 도출 및 검토를 통한 업무효율화 추진 • 방법: - 철도종합시험운행 착수 전 중복항목 및 제외 항목 등 단축방안 검토 • 결과: 철도종합시험운행 사전검토 결과 | L41: • 주관: 사업단 개통운영팀/현장 시스템팀 / 협력업체 • 목적: 배치인력 / 장비 투입 계획 수립 • 방법: 현장 여건을 기준으로 투입(인력, 장비, 자재)을 검토 • 결과: 세부 공정계획 수립
F42: 관리
C48: 본사
C54: Small Room
B57: end | C57: end | D57: end | E57: end | F57: end | G57: end | H57: end | I57: end | J57: end | K57: end | L57: end | M57: end | N57: end | O57: end | P57: end | Q57: end | R57: end | S57: end | T57: end | U57: end | V57: end | W57: end | X57: end | Y57: end | Z57: end | AA57: end | AB57: end

Sheet 수행_Manual_(철도종합시험운행-3단계)
F1: ■ 수행매뉴얼 Manual
F2: 9 | H2: 16 | I2: 6 | J2: 6 | K2: 2 | L2: 2 | M2: 20 | N2: 20 | O2: 20 | P2: 20
B3: 현장명 | C3: 담당자 | D3: 업무 | E3: 현장 | F3: 매뉴얼 | I3: 시점 (When) | K3: 내용 | O3: In-Put(CODE) | P3: Out-Put(CODE) | Q3: 수행지침 | R3: 표준서
A4: NO. | D4: 구분 | E4: 작성 | F4: No | G4: Code | H4: 업무 내용 | I4: Start | J4: Finish | O4: 1 | P4: 1 | T4: GTX-A 시공사업단
E5: 부서 | I5: 시기 | J5: 시기 | K5: 목적 | L5: 방법 (How) | M5: 주관부서 (Who) | N5: 협업부서 | O5: 산출물(What/시스템) | P5: 산출물(What/시스템)
H6: 수행매뉴얼 | K6: 목적 | L6: 방법
G8: 착공 전 | H8: 가설사무실
G9: 착공 전 | H9: 가설사무실 축조 검토
A10: 1 | B10: 진해신항남방파호안1-2공구 현장 | C10: 김창진 | D10: 관리 | E10: 관리팀 | G10: 착공 전 | H10: 가설전기 인입 여건 검토 | K10: • 가설사무실에서 사용할 전기인입을 위한 여건 검토 | L10: • 한국전력공사에 전기사용신청서 제출 - 향후 전기설비 단선결선도 등 필요하므로 전기공사업체 대리신청 • 전기안전공사에 사용전 점검 신청 • 전기안전공사의 사용전 점검 시행 및 전기 인입 | M10: 관리 | N10: 공사팀, 공무•설계팀 | O10: 현장 부담 금액 (변압기 이후 인입공사는 현장 부담임) | P10: 전기인입공사 신청 | T10: =VLOOKUP(A10,'GTXA사업단 R&R'!$A$6:$AO$1274,41,) -> 해당없음
A11: 2 | B11: 진해신항남방파호안1-2공구 현장 | C11: 김창진 | D11: 관리 | E11: 관리팀 | G11: 착공 전 | H11: 상/하수도 인입 가능 검토 | K11: • 가설사무실에서 사용할 상하수도 인입을 위한 검토 | L11: • 상하수도 설치가능 업체 조사 및 비교견적 접수 • 상하수도 인입을 위한 현장품의 및 설치 시행 - 상수하수도 인입 계획 및 의사결정 시 필요자료(도면, 견적서 등)를 첨부하여 품의 • 상하수도 인입 설치 공사 시행 - 인입 공사 중 계약조건에 따른 업무 수행 모니터링 | M11: 관리 | N11: 공사팀, 공무•설계팀 | O11: 현장 부담 금액 산출 자료 (계량기 이후 급수공사는 현장 부담) 인근 상수도 정보 (위치, 직경, 수압, 관망도, 접속지점 등) 사무실 예상 급수 용량 | P11: 상수도 인입공사 신청서 | T11: =VLOOKUP(A11,'GTXA사업단 R&R'!$A$6:$AO$1274,41,) -> 해당없음
A12: 3 | B12: 진해신항남방파호안1-2공구 현장 | C12: 김창진 | D12: 관리 | E12: 관리팀 | G12: 착공 전 | H12: 관정 및 정화조 설치 검토 | K12: • 상수도 인입 불가 시 지하수를 사용할 수 있는 여건 검토 | L12: • 관정 및 정화조 설치 업체 모색 및 비교견적 접수 • 관정 및 정화조 설치를 위한 현장품의 및 설치 시행 - 지하수관리-수질검사(지자체 상하수도 사업소,보건소)/지하수 오염방지 조치 - 오수분뇨관리-오수처리 시설 설치/오수처리시설의 운영관리(위탁 등) 내용 | M12: 관리 | N12: 공사팀, 공무•설계팀 | O12: 상수도 미인입시 허가관정 검토, 오수처리시설(단독정화조) - 환경영향평가 적용후 규모산정 | P12: 오수처리시설 설치신고 오수처리시설 준공검사 | T12: =VLOOKUP(A12,'GTXA사업단 R&R'!$A$6:$AO$1274,41,) -> 해당없음
G13: 착공 전 | H13: 가설사무실 축조부지 임차
A14: 4 | B14: 진해신항남방파호안1-2공구 현장 | C14: 김창진 | D14: 관리 | E14: 관리팀 | G14: 착공 전 | H14: 임차부지 조사 | K14: • 가설사무실을 축조할 수 있는 부지 조사 | L14: • 가설사무실 축조를 위한 부지의 검토 - 가설전기 인입 여건 확인 (한전인입금 과다발생 지양) - 상/하수도 인입가능 검토 및 관정/정화조 설치여부 검토 - 도시가스 인입 여건 확인 - 토지에 대한 근저당권, 현장과의 접근성, 면적 등 | M14: 관리 | N14: 공사팀, 공무•설계팀 | O14: 접근성, 인허가 가능여부, 토지개발비 및 원상복구 조건, 임대비 등의 종합적 검토 필요 | P14: 임차 가능 예상부지 산출 | T14: =VLOOKUP(A14,'GTXA사업단 R&R'!$A$6:$AO$1274,41,) -> 해당없음
A15: 5 | B15: 진해신항남방파호안1-2공구 현장 | C15: 김창진 | D15: 관리 | E15: 관리팀 | G15: 착공 전 | H15: 임차부지 확정 | K15: • 가설사무실 축조를 위한 부지의 확정 | L15: • 가설사무실 축조부지 조사결과에 따른 적정부지 선정 | M15: 관리 | N15: 공사팀, 공무•설계팀 | O15: 임차 부지선정 품의 | P15: 임차 부지 결정 | T15: =VLOOKUP(A15,'GTXA사업단 R&R'!$A$6:$AO$1274,41,) -> 해당없음
A16: 6 | B16: 진해신항남방파호안1-2공구 현장 | C16: 김창진 | D16: 관리 | E16: 관리팀 | G16: 착공 전 | H16: 임대인과 임차계약서 작성 | K16: • 가설사무실 축조를 위한 부지의 임차계약 진행 | L16: • 가설사무실 축조부지 임차계약 품의 실시 (현장전결) - 면적, 현장접근성, 보증금, 임대료 등 고려 • 등기부등본 상에 금융기관의 근저당권과 지상권이 설정되어 있는 토지를 임차한 경우 해당 금융기관의 토지사용 동의서 필요 | M16: 관리 | N16: 법무지원팀 | O16: 전체 현황 법무 DLS 검토요청 (임차료 지급 시기 및 기간포함) | P16: 현장사무실 부지 임차계약 | T16: =VLOOKUP(A16,'GTXA사업단 R&R'!$A$6:$AO$1274,41,) -> 해당없음
A17: 7 | B17: 진해신항남방파호안1-2공구 현장 | C17: 김창진 | D17: 관리 | E17: 관리팀 | G17: 착공 전 | H17: 임차료 지급 | K17: • 가설사무실 부지 임차계약 이후 임차료 지급 | L17: • 가설건축물 축조신고 - 가설건축물 축조신고 및 축조신고필증 得 - 가설건축물 축조신고 조건 사항 이행 (배수설비 설치조건 등) | M17: 관리 | N17: 자금팀 | O17: 자금신청 | P17: 자금집행 | T17: =VLOOKUP(A17,'GTXA사업단 R&R'!$A$6:$AO$1274,41,) -> 해당없음
G18: 착공 전 | H18: 가설사무실 축조 집행승인
A19: 8 | B19: 진해신항남방파호안1-2공구 현장 | C19: 김창진 | D19: 공무 | E19: 공무설계팀 | G19: 착공 전 | H19: 예산대비내역서 작성 | K19: • 가설사무실 축조 발주 시 사용 가능한 실행 예산 확인 | L19: • 본실행 편성이전 가설사무실 축조시 단가승인 필요 - 비교견적, 산출근거, 타현장비교를 통한 단가 적정성 검토 - 가설사무실 축조면적 검토 (타현장대비, 기준인원 산출) - 숙소 등 발주자(감리 포함) 이용시설 검토 : 도급 반영 여부 | M19: 공무 | N19: 토목견적팀 | O19: 가설사무실 축조 단가승인 자료 | P19: 가설사무실 축조 단가승인 품의서 | T19: =VLOOKUP(A19,'GTXA사업단 R&R'!$A$6:$AO$1274,41,) -> 해당없음
A20: 9 | B20: 진해신항남방파호안1-2공구 현장 | C20: 김창진 | D20: 공무 | E20: 공무설계팀 | G20: 착공 전 | H20: 가설사무실 축조 집행승인 | K20: • 가설사무실 축조를 위한 집행승인 | L20: • 실행 이내 가설사무실 축조를 위한 집행승인 - 예산금액 및 기준면적 이내 집행 확인 | M20: 공무 | N20: 토목수행팀 | O20: 가설사무실 축조 집행승인 자료 | P20: 가설사무실 축조 집행승인 품의서 | T20: =VLOOKUP(A20,'GTXA사업단 R&R'!$A$6:$AO$1274,41,) -> 해당없음
A21: 10 | B21: 진해신항남방파호안1-2공구 현장 | C21: 김창진 | D21: 공무 | E21: 공무설계팀 | G21: 착공 전 | H21: 업체선정의뢰 | K21: • 가설사무실 축조 업체선정을 위한 입찰 Pool 구성 | L21: • 업체선정의뢰검토서 등 작성 - 단가승인 및 집행승인 바탕으로 예산대비내역서 등 첨부하여 작성 • 현장설명서 작성 - 현장설명서 표준양식 사용하여 현장설명서 작성 및 특수조건 확인 | M21: 공무 | N21: 토목수행팀, 외주관리팀 | O21: 예산대비내역서 계약내역서 현장설명서(특수조건) 업체선정의뢰검토서 | P21: 업체선정의뢰 품의서 | T21: =VLOOKUP(A21,'GTXA사업단 R&R'!$A$6:$AO$1274,41,) -> 해당없음
A22: 11 | B22: 진해신항남방파호안1-2공구 현장 | C22: 김창진 | D22: 공무 | E22: 공무설계팀 | G22: 착공 전 | H22: 입찰 | K22: • 입찰 Pool 중 최저가 업체 선정을 위한 입찰 | L22: • 현장설명회 및 입찰 실시 - 현장설명회 진행 시 참석대상자 참석가능여부 사전확인 - 인감증명서, 사용인감계, 위임장, 재직증명서 준비 요청 - 현장설명회 이후 현장설명서 간인을 통한 현장설명 증빙자료 확보 - 필요시 현장설명회 녹화실시 | M22: 공무 | N22: 외주관리팀 | O22: 현장설명회 자료 현장설명서 간인본 | P22: 현장설명회 참여업체 투찰금액 | T22: =VLOOKUP(A22,'GTXA사업단 R&R'!$A$6:$AO$1274,41,) -> 해당없음
A23: 12 | B23: 진해신항남방파호안1-2공구 현장 | C23: 김창진 | D23: 공무 | E23: 공무설계팀 | G23: 착공 전 | H23: 하도승인의뢰 | K23: • 낙찰된 업체의 하도급계약을 위한 승인의뢰 | L23: • 기술자료 해당유무 확인, 안전보건능력평가, 견적금액대비표 작성 - 기술자료 해당유무 확인 대외공문 발송 및 회신 수령 - 안전보건능력평가 자료 작성 요청 및 안전팀 PM에 사내공문 발송 • 이외 업체선정의뢰 시 사용했던 자료 준비하여 하도승인의뢰 상신 | M23: 공무 | N23: 토목수행팀, 토목안전팀, 외주관리팀 | O23: 기술자료 해당유무 확인 안전보건능력평가 견적금액대비표 | P23: 하도승인의뢰 품의서 | T23: =VLOOKUP(A23,'GTXA사업단 R&R'!$A$6:$AO$1274,41,) -> 해당없음
A24: 13 | B24: 진해신항남방파호안1-2공구 현장 | C24: 김창진 | D24: 공무 | E24: 공무설계팀 | G24: 착공 전 | H24: 계약 | K24: • 하도급 업체 계약 | L24: • 계약 이후 필요한 프로세스 확인 - 고용보험 하수급인 사업주 승인 신청 - 채권신탁계약서 날인본 등기송부 채근 - 도급 반영항목일 경우 관통보 및 KISCON 등재 | M24: 공무 | N24: 외주관리팀 | O24: - | P24: 하도급 계약서 | T24: =VLOOKUP(A24,'GTXA사업단 R&R'!$A$6:$AO$1274,41,) -> 해당없음
G25: 착공 전 | H25: 축조계획 수립
A26: 20 | B26: 진해신항남방파호안1-2공구 현장 | C26: 김창진 | D26: 공사 | E26: 공사팀 | G26: 착공 전 | H26: 도면 작성 및 검토 | K26: • 가설사무실 축조를 위한 도면 작성 및 검토 | L26: • 가설사무실 축조업체와의 도면 작성 및 배치 검토 - 탕비실, 회의실 등에 필요한 가벽 배치 - 책상 배치에 따른 전등/전열기구 배치 | M26: 공사 | O26: - | P26: 설계도면 | T26: =VLOOKUP(A26,'GTXA사업단 R&R'!$A$6:$AO$1274,41,) -> 해당없음
A27: 21 | B27: 진해신항남방파호안1-2공구 현장 | C27: 김창진 | D27: 공사 | E27: 공사팀 | G27: 착공 전 | H27: 경계 측량 | K27: • 가설사무실 부지경계 확정을 위한 측량 필요 | L27: • 한국국토정보공사를 통한 지적측량 실시 - 향후 분쟁발생시 당위성 확보 • 지적측량 실시 전 현장품의 실시 (공통공사비 중 가설사무실 축조 항목에 예산 편성 필요) | M27: 공사 | O27: 측량계획서 | P27: 측량성과표 | T27: =VLOOKUP(A27,'GTXA사업단 R&R'!$A$6:$AO$1274,41,) -> 해당없음
A28: 22 | B28: 진해신항남방파호안1-2공구 현장 | C28: 김창진 | D28: 공사 | E28: 공사팀 | G28: 착공 전 | H28: 공정계획 수립 | K28: • 가설사무실 착공 및 입주까지의 공정계획 수립 | L28: • 현장사무실 입주시기를 고려한 세부공정 계획 수립 • 가설사무실 축조지연 방지위한 세부공정 검토(소단위 작업, 자재반입)하여 공정계획 수립 | M28: 공사 | O28: 가설사무실 축조 계획 | P28: 가설사무실 축조 공정표 | T28: =VLOOKUP(A28,'GTXA사업단 R&R'!$A$6:$AO$1274,41,) -> 해당없음
A29: 23 | B29: 진해신항남방파호안1-2공구 현장 | C29: 김창진 | D29: 공사 | E29: 공사팀 | G29: 착공 전 | H29: 시공계획서 작성 | K29: • 가설사무실 축조를 위한 공사계획서 작성 | L29: • 가설사무실 축조 공사계획서 작성 및 안전공사발표회 실시 | M29: 공사 | O29: 설계도면, 측량성과표, 가설사무실 축조 공정표 | P29: 시공계획서 | T29: =VLOOKUP(A29,'GTXA사업단 R&R'!$A$6:$AO$1274,41,) -> 해당없음
A30: 24 | B30: 진해신항남방파호안1-2공구 현장 | C30: 김창진 | D30: 공사 | E30: 공사팀 | G30: 착공 전 | H30: 자재 신청 | K30: • 가설사무실 축조를 위해 시기별 필요한 자재 신청 | L30: • 지급자재에 대한 자재청구서 작성 및 내부결재 실시 - 품목, 설계량, 반입수량, 일자 등 확인 | M30: 공사 | N30: 관리팀 | O30: 가설사무실 축조 공정표 | P30: 자재신청서 | T30: =VLOOKUP(A30,'GTXA사업단 R&R'!$A$6:$AO$1274,41,) -> 해당없음
G31: 착공 전 | H31: 사무실 개설 (셋팅)
A32: 25 | B32: 진해신항남방파호안1-2공구 현장 | C32: 김창진 | D32: 공무 | E32: 공무설계팀 | G32: 착공 전 | H32: 업무분장 관리 | K32: • 업무간 공백을 최소화 하기 위한 팀/개인별 업무분장 | L32: • 업무 항목 상세화 및 팀별 업무분배 실시 - 팀별 업무분배로 업무분장이 불명확한 경우 개인별 업무분장 실시 • 향후 누락된 업무 항목에 대해서는 부서간 회의를 통한 업무분배 재실시 | M32: 공무 | N32: 품질팀, 안전팀, 관리팀, 공사팀 | O32: 표준업무분장표 | P32: 업무분장표 | T32: =VLOOKUP(A32,'GTXA사업단 R&R'!$A$6:$AO$1274,41,) -> 해당없음
A33: 26 | B33: 진해신항남방파호안1-2공구 현장 | C33: 김창진 | D33: 관리 | E33: 관리팀 | G33: 착공 전 | H33: 사무실 운영관련 용역업체 선정 (무인경비, 청소, 음식물처리 등) | K33: • 현장사무실 운영의 제반사항을 위한 업체 선정 | L33: • 현장 무인경비, 청소인원, 음식물처리업체 선정 품의 실시 - 비교견적 및 인원채용공고 등 필요업무 수행 | M33: 관리 | N33: 공무팀 | O33: 비교견적 실시 | P33: 업체선정 및 계약 체결 (품의 포함) | T33: =VLOOKUP(A33,'GTXA사업단 R&R'!$A$6:$AO$1274,41,) -> 해당없음
A34: 27 | B34: 진해신항남방파호안1-2공구 현장 | C34: 김창진 | D34: 관리 | E34: 관리팀 | G34: 착공 전 | H34: 지정주유소 검토 및 선정 | K34: • 현장 및 직원 차량 주유를 위한 지정주유소 선정 | L34: • 인근 주유소 금액 및 접근성 비교 및 선정 품의 - 비교견적 접수 및 민원사항 고려 | M34: 관리 | N34: 공사팀, 공무•설계팀 | O34: 임지, 단가, 공급수량 적기 가능여부 검토 | P34: 업체선정 | T34: =VLOOKUP(A34,'GTXA사업단 R&R'!$A$6:$AO$1274,41,) -> 해당없음
A35: 28 | B35: 진해신항남방파호안1-2공구 현장 | C35: 김창진 | D35: 공무 | E35: 공무설계팀 | G35: 착공 전 | H35: 현장내 제반 운영 규칙 정립 | K35: • 현장 운영을 위한 근무시간, 경상비 지급등 운영 규칙 정립 | L35: • 현장 기본항목에 대한 기준 수립 - 근무시간(근로계약 조건, 법적 준수사항 고려, 휴게시간 등) - 유류비, 귀향여비, 출장비, 회사차량관리, 지급품, 통신비, 현장숙소, 직원식당, 경조사, 연차 | M35: 관리 | O35: - | P35: 현장 운영 규칙 | T35: =VLOOKUP(A35,'GTXA사업단 R&R'!$A$6:$AO$1274,41,) -> 해당없음
G36: 착공 전 | H36: 사무실 임차 (축조 불가시)
A37: 29 | B37: 진해신항남방파호안1-2공구 현장 | C37: 김창진 | D37: 공무 | E37: 공무설계팀 | G37: 착공 전 | H37: 사무실 필요면적 검토 | K37: • 현장 기준인원에 따른 사무실 필요면적 검토 | L37: • 법정인원 배치기준 및 현장 운영계획에 따른 적정인원 반영하여 사무실 필요면적 검토 - 현장대리인, 안전관리자, 품질관리자 법정인원 확인 - 인력운영계획에 따른 현장 배치예정 인원 확인 | M37: 관리 | O37: 현장 인력운영 계획 | T37: =VLOOKUP(A37,'GTXA사업단 R&R'!$A$6:$AO$1274,41,) -> 해당없음
A38: 30 | B38: 진해신항남방파호안1-2공구 현장 | C38: 김창진 | D38: 관리 | E38: 관리팀 | G38: 착공 전 | H38: 임차사무실 조사 | K38: • 임차사무실 선정을 위한 조사 | L38: • 근저당권, 주차여유대수, 기존인테리어 유무, 소음 유무, 현장과의 접근성, 인허가 가능여부, 토지개발비 및 원상복구 조건, 임대비 등 종합적 검토 | M38: 관리 | N38: 공사팀, 공무•설계팀 | O38: 임차사무실 후보지 | P38: 임차사무실 결정 | T38: =VLOOKUP(A38,'GTXA사업단 R&R'!$A$6:$AO$1274,41,) -> 해당없음
A39: 31 | B39: 진해신항남방파호안1-2공구 현장 | C39: 김창진 | D39: 관리 | E39: 관리팀 | G39: 착공 전 | H39: 채권 확보 방안 수립 | K39: • 채권확보 방안 수립을 통한 임차보증금 확보 방안 • 임차보증금 회수방안 검토 • 공동도급안분금 회수방안 검토 | L39: • 임차보증금 회수 리스크 헷지를 위한 방안 모색 - 임대인의 지급보증서 발급 - 보증보험 가입 등 - 1순위 전세권 설정 불가시 100% 월세계약(보증금 최소화 요구) - 보증금 환수-1순위 전세권 설정한 경우와 1순위 전세권 설정 불가한 경우의 환수 절차 이행 | M39: 관리 | N39: 공무•설계팀, 법무지원팀 | O39: - | P39: 전세권 설정(보증보험 가입) 금전채권신탁, 채권양도계약 | T39: =VLOOKUP(A39,'GTXA사업단 R&R'!$A$6:$AO$1274,41,) -> 해당없음
A40: 32 | B40: 진해신항남방파호안1-2공구 현장 | C40: 김창진 | D40: 관리 | E40: 관리팀 | G40: 착공 전 | H40: 임차 계약 | K40: • 임차계약을 통한 사무실 임차 | L40: • 현장사무실 임대차계약 품의 실시 (현장전결) - 면적, 현장접근성, 보증금, 임대료 등 고려 | M40: 관리 | N40: 법무지원팀 | O40: 계약 조건에 대한 법무 DLS 검토 결과 | P40: 임대차계약 품의서 | T40: =VLOOKUP(A40,'GTXA사업단 R&R'!$A$6:$AO$1274,41,) -> 해당없음
A41: 33 | B41: 진해신항남방파호안1-2공구 현장 | C41: 김창진 | D41: 공무 | E41: 공무설계팀 | G41: 착공 전 | H41: 사무실 임차 집행승인(예산 내) | K41: • 집행승인을 통한 사무실 임차 | L41: • 본실행 편성이전 단가승인 필요 - 비교견적, 산출근거, 타현장비교를 통한 단가 적정성 검토 - 가설사무실 축조면적 검토 (타현장대비, 당현장 기준인원 산출) - 발주자(감리포함) 이용시설 검토 : 도급반영여부 확인 • 예산대비내역서, 집행금액 비교표, 실행/집행산출근거 등 첨부하여 현장전결 실시 | M41: 공무 | N41: 토목견적팀, 토목수행팀 | O41: - | P41: 현장사무실 임대 집행승인 품의서 | T41: =VLOOKUP(A41,'GTXA사업단 R&R'!$A$6:$AO$1274,41,) -> 해당없음
A42: 34 | B42: 진해신항남방파호안1-2공구 현장 | C42: 김창진 | D42: 공무 | E42: 공무설계팀 | G42: 착공 전 | H42: 사무실 임차 집행승인(예산 초과) | K42: • 집행승인을 통한 사무실 임차 (예산초과) | L42: • 본실행 편성이전 단가승인 필요 - 비교견적, 산출근거, 타현장비교를 통한 단가 적정성 검토 - 가설사무실 축조면적 검토 (타현장대비, 당현장 기준인원 산출) - 발주자(감리포함) 이용시설 검토 : 도급반영여부 확인 • 예산대비내역서, 집행금액 비교표, 실행/집행산출근거 등 첨부하여 수행팀 전결 실시 | M42: 공무 | N42: 토목견적팀, 토목수행팀 | O42: - | P42: 현장사무실 임대 집행승인 품의서 | T42: =VLOOKUP(A42,'GTXA사업단 R&R'!$A$6:$AO$1274,41,) -> 해당없음
G43: 착공 전 | H43: 현장준비팀 운영 (T/K)
G44: 착공 전 | H44: 선급공사비 예산편성
A45: 35 | B45: 진해신항남방파호안1-2공구 현장 | C45: 김창진 | D45: 공무 | E45: 공무설계팀 | G45: 착공 전 | H45: 설계사(계속공사) 계약금액 협의 | K45: • 설계사 계약체결을 위한 적정 금액 결정 | L45: • 계약금액 비교견적 및 계약조건 확인 | M45: 현장준비TF팀 | N45: 토목스마트 엔지니어링팀 | O45: 설계사 인력 투입 계획 자료 | P45: 업체선정위원회 승인 및 사내공문 | T45: =VLOOKUP(A45,'GTXA사업단 R&R'!$A$6:$AO$1274,41,) -> 해당없음
A46: 36 | B46: 진해신항남방파호안1-2공구 현장 | C46: 김창진 | D46: 공무 | E46: 공무설계팀 | G46: 착공 전 | H46: 지반조사, CG, 인쇄 등(경쟁입찰) 예산 책정 | K46: • 지반조사 CG, 인쇄 업체 예산 확정 | L46: • 지반조사 CG, 인쇄 수행업체 조사, 견적 및 계약조건 확인 • 견적금액 및 PJT 특성을 고려한 적정 예산 확정 | M46: 현장준비TF팀 | N46: 토목스마트 엔지니어링팀 | O46: 업체 단가 조사 및 비교자료 | P46: 지반조사,CG,인쇄 하도승인품의서 및 계약서 | T46: =VLOOKUP(A46,'GTXA사업단 R&R'!$A$6:$AO$1274,41,) -> 해당없음
A47: 37 | B47: 진해신항남방파호안1-2공구 현장 | C47: 김창진 | D47: 공무 | E47: 공무설계팀 | G47: 착공 전 | H47: 현장준비팀 운영 기간 및 예산 책정 | K47: • 실시설계 예산 중 현장준비팀 운영예산 책정 | L47: • 현장준비팀 운영예산 검토 - 투입인력 및 운영개월 고려한 사무용품/여비교통/제세공과/통신/복리후생/사무실운영비 등 | M47: 현장준비TF팀 | N47: 토목수행팀, 토목견적팀 | O47: 현장사무실 임대, 숙소 단가 및 집행승인 검토 자료 | P47: 현장사무실 임대, 숙소 단가 및 집행 승인품의서 | T47: =VLOOKUP(A47,'GTXA사업단 R&R'!$A$6:$AO$1274,41,) -> 해당없음
A48: 38 | B48: 진해신항남방파호안1-2공구 현장 | C48: 김창진 | D48: 공무 | E48: 공무설계팀 | G48: 착공 전 | H48: (우선시공분 有) 우선시공분 실행예산 책정 | K48: • 우선공사분 공사수행을 위한 실행예산 책정 | L48: • 본실행 편성이전 단가승인 필요 - 견적보고 및 비교견적, 산출근거를 통한 단가적정성 검토 | M48: 현장준비TF팀 | N48: 토목수행팀, 토목견적팀 | O48: 우선 시공 공종 검토 자료 | P48: 우선시공분 단가 및 집행승인 품의서 | T48: =VLOOKUP(A48,'GTXA사업단 R&R'!$A$6:$AO$1274,41,) -> 해당없음
A49: 39 | B49: 진해신항남방파호안1-2공구 현장 | C49: 김창진 | D49: 공무 | E49: 공무설계팀 | G49: 착공 전 | H49: 선급공사비 예산 품의 작성 | K49: • 실시설계비, 직접경비 및 현장준비팀 운영예산 사용을 위한 품의작성 | L49: • 설계비 산정기준별 검토 - 설계비 Guide Line, 엔지니어링 사업대가 기준, 투입인력 기준 산출 • 직접경비Ⅰ,Ⅱ, 설계관리비 및 설계손해보험 고려 • 현장준비팀에서 예산품의 작성 | M49: 현장준비TF팀 | N49: 토목스마트 엔지니어링팀 | P49: 선급공사비 예산 품의서 | T49: =VLOOKUP(A41,'GTXA사업단 R&R'!$A$6:$AO$1274,41,) -> 해당없음
A50: 40 | B50: 진해신항남방파호안1-2공구 현장 | C50: 김창진 | D50: 공무 | E50: 공무설계팀 | G50: 착공 전 | H50: 선급공사비 예산 본사 협의 및 승인 | K50: • 실시설계비, 직접경비 및 현장준비팀 운영예산 사용을 위한 품의승인 | L50: • 현장준비팀 선급공사비(실시설계) 예산품의 본사협의 및 승인 - [입안] 현장준비팀, T/F팀장, 집행PM, [검토] 집행파트장, 집행팀장, [결정] 담당임원 - [팀장협의] 견적팀장, 사업지원팀장, 기획팀장, 스마트엔지니어링팀장, 회계팀장 - [임원협의] 기획담당임원, 회계담당임원 | M50: 현장준비TF팀 | N50: 토목스마트 엔지니어링팀 | O50: 선급공사비 예산 품의서 | P50: 선급공사비 예산 품의서 (결재본) | T50: =VLOOKUP(A50,'GTXA사업단 R&R'!$A$6:$AO$1274,41,) -> 해당없음
G51: 착공 전 | H51: 선급공사비 예산 변경(초과)
A52: 41 | B52: 진해신항남방파호안1-2공구 현장 | C52: 김창진 | D52: 공무 | E52: 공무설계팀 | G52: 착공 전 | H52: 변경(초과) 사유 분석 | K52: • 선급공사비 예산 변경의 타당성 검증 | L52: • 예산 변경사유 분석 - 당초 예산수립 근거와 현재의 여건 차이 분석 - 현재의 여건에 따라 적정한 선급공사비 예정 재산정 | M52: 현장준비TF팀 | N52: 토목스마트 엔지니어링팀 | O52: 선급공사비 예산 품의서 | P52: 선급공사비 변경 사유서 | T52: =VLOOKUP(A52,'GTXA사업단 R&R'!$A$6:$AO$1274,41,) -> 해당없음
A53: 42 | B53: 진해신항남방파호안1-2공구 현장 | C53: 김창진 | D53: 공무 | E53: 공무설계팀 | G53: 착공 전 | H53: 선급공사비 예산 변경 품의 작성 | K53: • 실시설계비, 직접경비 및 현장준비팀 운영예산 변경을 위한 품의작성 | L53: • 설계비 산정기준별 검토 - 설계비 Guide Line, 엔지니어링 사업대가 기준, 투입인력 기준 산출 • 직접경비Ⅰ,Ⅱ, 설계관리비 및 설계손해보험 고려 • 현장준비팀에서 예산품의 작성 | M53: 현장준비TF팀 | N53: 토목스마트 엔지니어링팀 | P53: 선급공사비 예산 변경 품의서 | T53: =VLOOKUP(A53,'GTXA사업단 R&R'!$A$6:$AO$1274,41,) -> 해당없음
A54: 43 | B54: 진해신항남방파호안1-2공구 현장 | C54: 김창진 | D54: 공무 | E54: 공무설계팀 | G54: 착공 전 | H54: 선급공사비 예산 본사 협의 및 승인 | K54: • 실시설계비, 직접경비 및 현장준비팀 운영예산 변경을 위한 품의승인 | L54: • 현장준비팀 선급공사비(실시설계) 예산품의 본사협의 및 승인 - [입안] 현장준비팀, T/F팀장, 집행PM, [검토] 집행파트장, 집행팀장, [결정] 담당임원 - [팀장협의] 견적팀장, 사업지원팀장, 기획팀장, 스마트엔지니어링팀장, 회계팀장 - [임원협의] 기획담당임원, 회계담당임원 | M54: 현장준비TF팀 | N54: 토목수행팀, 토목스마트 엔지니어링팀 | O54: 선급공사비 예산 변경 품의서 | P54: 선급공사비 예산 변경 품의서 (결재본) | T54: =VLOOKUP(A54,'GTXA사업단 R&R'!$A$6:$AO$1274,41,) -> 해당없음
G55: 착공 전 | H55: 독과점 설계반영
A56: 44 | B56: 진해신항남방파호안1-2공구 현장 | C56: 김창진 | D56: 공무 | E56: 공무설계팀 | G56: 착공 전 | H56: 독과점 항목 유관부서 회의 시행 | K56: • 독과점의 반영 적정성 확인 | L56: • 독과점 공법에 대한 설계반영 적정성 검토 | M56: 현장준비TF팀 | N56: 외주관리팀, 토목수행팀, 토목스마트 엔지니어링팀 | O56: 독과점 관련 근거(특허증 등), 수행업체 정보 | P56: 회의록 | T56: =VLOOKUP(A56,'GTXA사업단 R&R'!$A$6:$AO$1274,41,) -> 해당없음
A57: 45 | B57: 진해신항남방파호안1-2공구 현장 | C57: 김창진 | D57: 공무 | E57: 공무설계팀 | G57: 착공 전 | H57: 독과점 반영 품의 작성 | K57: • 독과점의 설계반영 의사결정 | L57: • 설계 반영 예정 공법들의 적정 금액 검토 • 독과점 공법에 대한 설계 반영 품의 작성 및 상신 | M57: 현장준비TF팀 | N57: 외주관리팀, 토목수행팀 | O57: 독과점 관련 근거(특허증 등), 수행업체 정보 | P57: 독과점 품의서(안) | T57: =VLOOKUP(A41,'GTXA사업단 R&R'!$A$6:$AO$1274,41,) -> 해당없음
A58: 46 | B58: 진해신항남방파호안1-2공구 현장 | C58: 김창진 | D58: 공무 | E58: 공무설계팀 | G58: 착공 전 | H58: 독과점 반영 본사 협의 및 승인 | K58: • 실시설계비, 직접경비 및 현장준비팀 운영예산 변경을 위한 품의승인 | L58: • T/F팀 독과점 반영 본사협의 및 승인 - [입안] T/F팀, 스마트엔지니어링팀 [검토] 스마트엔지니어링팀장, [결정] 담당임원 - [팀장협의] 외주관리팀장, 건설자재관리팀장, 토목견적팀장 - [임원협의] 토목수행담당임원 | M58: 현장준비TF팀 | N58: 외주관리팀, 토목수행팀, 건설자재관리팀 | O58: 독과점 품의서(안) | P58: 독과점 품의서(결재본) | T58: =VLOOKUP(A58,'GTXA사업단 R&R'!$A$6:$AO$1274,41,) -> 해당없음
G59: 착공 전 | H59: 착공신고/각종인허가
G60: 착공 전 | H60: 착공신고서
A61: 47 | B61: 영동양수발전소 현장 | C61: 한상원 | D61: 설계 | E61: 공무설계팀 | G61: 착공 전 | H61: 현장대리인 등 기술자 신고서 작성 | K61: • 발주처에 현장 직원 배치 상황 및 업무에 대해 신고하고, 발주처 각 부서별 업무 분장에 따른 카운터 파트너를 알리려는 목적 | L61: • 착공계 내에 현장대리인 및 배치기술자(공사,안전,품질,보건 등)의 지정 신고서를 제출 | M61: 공무 | N61: 관리팀 | O61: 입찰시 배치기술자 지정신고서 | P61: 현장기술자 지정신고서(현장대리인계, 재직증명서, 경력증명서, 자격증 사본) | T61: =VLOOKUP(A41,'GTXA사업단 R&R'!$A$6:$AO$1274,41,) -> 해당없음
A62: 48 | B62: 영동양수발전소 현장 | C62: 한상원 | D62: 공사 | E62: 공사팀 | G62: 착공 전 | H62: 공정관리계획서 작성 | K62: • 사업 관련자 (발주처, 공사사, 설계사, 기자재 제작사 등)들이 공통된 방법으로계획대비 공정율을 산정하고 합리적인 대안을 도출하기 위한 공정관리계획서 작성 | L62: • 발주처와 협의를 통해 상위 레벨 공정표 제공 일정, 상세공정표 작성 및 개정 절차, 연단위 또는 반기단위 공정계획서 제출시기, 공정 분석보고서 작성 형태 등을 확정 • 계획서 형태로 작성하여 발주처에 승인 | M62: 공사 | N62: 공사팀 | O62: 시공계획서 | P62: 공정관리계획서 | T62: =VLOOKUP(A62,'GTXA사업단 R&R'!$A$6:$AO$1274,41,) -> 해당없음
A63: 49 | B63: 영동양수발전소 현장 | C63: 한상원 | D63: 공사 | E63: 공사팀 | G63: 착공 전 | H63: 안전관리계획서 작성 (용역지원) | K63: • 공사(• 건진법상 안전관리계획서의 CSI 승인 이후 공사 수행 가능하므로, 종합검토의견의 "적정" 판정을 받기 위함임) | L63: • 용역수행을 통해, 총괄 안전관리계획(건설공사의 개요/현장 특성분석/현장 운영계획/비상시 긴급조치계획), 공종별 세부 안전관리계획(가설공사/굴착 및 발파/콘크리트/강구조물/성토 및 절토, 해체, 건축설비, 타워크레인 사용공사)등의 안전관리계획 작성 및 국토안전관리원의 홈페이지에 등재 | M63: 공사 | N63: 안전팀 | O63: 공사개요, 시공계획서 | P63: 안전관리계획서 | Q63: 건설기술진흥법 제62조(건설공사의 안전관리) | T63: =VLOOKUP(A63,'GTXA사업단 R&R'!$A$6:$AO$1274,41,) -> 해당없음
A64: 50 | B64: 영동양수발전소 현장 | C64: 한상원 | D64: 공사 | E64: 공사팀 | G64: 착공 전 | H64: 안전관리계획서 작성 | K64: • 공사(• 건진법상 안전관리계획서의 CSI 승인 이후 공사 수행 가능하므로, 종합검토의견의 "적정" 판정을 받기 위함임) | L64: • 용역수행을 통해, 총괄 안전관리계획(건설공사의 개요/현장 특성분석/현장 운영계획/비상시 긴급조치계획), 공종별 세부 안전관리계획(가설공사/굴착 및 발파/콘크리트/강구조물/성토 및 절토, 해체, 건축설비, 타워크레인 사용공사)등의 안전관리계획 작성 및 국토안전관리원의 홈페이지에 등재 | M64: 공사 | N64: 안전팀 | O64: 공사개요, 시공계획서 | P64: 안전관리계획서 | T64: =VLOOKUP(A64,'GTXA사업단 R&R'!$A$6:$AO$1274,41,) -> 해당없음
A65: 47 | B65: 영동양수발전소 현장 | C65: 한상원 | D65: 품질 | E65: 품질팀 | G65: 착공 전 | H65: 품질시험계획서 작성 | K65: • 현장의 품질, 환경 안전 방침에 부합되도록 품질, 환경, 안전목표를 설정 및 실행하고 계획대비 실적을 주기적으로 평가함으로써 현장 품질, 환경 안전목표의 달성을 효과적으로 관리하는 절차를 정리하기 위함 ※ 관련법령 : ▶건설기술진흥법 제55조 (건설공사의 품질관리) 건설사업자와 주택건설등록업자는 대통령령으로 정하는 건설공사에 대하여는 그 종류에 따라 품질 및 공정 관리 등 건설공사의 품질관리계획 또는 시험 시설 및 인력의 확보 등 건설공사의 품질시험계획을 수립하고, 이를 발주자에게 제출하여 승인을 받아야 한다. 이 경우 발주청이 아닌 발주자는 미리 품질관리계획 또는 품질시험계획의 사본을 인ㆍ허가기관의 장에게 제출하여야 한다. 【품질시험계획수립대상】 1. 총공사비가 5억원 이상인 토목공사 2. 연면적이 660제곱미터 이상인 건축물의 건축공사 3. 총공사비가 2억원 이상인 전문공사 ▶[건설기술진흥법 시행령 제89조 품질관리계획등의 수립대상공사]/[건설공사품질관리업무지침 제4조 발주자의 역할, 제6조 공사자의 역할] | L65: • 품질관리계획서에 법적/발주처 요구사항이 반영될 수 있도록 사전 자료 검토 • 건설공사 품질관리 업무지침, 건설공사 품질시험기준 등을 반영하여 작성 • 현장 내부심사 및 경영검토, 지속적 개선 등의 결과로 품질관리계획 변경시 지속적으로 Update 관리 ※ 관련법령 : ▶건기법 시행령 제89조 2항 (품질관리계획 등의 수립대상 공사) ② 법 제55조제1항에 따른 품질시험계획(이하 “품질시험계획”이라 한다)을 수립하여야 하는 건설공사는 제1항에 따른 품질관리계획 수립 대상인 건설공사 외의 건설공사로서 다음 각 호의 어느 하나에 해당하는 건설공사로 한다. 이 경우 품질시험계획에 포함하여야 하는 내용은 별표 9와 같다. 【별표9-품질시험계획의 내용】 ☞ 항목구성: 4개항목 : 개요, 시험계획, 시험시설, 품질관리를 수행하는 건설기술인 배치계획 | M65: 공사 | N65: SEQ RM팀 | O65: 입찰안내서, 설계도면, 공사시방서,도급내역서, 수량산출서, 사내표준 | P65: 품질시험계획서 | Q65: 건설기술진흥법, 건설공사품질관리업무지침 | T65: =VLOOKUP(A65,'GTXA사업단 R&R'!$A$6:$AO$1274,41,) -> 해당없음
A66: 52 | D66: 품질 | G66: 착공 전 | H66: 품질관리계획서 작성 | I66: D-15 | J66: D-8 | K66: • 설계서, 시방서, 공정계획 등을 검토하여 품질관리가 필요한 구조물의 적정 품질 확보 및 법적 준수사항의 위반소지 제거 | L66: • 품질관리계획서 작성 기본정보 확인 (공사개요, 조직도, 품질관리자 배치 계획, 시험 항목 및 빈도, 품질관리 절차 및 방법, 발주자 승인 요건 등) • 품질관리 공종, 부위, 세부공정으로 분류하고 관리방안을 기록, 작성 후 승인 • 작업에 사용되는 장비에 대한 기준 및 승인 • 장비 및 근로자 자격인증 • 품질관리 대상 공종의 에상문제점 및 대책 수립 | M66: 품질 | N66: 공무•설계팀, 공사팀 | O66: - | P66: 품질관리계획서 | Q66: - | T66: =VLOOKUP(A66,'GTXA사업단 R&R'!$A$6:$AO$1274,41,) -> 해당없음
A67: 53 | D67: 품질 | G67: 착공 전 | H67: 중점품질관리계획서 작성 | I67: D-15 | J67: D-8 | K67: • 설계서, 시방서, 공정계획 등을 검토하여 품질관리가 소홀해지기 쉽거나 하자발생 빈도가 높으며 공사 후 보수•보강이 어려운 공종 또는 부위를 중점품질관리 대상으로 선정하여 집중 관리함으로써 부실요인을 사전에 제거하여 목적물의 고품질 확보와 안전공사가 될 수 있도록 함 | L67: • 품질관리가 소홀해지기 쉽거나 하자 발생빈도가 높으며, 공사 후 시정이 어렵고 많은 노력과 경비가 소요되는 공종을 중점 품질관리대상으로 선정 • 중점 품질관리 대상 구조물 및 세부공종 선정 • 중점품질관리 공종, 부위, 세부공정으로 분류하고 관리방안을 기록하여 작성후 승인 • 작업에 사용되는 장비에 대한 기준 및 승인 • 장비 및 근로자 자격인증 • 중점 품질관리 대상 공종의 에상문제점 및 대책 수립 | M67: 품질 | N67: 공무•설계팀, 공사팀 | O67: - | P67: 중점 품질관리대상 월별 점검표 자격자 인증목록 및 기록관리 작업장비 자격인증목록 기록관리 | Q67: - | T67: =VLOOKUP(A67,'GTXA사업단 R&R'!$A$6:$AO$1274,41,) -> 해당없음
G68: 착공 전 | H68: 유해위험방지계획서
A69: 55 | B69: 영동양수발전소 현장 | C69: 한상원 | D69: 안전 | E69: 안전팀 | G69: 착공 전 | H69: 유해위험방지계획서 작성 (용역지원) | K69: • 발주처가 건설공사 근로자의 산업재해 예방을 위하여 실시하여야 하는 건설공사의 계획, 설계 및 공사 단계별 조치에 관하여 필요한 사항을 정함을 목적으로 감독을 하는 제도 | L69: • 용역수행을 통해 공사안전보건대장 작성시 발주자로 부터 건설공사를 최초로 도급받은 수급인에게 설계안전보건 대장 반영하여 안전한 작업을 위한 공사안전보건 대장을 작성해서 발주처 승인을 받아야 한다. - 공사안전보건대장 이행 실태 점검: 3개월 마다 발주처 확인 점검 | M69: 공사 | N69: 공사팀 | O69: 안전성 검토, 및 구조검토 | P69: 유해위험방지계획서 | Q69: 산안법 제42조, 제43조 • 유해위험방지계획서 관리지침 | T69: =VLOOKUP(A69,'GTXA사업단 R&R'!$A$6:$AO$1274,41,) -> 해당없음
A70: 56 | B70: 영동양수발전소 현장 | C70: 한상원 | D70: 안전 | E70: 안전팀 | G70: 착공 전 | H70: 유해위험방지계획서 작성 검토 (용역수행) | K70: • 발주처가 건설공사 근로자의 산업재해 예방을 위하여 실시하여야 하는 건설공사의 계획, 설계 및 공사 단계별 조치에 관하여 필요한 사항을 정함을 목적으로 감독을 하는 제도 | L70: • 용역수행을 통해 공사안전보건대장 작성시 발주자로 부터 건설공사를 최초로 도급받은 수급인에게 설계안전보건 대장 반영하여 안전한 작업을 위한 공사안전보건 대장을 작성해서 발주처 승인을 받아야 한다. - 공사안전보건대장 이행 실태 점검: 3개월 마다 발주처 확인 점검 | M70: 공사 | N70: 공사팀 | O70: 안전성 검토, 및 구조검토 | P70: 유해위험방지계획서 | Q70: 산안법 제42조, 제43조 | T70: =VLOOKUP(A70,'GTXA사업단 R&R'!$A$6:$AO$1274,41,) -> 해당없음
G71: 착공 전 | H71: 공사안전보건대장
A72: 57 | B72: 영동양수발전소 현장 | C72: 한상원 | D72: 안전 | E72: 안전팀 | G72: 착공 전 | H72: 공사안전보건대장 작성 (용역지원) | K72: • 발주처가 건설공사 근로자의 산업재해 예방을 위하여 실시하여야 하는 건설공사의 계획, 설계 및 공사 단계별 조치에 관하여 필요한 사항을 정함을 목적으로 감독을 하는 제도 | L72: • 용역수행을 통해 공사안전보건대장 작성시 발주자로 부터 건설공사를 최초로 도급받은 수급인에게 설계안전보건 대장 반영하여 안전한 작업을 위한 공사안전보건 대장을 작성해서 발주처 승인을 받아야 한다. - 공사안전보건대장 이행 실태 점검: 3개월 마다 발주처 확인 점검 | M72: 공사 | N72: 공사팀 | O72: 설계 안전보건대장 | P72: 공사안전보건대장 | Q72: 산안법 제67조 | T72: =VLOOKUP(A72,'GTXA사업단 R&R'!$A$6:$AO$1274,41,) -> 해당없음
A73: 58 | B73: 영동양수발전소 현장 | C73: 한상원 | D73: 안전 | E73: 안전팀 | G73: 착공 전 | H73: 공사안전보건대장 작성 검토 (용역수행) | K73: • 발주처가 건설공사 근로자의 산업재해 예방을 위하여 실시하여야 하는 건설공사의 계획, 설계 및 공사 단계별 조치에 관하여 필요한 사항을 정함을 목적으로 감독을 하는 제도 | L73: • 용역수행을 통해 공사안전보건대장 작성시 발주자로 부터 건설공사를 최초로 도급받은 수급인에게 설계안전보건 대장 반영하여 안전한 작업을 위한 공사안전보건 대장을 작성해서 발주처 승인을 받아야 한다. - 공사안전보건대장 이행 실태 점검: 3개월 마다 발주처 확인 점검 | M73: 공사 | N73: 공사팀 | O73: 설계 안전보건대장 | P73: 공사안전보건대장 | Q73: 산안법 제67조 | T73: =VLOOKUP(A73,'GTXA사업단 R&R'!$A$6:$AO$1274,41,) -> 해당없음
A74: 59 | B74: 영동양수발전소 현장 | C74: 한상원 | D74: 안전 | E74: 안전팀 | G74: 착공 전 | H74: 안전보건총괄(관리)책임자 관련 | K74: • 사업장에서 실질적으로 총괄관리하는 자를 안전보건관리책임자로 선임하여야 하며,동법 제18조의 규정에 의하여 동일한 장소에서 사업의 일부를 도급에 의하여행할 때에는 안전보건관리책임자를 안전보건총괄책 임자로 지정하여야 함. 따라서,현장대리인 또는 현장소장중 안전보건관리 책임자로 선임된 자를 안전보건총괄책임자로 지정하여야 함 | L74: • 원도급: 안전보건총괄(관리)책임자로 지정할 현장소장 • 하도급: 안전보건책임자로 지정할 현장소장 - 안전보건총괄(관리)책임자 양식에 의거하여 선임계 작성함( 노동부 제출 아님) - 신규,경력 구분해서 안전공단 홈페이지 지체 및 온라인 교육이수 준수 | M74: 공사 | N74: 공사팀 | O74: 안전보건총괄책임자 선임계 양식, 재직증명서, 경력증명서, 신규, 경력 교육이수증 확인 | P74: 안전보건총괄(관리)책임자 선임계 | Q74: 산안법 제62조 ,제15조 | T74: =VLOOKUP(A74,'GTXA사업단 R&R'!$A$6:$AO$1274,41,) -> 해당없음
A75: 60 | B75: 영동양수발전소 현장 | C75: 한상원 | D75: 안전 | E75: 안전팀 | G75: 착공 전 | H75: 안전보건관리규정 작성 | K75: • 사업주는 사업장의 안전 및 보건을 유지하기 위하여 다음 각 호의 사항이 포함된 안전보건관리규정을 작성하여야 한다. | L75: • 현장 안전보건관리규정을 작성하거나 변경할 때에는 산업안전보건위원회의 심의ㆍ의결을 거쳐야 한다. 다만, 산업안전보건위원회가 설치되어 있지 아니한 사업장의 경우에는 근로자 대표의 동의를 받아야 한다. - 안전보건관리규정 작성 후 산업안전보건위원회 또는노사 협의체를 통해 의결 동의해야됨 | M75: 공사 | N75: 안전팀 | O75: 안전보건관규정 작성 내용 산안법 제25조 1-5번 사항 포함 | P75: 안전보건관리규정 | Q75: 산안법 제25조 | T75: =VLOOKUP(A75,'GTXA사업단 R&R'!$A$6:$AO$1274,41,) -> 해당없음
A76: 61 | B76: 영동양수발전소 현장 | C76: 한상원 | D76: 안전 | E76: 안전팀 | G76: 착공 전 | H76: 연간보건사업계획서 작성 | K76: • 근로기준법에 의거하여 PART를 세분화 하여 작업을 실시하는데 필요한 직원의 건강유지와 안전사고 예방을 위해 안전관리 활동을 계획하고 안전한 근무환경을 제공하기 위함 | L76: • 연간 보건사업계획서 작성에 따른 근골격계 유해요인 조사등 건강증진프로그램 금연, 운동, 영양, 절주 등(분기별) 관리 | M76: 공사 | N76: 보건팀 | O76: 자체 연간보건사업 계획서 | P76: 연간보건사업계획서 | T76: =VLOOKUP(A76,'GTXA사업단 R&R'!$A$6:$AO$1274,41,) -> 해당없음
A77: 62 | B77: 영동양수발전소 현장 | C77: 한상원 | D77: 안전 | E77: 안전팀 | G77: 착공 전 | H77: 안전보건경영매뉴얼 | K77: • 안전보건경영시스템의 현장안전보건관리로 사업장을 운영하기 위한 기초매뉴얼 내용으로 중처법 기준 안전보건관리체계 구측 사항 | L77: • 현장소장은 효율적인 안전보건경영시스템 구축을 위해 인적, 물적자원을 공급하고, 이해관계자의 요구사항과 내부시스템의 보완을 위해 지속적으로 모니터링하고 개선 - 본사 안전보건경영시스템 자체 점검표, 분기별 현장 실적 자료 제출 | M77: 공사 | N77: 안전팀 | O77: 안전보건경영시스템(ISO 45001) | P77: 안전보건경영매뉴얼 | T77: =VLOOKUP(A77,'GTXA사업단 R&R'!$A$6:$AO$1274,41,) -> 해당없음
G78: 착공 전 | H78: 비산먼지발생신고
A79: 63 | B79: 영동양수발전소 현장 | C79: 한상원 | D79: 관리 | E79: 관리팀 | G79: 착공 전 | H79: 비산먼지발생신고서 작성 | K79: • 착공전 관련규정을 준수하여 법적 리스크흘 해소하고자 함 | L79: • 대기환경보전법 시행규칙 별지 제24호 서식에 맞춰 작성 • 공사중 비산먼지 저감계획를 포함하여 작성 • 비산먼지 발생사업 변경신고 절차를 유관 행정기관에 확인하여 진행 | M79: 관리 | N79: 공무•설계팀 | O79: 공사개요, 공정표, 시공계획 | P79: 비산먼지 발생사업 등 신고서 | T79: =VLOOKUP(A79,'GTXA사업단 R&R'!$A$6:$AO$1274,41,) -> 해당없음
A80: 64 | B80: 영동양수발전소 현장 | C80: 한상원 | D80: 관리 | E80: 관리팀 | G80: 착공 전 | H80: 관련기관 협의 | K80: • 허가권자와의 조속한 협의를 통해 원활한 공사가 되고자 함 | L80: • 해당지자체에 신고하고 협의하여 승인을 득함 | M80: 관리 | N80: 공무•설계팀 | O80: 비산먼지사전신고 대상 | P80: 비산먼지 발생사업 등 신고서 | T80: =VLOOKUP(A80,'GTXA사업단 R&R'!$A$6:$AO$1274,41,) -> 해당없음
G81: 착공 전 | H81: 특정공사사전신고
A82: 65 | B82: 영동양수발전소 현장 | C82: 한상원 | D82: 관리 | E82: 관리팀 | G82: 착공 전 | H82: 특정공사사전신고서 작성 | K82: • 착공전 관련규정을 준수하여 법적 리스크흘 해소하고자 함 | L82: • 소음,진동관리법 시행규칙 별지 제10호 서식에 맞춰 작성 • 공사중 소음,진동 저감시설 설치계획을 포함하여 작성 | M82: 관리 | N82: 공무•설계팀 | O82: 공사개요, 공정표, 장비투입계획 | P82: 특정공사 사전신고서 | T82: =VLOOKUP(A82,'GTXA사업단 R&R'!$A$6:$AO$1274,41,) -> 해당없음
A83: 66 | B83: 영동양수발전소 현장 | C83: 한상원 | D83: 관리 | E83: 관리팀 | G83: 착공 전 | H83: 관련기관 협의 | K83: • 허가권자와의 조속한 협의를 통해 원활한 공사가 되고자 함 | L83: • 해당지자체(환경과)에 신고하고 협의하여 승인을 득함 | M83: 관리 | N83: 공무•설계팀 | O83: 특정공사사전신고 대상 | P83: 특정공사사전 신고서 | T83: =VLOOKUP(A83,'GTXA사업단 R&R'!$A$6:$AO$1274,41,) -> 해당없음
G84: 착공 전 | H84: 위험물 취급허가
A85: 67 | B85: 영동양수발전소 현장 | C85: 한상원 | D85: 공사 | E85: 공사팀 | G85: 착공 전 | H85: 위험물 취급허가서 작성 | K85: • 암반굴착용 화약류 사용을 위한 관련법에 의한 소정의 인허가 취득 | L85: • 화약류 관리보안책임자 선임/ 화약류 취급소 설치 후 화약사용.양수 허가신청 | M85: 관리 | N85: 공무•설계팀 | O85: 공사개요, 공정표, 도급계약서, 시공계획 | P85: 위험물 취급허가서 | T85: =VLOOKUP(A85,'GTXA사업단 R&R'!$A$6:$AO$1274,41,) -> 해당없음
A86: 68 | B86: 영동양수발전소 현장 | C86: 한상원 | D86: 공사 | E86: 공사팀 | G86: 착공 전 | H86: 관련기관 협의 | K86: • 관할경찰서 민원실 및 생활질서계 인허가 취득 | L86: • 관할경찰서 접수 → 확인 → (보안) → 조회 → 보고 → 결재 | M86: 관리 | N86: 공무•설계팀 | O86: - | P86: 협의결과(회의록), 위험물 취급허가 공문 | T86: =VLOOKUP(A86,'GTXA사업단 R&R'!$A$6:$AO$1274,41,) -> 해당없음
G87: 착공 전 | H87: 도로 굴착신고
A88: 69 | B88: 영동양수발전소 현장 | C88: 한상원 | D88: 공사 | E88: 공사팀 | G88: 착공 전 | H88: 도로 굴착 신청서 작성 | K88: • 지하매설물(도시/고압가스, 상하수, 전력, 통신)의 파손방지 및 사고예방 | L88: • 굴착공사정보센타 매설물확인 → 허가관청 굴착허가 → 착공계제출 | M88: 관리 | N88: 공무•설계팀 | O88: 공사개요, 공정표, 도급계약서, 시공계획 | P88: 도로굴착 신고서 | T88: =VLOOKUP(A88,'GTXA사업단 R&R'!$A$6:$AO$1274,41,) -> 해당없음
A89: 70 | B89: 영동양수발전소 현장 | C89: 한상원 | D89: 공사 | E89: 공사팀 | G89: 착공 전 | H89: 관련기관 협의 | K89: • 굴착공사전 매설물확인 후 해당 주체별 사전협의를 통한 공기지연 방지 | L89: • 한국가스안전공사, 지자체 상하수과, 한국전력공사, 통신사(KT 등) 등 매설물 주체에 따라 허가신청 | M89: 관리 | N89: 공무•설계팀 | O89: - | P89: 협의결과(회의록), 도로굴착 승인 공문 | T89: =VLOOKUP(A89,'GTXA사업단 R&R'!$A$6:$AO$1274,41,) -> 해당없음
G90: 착공 전 | H90: 묘지개장 허가 신고
A91: 71 | B91: 영동양수발전소 현장 | C91: 한상원 | D91: 관리 | E91: 관리팀 | G91: 착공 전 | H91: 묘지개장 허가 신청서 작성 | K91: • 묘지개장 허가를 위한 신청 | L91: • 관할 행정기관에 「장사 등에 관한 법률」에 따른 묘지개방 신고서 작성 및 제출 - 공고허가 → 분묘소재 관할시 개장신고 → 분묘소재 면사무소 | M91: 관리 | N91: 공무•설계팀 | O91: 공사개요, 공정표, 도급계약서, 시공계획 | P91: 묘지개장 허가 신청서 | T91: =VLOOKUP(A91,'GTXA사업단 R&R'!$A$6:$AO$1274,41,) -> 해당없음
A92: 72 | B92: 영동양수발전소 현장 | C92: 한상원 | D92: 관리 | E92: 관리팀 | G92: 착공 전 | H92: 관련기관 협의 및 승인 | K92: • 묘지개장 허가 및 법적 절차 미준수로 인한 문제 발생 방지 | L92: • 관할 행정기관에 묘지개장 관련 협의 진행 - 향후 발생 가능한 문제점에 대한 사전 파악 및 법적 문제 방지를 위한 절차 진행 기존 분묘의 정보(사전, 위치, 고인정보, 개장사유 등) 수집 및 법적 절차 근거 확인 | M92: 관리 | N92: 공무•설계팀 | O92: - | P92: 협의결과(회의록), 묘지개발 허가 공문 | T92: =VLOOKUP(A92,'GTXA사업단 R&R'!$A$6:$AO$1274,41,) -> 해당없음
G93: 착공 전 | H93: 환경영향평가 협의내용 관리책임자 지정통보
A94: 73 | B94: 영동양수발전소 현장 | C94: 한상원 | D94: 관리 | E94: 관리팀 | G94: 착공 전 | H94: 지정통보서 작성 | K94: • 업무 관리자 지정 | L94: • 현장기술자 지정신고서 기준에 적법한 인원의 선임 - 관할 행정자치단체 유관부서(환경보호과 등) 통보(관련 행정절차 확인 필요) | M94: 관리 | N94: 공무•설계팀 | O94: 현장기술자 지정신고서 | P94: 환경관리자 선임 | T94: =VLOOKUP(A94,'GTXA사업단 R&R'!$A$6:$AO$1274,41,) -> 해당없음
A95: 74 | B95: 영동양수발전소 현장 | C95: 한상원 | D95: 관리 | E95: 관리팀 | G95: 착공 전 | H95: 관련기관 협의 및 승인 | K95: • 환경영향평가 내용의 준수 관리 | L95: • 현장내 수시 및 유관기관과의 점검을 통한 개정 및 관리 - 관할 행정자치단체 유관부서(환경보호과 등) 통보(관련 행정절차 확인 필요) | M95: 관리 | N95: 공무•설계팀 | O95: 환경영향평가서 | P95: 점검후 관련공문 | T95: =VLOOKUP(A95,'GTXA사업단 R&R'!$A$6:$AO$1274,41,) -> 해당없음
G96: 착공 전 | H96: 공정 관리
G97: 착공 전 | H97: 공정계획 수립
A98: 75 | B98: 화순-송광도로개량 현장 | C98: 한수길 | D98: 공정 | E98: 공사팀 | G98: 착공 전 | H98: 공종별 WBS, Activity 작성 | K98: • 작업분류체계 작성 | L98: • 공종별 작업분류체계(WBS, Work Breakdown Structure) 작성 • WBS별 Activity 작성 | M98: 공사 | N98: 토목수행팀 | O98: 설계서 | P98: WBS | T98: =VLOOKUP(A98,'GTXA사업단 R&R'!$A$6:$AO$1274,41,) -> 해당없음
A99: 76 | B99: 화순-송광도로개량 현장 | C99: 한수길 | D99: 공정 | E99: 공사팀 | G99: 착공 전 | H99: 공종별 Q값 및 Duration 검토 | K99: • 각 Activity별 적정 공기 산정 | L99: • 각 Activity별 Q값 조사 및 수량 확인 • Q값 및 수량으로부터 적정공기 산정 | M99: 공사 | N99: 토목수행팀 | O99: 설계서, 품(경험치 또는 품셈 등) | P99: Activity별 소요공기 | T99: =VLOOKUP(A99,'GTXA사업단 R&R'!$A$6:$AO$1274,41,) -> 해당없음
A100: 77 | B100: 화순-송광도로개량 현장 | C100: 한수길 | D100: 공정 | E100: 공사팀 | G100: 착공 전 | H100: 작업순서 계획 | K100: • 공정표 도출 | L100: • 각 Activity별 선후행 관계 확인 및 작업순서 도출 • 전체 공기 및 Activity별 적정공기를 기반한 필요한 장비대수 파악 • 공정표 작성 및 CP 도출 | M100: 공사 | N100: 토목수행팀 | O100: WBS, Q값 | P100: 공정표 및 CP | T100: =VLOOKUP(A100,'GTXA사업단 R&R'!$A$6:$AO$1274,41,) -> 해당없음
G101: 착공 전 | H101: 공정계획 셋팅
...

Sheet 수행지침_총사업비 변경

Sheet 전략과제 To-Do-List(철도종합시험운행-3단계)
C1: 현장별 전략과제 To Do List
C2: 현장명 : GTX-A 시공사업단 현장 | N2: Rev0 | T2: 45755 | U2: 45694
B3: No. | C3: Objective | G3: To Do List | J3: Action Plan ('25년) | P3: 추진실적 ('25.04) | U3: 비고
C4: 목표 | D4: 손익 (백만원, 전체) | G4: 세부목표 TDL | H4: 책임부서 | I4: 담당/직책 | J4: 착수일 | K4: 완료일 | L4: Action 대상 | M4: 가중치 | N4: 추진 세부 목표 | P4: 착수일 (착수여부) | Q4: 완료일 (완료여부) | R4: 달성 세부 목표 | S4: 성취도 | T4: 차인사유
D5: 계획 | E5: 최종예상
A6: =COUNTA($B$6:B6) -> 1 | B6: 1-1 | C6: 공기연장 귀책사유 적극통지 | G6: 1) 공정지연 사유 확인(매월 공정보고서 검토) - 각 공구의 지연일수 및 지연사유 파악 - 실시협약 및 판례 등에 따른 주무관청 귀책사유 논리 수립 - 공구가 작성한 공정보고서 검토 및 지연사유 추가 | H6: 사업단 | I6: 박윤수 부장 | J6: 19.06.30 | K6: 23.10.30 | L6: 감리단 SPC 국가철도공단 | M6: 10 | N6: 주무관청 귀책사유에 따른 공정지연 발굴 → 귀책사유 통지문서 시행 | P6: 19.06.30 (착수) | Q6: 23.10.30 (완료) | R6: -귀책사유 통지문서 시행완료 | S6: 1
G7: 2) 매월 공정보고서를 통한 주무관청 귀책사유 통지 - 공정보고서 취합 및 CM검토의견 반영하여 공문 시행 | H7: 사업단 | I7: 이재영 차장 | J7: 19.06.30 | K7: 23.10.30 | L7: 감리단 SPC 국가철도공단 | M7: 10 | N7: 주무관청 귀책사유 통지 공문 시행 | P7: 19.06.30 (착수) | Q7: 23.10.30 (완료) | R7: -공정보고서 공문시행 완료 | S7: 1
G8: 3) 착수지연 보고를 통한 주무관청 귀책사유 통지(용역결과 통지) - 착수지연 검토 용역 발주 및 업체선정 - 착수지연 보고서 검토 및 수정(피드백) - 착수지연 보고 공문 시행을 위한 사전 협의(감리 및 공단) | H8: 사업단 | I8: 박윤수 부장 | J8: 21.07.01 | K8: 22.06.30 | L8: 감리단 SPC 국가철도공단 | M8: 30 | N8: 사업부지 확보지연에 따른 CP공구 지연 통지 (CP공구 지연기간 : 15개월) - 착수지연검토보고서(감리검토의견 확복) | P8: 21.07.01 (착수) | Q8: 22.06.30 (완료) | R8: - 착수지연 검토 보고서 공문제출 완료 : 감리단 검토의견서 확보 | S8: 1
G9: 4) 공기연장 신청시 주무관청 귀책사유 및 공정단축 비용 통지 - 각 공구에서 발생 예정인 추가비용 취합 및 통지 - 공기연장 신청 및 승인 방식과 관련한 사전 협의(SPC,공단,국토부) - 감사원컨설팅 등 제3자 검증 방식 제시를 위한 협의 및 자료제공 | H9: 사업단 | I9: 박윤수 부장 | J9: 23.10.20 | K9: 23.12.31 | L9: 감리단 SPC 국가철도공단 국토교통부 | M9: 50 | N9: 공정지연 귀책사유 및 단축비용 통지 | P9: 23.10.20 (착수) | Q9: 23.12.04 (완료) | R9: -공기연장 신청 공문 제출 : 지연사유/기간, 24.12월 개통조건 및 추가비용 등 반영 | S9: 1
A10: =COUNTA($B$6:B10) -> 2 | B10: 1-2 | C10: 사전청구 및 대응논리 수립 및 개발 | G10: 1) 자문 법무법인을 통한 종합적인 공정지연 귀책사유 대응논리 수립 - 국토부 자문경험 법무법인(KP)을 통한 상대입장 사전 검토 - 주무관청 예상 주장내용에 대한 대응 논리 수립 | H10: 사업단 | I10: 박윤수 부장 | J10: 23.05.17 | K10: 24.10.11 | L10: 법무법인 율촌 법무법인 KP | M10: 20 | N10: 주무관청 예상 주장사항 발굴 & 대응논리 수립 : 점용허가 지연에 대한 인허가 책임 → 사업민원(주무관청 귀책)에 따른 지연 : 사업부지확보, 문화재발굴에 대한 설계책임 → 실시협약 상 주무관청의 책임 사항 | P10: 23.05.17 (착수) | Q10: 24.10.11 (완료) | R10: - 상대 예상주장 사항 및 대응논리에 대한 법무법인 검토의견 수립 완료 : 점용허가 지연에 대한 인허가 책임 → 사업민원(주무관청 귀책)에 따른 지연 : 사업부지확보, 문화재발굴에 대한 설계책임 → 실시협약 상 주무관청의 책임 사항 | S10: 1 | V10: =+M10*S10 -> 20 | W10: =SUM(V10:V14) -> 100
G11: 2) 추가공사비에 대한 청구Item 취합 및 확대논리 수립 ① 연장비용 ② 단축비용 ③ 청구항목 확대(ESC,설계비 등) - 분쟁TF 운영을 통한 미비자료 확인 및 피드백 | H11: 사업단 | I11: 박윤수 부장 | J11: 24.12.02 | K11: 25.01.17 | L11: 공동사 | M11: 10 | N11: 청구논리 수립 및 청구금액 확대 -분쟁대응 TF팀 운영 (매주 회의실시) (각 공구담당, CM, 컨설팅용역사) | P11: 24.12.02 (착수) | Q11: 25.01.27 (완료) | R11: - '24.12.04. 분쟁대응 TF Kick off Meeting : 매주 수요일 공구팀장, 용역사 회의 진행 - '25.01.27. 추가공사비 1차 취합 완료 | S11: 1 | V11: =+M11*S11 -> 10
G12: 3) 청구공문 시행 검토 - 계약서류 및 판례에 따른 청구공문 시행시기 및 내용 검토 | H12: 계약관리팀 법무지원팀 | I12: 김준우 부장 김경윤 부장 | J12: 25.01.17 | K12: 25.01.23 | L12: 자문 법무법인 GTX-A사업단 | M12: 20 | N12: 실시협약 및 판례를 반영한 청구공문 시행 | P12: 24.12.06 (착수) | Q12: 24.12.13 (완료) | R12: -청구공문 초안작성 및 법률검토 완료 - 청구공문 시행 불필요(법무법인) : 실시협약 상 청구기간 규정 없음 : 실시계획상 분쟁 명시로 청구권 상실없음 | S12: 1 | V12: =+M12*S12 -> 20
G13: 4) 청구공문 시행 시기 조율 - 추가비용 통지 공문 시행을 위한 사전 협의(SPC 및 공단) - 청구공문 시행 시기 결정 | H13: 사업단 | I13: 김병은 부장 | J13: 25.01.17 | K13: 25.01.23 | L13: SPC/감리단 국가철도공단 국토교통부 | M13: 20 | N13: 적기 공문시행 사전 협의 완료 | P13: 24.12.06 (착수) | Q13: 24.12.13 (완료) | R13: -청구공문 시행 불필요 의견에 따라 미시행 | S13: 1 | V13: =+M13*S13 -> 20
G14: 5) 청구공문 시행 - 청구금액 통지 공문 작성(청구권 상실 방지 및 논점 명확화) - SPC의 청구공문 시행 유도를 위한 협의자료 작성 | H14: 사업단 | I14: 박윤수 부장 | J14: 24.01.17 | K14: 25.01.24 | L14: SPC/감리단 국가철도공단 국토교통부 | M14: 30 | N14: 청구권 상실 방지 및 논점 명확화 | P14: 24.12.06 (착수) | Q14: 24.12.13 (완료) | R14: -청구공문 시행 불필요 의견에 따라 미시행 | S14: 1 | V14: =+M14*S14 -> 30
A15: =COUNTA($B$6:B15) -> 3 | B15: 1-3 | C15: 클레임보고서 작성 및 통지 | G15: 1) 클레임 용역 발주 및 업체 선정 - 클레임 용역 업체 물색(비교견적 확인) - 과업지시서 작성 / 업무지시 | H15: 사업단 | I15: 박윤수 부장 김준우 부장 | J15: 24.10.01 | K15: 24.11.29 | L15: 한국건설관리연구원(용역사) | M15: 10 | N15: 경쟁력있는 클레임 용역업체 선정 -한국건설기술관리연구원 선정 (착수지연보고서 기수행 업체) | P15: 24.10.01 (착수) | Q15: 24.11.29 (완료) | R15: -한국건설기술관리연구원 선정완료 (착수지연보고서 수행업체) | S15: 1 | V15: =+M15*S15 -> 10 | W15: =SUM(V15:V19) -> 58
G16: 2) 전 공구 클레임 컨설팅 시행(청구논리 수립) - 전 공구 방문 컨설팅 시행을 통한 돌관공사비 청구논리 수립 - 청구현황 파악 및 추가 청구논리 수립 지원(자문 법무법인 활용) | H16: 사업단 각공구 | I16: 박윤수 부장 신형호 차장 문성우 부장 윤성규 부장 | J16: 24.12.02 | K16: 25.01.30 | L16: 공동사 한국건설관리연구원 | M16: 10 | N16: 추가 공사비 청구를 위한 청구항목 분류 및 확정 1)연장비용 2)단축비용 3)총사업비 항목분류 | P16: 25.01.22 (착수) | Q16: 25.01.30 (완료) | R16: - '24.12.04. 분쟁대응 TF Kick off Meeting : 용역사 업무추진 계획 확인시 - '25.01.22. 분쟁TF를 통한 자료 확인 | S16: 1 | V16: =+M16*S16 -> 10
G17: 3) 클레임 용역 시행을 위한 원활한 자료 수급 지원 - 자료 수급현황 파악 및 독려(매주 분쟁TF운영) - 향후 분쟁에서 활용할 수 있는 증거자료 수집 | H17: 사업단 각공구 | I17: 박윤수 부장 신형호 차장 문성우 부장 윤성규 부장 | J17: 24.12.02 | K17: 25.01.30 | L17: 공동사 한국건설관리연구원 | M17: 20 | N17: 클레임 용역 시행 및 증거자료 확보를 통한 청구예상액 도출 - 각공구 공기연장/단축에 따라 발생한 실정보고, 실비발생현황 자료 취합 | P17: 24.12.02 (착수) | Q17: 25.2.20 (완료) | R17: - 공기연장 간접비 자료 제공 완료 - 공구별 돌관공사비 관련 자료 제공(1차) - '25.01.22. 추가 필요자료 제공 - '25.02.20. 청구예상액 산출 | S17: 1 | V17: =+M17*S17 -> 20
G18: 4) 종합 청구 보고서 확보 - 클레임 용역 수행 완료 보고서 확보(용역수행 과정 관리) - 소송대리 법무법인에 청구보고서 전달 및 소장작성 반영 요청 | H18: 사업단 | I18: 박윤수 부장 | J18: 25.02.01 | K18: 25.04.15 | L18: 한국건설관리연구원 | M18: 30 | N18: 소송에서 활용 가능한 청구보고서 확보 - 청구금액 예상액 산출 - 청구아이템별 청구논리, 법적/계약적근거 상대방 예상 반박논거 분석 및 대응 | P18: 25.02.01 (착수) | R18: - '25.02.14. 보고서 초안 확보 - '25.02.20. 보고서 초안 피드백 - '25.03.06. 보고서 보완 피드백 : 돌관공사 공정내용 보완 작업 중 - '25.03.25. 보고서 초안 율촌 검토 - '25.03.31. 관련 DATA 총 정리 완료 · 청구금액 : 2364억(당사분 약 700억) · 실정보고 진행중 항목 포함 | S18: 0.3 | V18: =+M18*S18 -> 9
G19: 5) 클레임보고서를 통한 추가비용 통지 및 소송예고 - 추가비용 통지 공문 시행시기 및 내용에 대한 법률검토 수행 - 법률검토내용 반영한 추가비용 통지 및 소송예고 공문 시행 | H19: 사업단 | I19: 박윤수 부장 | J19: 25.04.16 | K19: 25.04.23 | L19: 감리단/SPC 국가철도공단 국토교통부 | M19: 30 | N19: 청구금액 및 소송예고 통지 | P19: 25.04.03 | R19: - '25.04.03. 청구목록(항목 및 금액) SPC 전달 | S19: 0.3 | V19: =+M19*S19 -> 9
A20: =COUNTA($B$6:B20) -> 4 | B20: 2-1 | C20: 법적논리에 기반한 소송서류 작성 | G20: 1) 소송대리 법무법인 선정 검토 - 소송수임 제안서 검토 및 법무지원팀 협의 절차 시행 - 최적의 소송대리인 선임을 위한 법무법인 물색 | H20: 사업단 계약관리팀 | I20: 박윤수 부장 김준우 부장 | J20: 24.12.30 | K20: 25.01.31 | L20: 법무지원팀 | M20: 10 | N20: 최적의 소송대리인 선정 | P20: 24.12.26 (착수) | Q20: 25.01.31 (완료) | R20: - '24.12.26. 소송대리 의견 요청(율촌) - '25.01.23. 소송대리 범위 통지(율촌) : SPC청구금액 포함 요청 | S20: 1 | V20: =+M20*S20 -> 10 | W20: =SUM(V20:V25) -> 52
G21: 2) 소송대리인 선임 - 소송수임 제안서 검토 및 의견 제시 - 사내 법률대리인 선임 절차 진행 | H21: 법무지원팀 | I21: 김경윤 부장 | J21: 24.12.30 | K21: 25.01.31 | L21: 소송대리 법무법인 | M21: 10 | N21: 적기 소송제기를 위한 사내절차 완료 -직무권한 규정에 따른 절차 시행 | P21: 25.01.09 (착수) | Q21: 25.2.26 (완료) | R21: - '25.01.09. 소송수임제안 요청(율촌) - '25.01.20. 수임제안 협상을 위한 예상 예상청구액 및 범위 제공 - '25.02.26. 경영위원회 보고(율촌 선정) | S21: 1 | V21: =+M21*S21 -> 10
G22: 3) SPC와 소송대리 방식 협의 | H22: 사업단 | I22: 박윤수 부장 | J22: 24.12.16 | K22: 25.01.31 | L22: SPC | M22: 20 | N22: 수급인의 소송절차 주도 - SPC의 법무법인 선임 여부에 대한 의견제시 - 수급인 소송대리인이 주도, SPC 소송대리인이 보조하는 형식 추진 | P22: 24.12.24 (착수) | Q22: 25.01.22 (완료) | R22: - '24.12.24. 소송대리 방식 SPC 협의 - '25.01.02. 향후 협의계획 통보(SPC) - '25.01.03. 본사 CM조직 협의 - '25.01.21. SPC내부회의(신한,김앤장) 진행 - '25.01.22. SPC 소송대리 진행 협조 확인 | S22: 1 | V22: =+M22*S22 -> 20
G23: 4) SPC의 소송제기 협조 유도 - 적기 소송제기할 수 있도록 사전 협의 - 소송 미협조 시 대응방안 제시(법률검토 완료) | H23: 사업단 | I23: 담당임원 김병은 부장 | J23: 25.02.17 | K23: 25.04.30 | L23: SPC | M23: 20 | N23: SPC의 소송제기 협조(소송위임장 제출) - 소송대리 위임계약 체결 : 시공사 주도 분쟁절차 진행 | P23: 24.01.22 (착수) | R23: - '25.01.22. SPC의 소송협조의사 확인 (김앤장 소송대리 불필요 의견 제시) - '25.02.11. SPC 소송(중재) 일정 공유 (중재절차 설명 및 협조요청) - '25.03.07. 법무법인 선정 관련 협의 - '25.04.03. 소송대리 위임계약 협의 [SPC 문의 항목] 1) 위임계약 적용 범위 - 소송/중재 포괄적용 이유 - 주무관청 반소제기 항목 제외 이유 2) 법원제출 서류 검토 자문비용 지원 여부 | S23: 0.3 | V23: =+M23*S23 -> 6
G24: 5) 법률검토 결과 반영한 적기 소장 제출 - 종합적인 검토결과를 반영한 소장 검토 - 적기 SPC의 소장제출 및 당사의 보조참가서류 제출 | H24: 사업단 | I24: 박윤수 부장 | J24: 25.03.01 | K24: 25.04.30 | L24: 소송대리 법무법인 | M24: 20 | N24: 적기 검토 완료된 소장 제출 | P24: 25.03.07 | R24: - '25.03.07. 분쟁TF 운영 계획 공유 (KOM 일정협의) - '25.04.02. 소장작성을 위한 CM자료 송부 · 항목별 청구근거/논리 및 예상반박 정리 · 주요 항목에 대한 CM 법률/계약검토 자료 | S24: 0.3 | V24: =+M24*S24 -> 6
G25: 6) 소송서류에 대한 기술적/ 법적 검토 - 소송 Event 발생 시, 분쟁TF 회의 진행 ※ 분쟁TF(CM, 계약관리팀, 법무지원팀, 클레임용역업체, 법무법인) - 소송서류에 대한 기술적, 법적 검토 수행 (계약관리팀 주도하에 타팀을 통한 기술적 검토 지원) | H25: 사업단 법무지원팀 | I25: 박윤수 부장 김경윤 부장 | J25: 25.05.06 | K25: 25.12.31 | L25: 소송대리 법무법인 | M25: 20 | N25: 법적논리, 증거서류에 근거한 소송서류 제출 - 항목별 청구근거/ 논리및 예상반박 정리 - 주요항목에 대해 법률/계약 검토 내용 - 청구금액 | V25: =+M25*S25 -> 0
A26: =COUNTA($B$6:B26) -> 5 | B26: 2-2 | C26: 분쟁기간 단축방안 실행 | G26: 1) 중재합의 추진 - 국가철도공단, 국토부 협의를 통해 중재합의 추진 (4월말까지 중재합의 추진하고, 불발 시 소송 전환) | H26: 사업단 | I26: 담당임원 김병은 부장 박윤수 부장 | J26: 25.02.03 | K26: 25.04.30 | L26: 국가철도공단 국토교통부 | M26: 50 | N26: 분쟁사항에 대한 중재합의서 체결 - 소송대비 중재 장점 서류로 관계기관 설득 - 중재합의서(안) 작성 - 중재사무국(대한상상중재원) 협의를 통해 단축방안 발굴 * 예비절차회의제도 도입 (사전절차 협의를 통해 심사기간 단축 가능) | P26: 25.02.05 (착수) | R26: - '25.02.11. 중재추진 설명 및 협의(SPC) - '25.02.17. 국가철도공단 협의 - '25.02.25. 철도공단 중재추진 의사 확인 - '25.03.04. 국토부 보고자료 지원 - '25.04.03. 철도공단(수도권본부) 중재 협의 · 중재합의서 초안 제시 (공기연장·단축비용 및 총사업비 변경 청구) - '25.04.03. 중재사무국 방문 협의 · 중재합의 방안 협의(합의서 or 공문) · 예비절차회의 제도 협의 (사전절차 협의로 심사기간 단축) | S26: 60% | V26: =+M26*S26 -> 30 | W26: =SUM(V26:V29) -> 30
G27: 2) 감정신청서 사전 작성 | H27: 사업단 계약관리팀 | I27: 박윤수 부장 김준우 부장 | J27: 25.04.01 | K27: 25.05.31 | L27: 소송대리 법무법인 | M27: 10 | N27: 최초 변론기일 전 감정신청서 제출 - 분쟁TF 회의를 통한 법,기술적 검토 반영 - 최초 변론기일 전 감정신청서 제출 | V27: =+M27*S27 -> 0
G28: 3) 소송서류 적기 제출 | H28: 사업단 법무지원팀 | I28: 박윤수 부장 김경윤 부장 | J28: 25.07.01 (수시) | K28: 25.12.31 (+1개월) | L28: 소송대리 법무법인 | M28: 10 | N28: Event 발생 후 1개월 내 소송서류 제출 - 상대방 답변서에 대한 준비서면 등 소송서류 검토 일원화 (소송 Event 발생 시, 분쟁 TF 회의 시행) - 상대방 서면 제출 후 1개월 내 반박 준비서면 제출 | V28: =+M28*S28 -> 0
G29: 4) 사감정 자료를 활용한 감정기간 단축 및 보완감정 최소화 | H29: 사업단 계약관리팀 | I29: 박윤수 부장 김준우 부장 | J29: 25.08.01 | K29: 25.12.31 | L29: 법원감정인 | M29: 30 | N29: 법원감정인을 설득하여 사감정자료를 활용 - 감정회의 시 사검정 업체 동행하여 감정인 설득 - 월단위 감정절차 진행 관리(조속한 감정절차 진행 요청) - 법원감정인과 협의하여 보완감정 발생항목 최소화 유도 | V29: =+M29*S29 -> 0
A30: =COUNTA($B$6:B30) -> 6 | B30: 2-3 | C30: 감정인 관리 | G30: 1) 공정성을 담보할 수 있는 법원감정인 선정 유도 | H30: 사업단 계약관리팀 | I30: 박윤수 부장 김준우 부장 | J30: 25.05.01 | K30: 25.07.31 | L30: 법원 | M30: 50 | N30: 공정성을 담보할 수 있는 법원감정인 선정 - 개인 감정인이 아닌 학회, 협회를 통한 감정인 선정 유도 - 분쟁TF를 통한 최적의 법원감정인 Pool 조사 및 선정논리 수립 | V30: =+M30*S30 -> 0 | W30: =SUM(V30:V31) -> 0
G31: 2) 법원감정인에 대한 설명 및 설득(분쟁TF) | H31: 사업단 계약관리팀 | I31: 박윤수 부장 김준우 부장 | J31: 25.08.01 | K31: 25.12.31 | L31: 법원감정인 | M31: 50 | N31: 사감정자료를 최대한 반영한 감정결과 확보 - 감정 Network 확인 및 감정일 설명을 위한 기술사항 지원 - GTX-A사업에서 주무관청의 무리한 착공 및 개통 요구 설명 - 기술적 사항에 대한 설명 및 설득 - 법적 논리에 대한 설명 및 설득 - 감정편의를 위한 사감정 자료 제공(보완감정 최소화 유도) | V31: =+M31*S31 -> 0
A32: =COUNTA($B$6:B32) -> 7 | B32: 3-1 | C32: 책임시공 공동사의 정산합의서 체결 | G32: 1) 책임시공 공동사에 대한 정산합의 금액 도출 - 정산금액 도출 및 사전 협의 | H32: 각 공구 | I32: 신형호 차장 문성우 부장 윤성규 부장 | J32: 25.03.01 | K32: 25.03.31 | L32: 공동사 | M32: 30 | N32: 적정 정산금액 도출 및 사전협의 완료 | P32: 25.03.01 (착수) | R32: -정산합의 금액 산출 진행 중 - '24.04.04. 채권신탁계약 제시 · 대흥 25.4억/토브: 25.4억/고덕 22.9억/ 정주 13.6억/동우 20.4억 | S32: 0.3 | V32: =+M32*S32 -> 9 | W32: =SUM(V32:V34) -> 30
G33: 2) 정산합의서 양식 작성 - 정산합의 및 향후 소송금액 채권 양도 협의(법무팀 검토) | H33: 계약관리팀 법무지원팀 | I33: 김준우 부장 김경윤 부장 | J33: 25.03.04 | K33: 25.03.31 | L33: 공동사 | M33: 30 | N33: 법적 하자 없는 정산합의서 양식 마련 | P33: 25.03.04 (착수) | R33: - 판결금액 확보 방안 법률검토 의뢰 - '25.04.04. 정산합의서 및 채권양도계약서 법률검토 완료 | S33: 0.3 | V33: =+M33*S33 -> 9
G34: 3) 정산합의서 체결 - 정산합의 및 채권양도 합의서 체결 - 소송 위임장 확보 | H34: 각 공구 | I34: 신형호 차장 문성우 부장 윤성규 부장 | J34: 25.04.01 | K34: 02.04.30 | L34: 공동사 | M34: 40 | N34: 판결금액 확보를 위한 정산합의서 체결 | P34: 25.03.25 (착수) | R34: - '25.03.25. 공동사운영위원회 개최 · 정산합의서, 채권양도계약서 초안 제시 · 병행진행 협의(우선 채권양도 후 정산합의) | S34: 0.3 | T34: 정산합의 금액 이견 | V34: =+M34*S34 -> 12
A35: =COUNTA($B$6:B35) -> 8 | B35: 3-2 | C35: 기성유보금 확보 | G35: 1) 기성유보금 이자 확인 - 기성유보금에 대한 계약상(상법상) 이자 확인 | H35: 각 공구 | I35: 신형호 차장 문성우 부장 윤성규 부장 | J35: 판결일 | K35: 판결 후 3일 | L35: SPC | M35: 20 | N35: 적정 이자금액 확인 | V35: =+M35*S35 -> 0 | W35: =SUM(V35:V37) -> 0
G36: 2) 이자 확보를 위한 사전 협의 - 기성유보금 외 이자 상당액에 대한 지급 요구 및 협의 | H36: 사업단 | I36: 담당임원 김병은 부장 | J36: 판결 후 1일 | K36: 판결 후 7일 | L36: SPC | M36: 50 | N36: 공사도급계약상 적용한 이자 상환 인정 | V36: =+M36*S36 -> 0
G37: 3) 청구공문 시행 - 이자청구 논리 및 근거 확인 - 청구공문 초안 작성 및 공문 시행 | H37: 사업단 계약관리팀 법무지원팀 | I37: 박윤수 부장 김준우 부장 김경윤 부장 | J37: 판결 후 1일 | K37: 판결 후 7일 | L37: SPC | M37: 30 | N37: 공사도급계약상 이자율 적용하여 상환 | V37: =+M37*S37 -> 0
A38: =COUNTA($B$6:B38) -> 9 | B38: 3-3 | C38: 판결금 청구 및 수령 | D38: 22500 | E38: 22500 | G38: 1) 판결문 상 공구별 인정금액 구분 요청 서면 제출 - 공동사간 분쟁 방지를 위해 판결문에 공구별 판결금액 적시 요청 | H38: 사업단 | I38: 박윤수 부장 김경윤 부장 | J38: 소송진행中 | K38: 소송진행中 | L38: SPC | M38: 30 | N38: 공동사별 승소금액 명시된 판결문 확보 | V38: =+M38*S38 -> 0 | W38: =SUM(V38:V40) -> 0
G39: 2) 판결금액 지급 청구 및 수령 - 공동사별 판결금액 확인 후 SPC에게 지급 청구 | H39: 사업단 계약관리팀 법무지원팀 | I39: 박윤수 부장 김준우 부장 김경윤 부장 | J39: 판결일 | K39: 판결 후 1일 | L39: SPC | M39: 70 | N39: 당사 판결금액 적기 확보 | V39: =+M39*S39 -> 0
V40: =+M40*S40 -> 0
V41: =+M41*S41 -> 0

Sheet 표준서_총사업비 변경
B1: 10 | F1: 20 | J1: 30 | N1: 40 | T1: 50 | U1: 60 | Y1: 70 | AE1: 80 | AF1: 90 | AI1: 100 | AN1: 110 | AX1: 120 | AY1: 140 | AZ1: 250 | BD1: 260 | BH1: 270 | BL1: 280 | BR1: 290
B2: ■ 표준서-공사중 설계검토 도입으로 수정/보완/정정 실정보고 최소화(총사업비 승인 지연 단축)
B4: 공종 | F4: 총사업비 변경 | U4: 방법 | Y4: • 현장에서 주관하는 소규모 설계변경이 아닌 대규모 변경에 따라 설계사가 수행하는 변경 설계 (단계별 개통, 운임체계 변경 등 노반, 건축, 기계, 전기, 신호, 통신 등 복합 변경 설계 대상) • 설계사에 각 공구별 설계변경 시점의 설계내역 필히 제공 • 설계사 설계성과품 완료시 각 공구 분야별 시공담당자 설계 검토 필수 - 3대 오류 : 수식오류, 수량 변경내용, 단가(D/S or 기계약단가) • 오류 발견시 설계사에 즉각 피드백하여 수정 조치 (착수전 설계검토와 동일한 절차) - 공구 설계검토 → 사업단 설계검토 취합 → 설계사 피드백 → 설계사 검토 → 설계사 검토의견 회신 | AZ4: 개정이력 | BD4: NO | BH4: 날짜 | BL4: 내용
B6: Process (Code) | F6: 실정보고
B8: 시점 | F8: Start | J8: D-
F9: Finish | J9: D-
B10: 목적 | F10: • 총사업비 변경을 위한 실정보고 작성전 설계성과품과 현장 여건과의 차이, 수량, 내역수식 오류를 필히 파악하여 수정/보완 등 재작성으로 인한 실정보고 승인 지연 단축
U12: R&R | Y12: 주관 : 현장 설계담당 | AF12: 결과물 | AJ12: 설계검토 | AP12: 시공지침 | AT12: - | AZ12: 표준서 개정관리 | BD12: 담당부서 | BL12: 검토 / 승인
Y13: 협업 : 현장 공사팀 | BL13: /
B14: 하자 | U14: 기준 | AP14: 관리방안
B16: [설계검토 부실] | V16: 01 공사중 설계변경 절차 | AQ16: [관리방안]
C17: 01 현황 | V17: A-1 | AA17: • 설계사 제공(설계변경 시점 최종 설계내역) | AQ17: 01 설계사 주관 대규모 설계변경 발생시
C18: 하자개요 | AQ18: • 착수전 설계검토와 같은 프로세스 시행
C19: 공사중 설계변경시 착수전 설계검토와 같은 프로세스가 없어 실정보고 수정/보완/정정이 자주 발생 (특히 현장 주관 설계변경과 달리 설계사를 통해 진행하는 경우, 실정보고 오류가 더 빈번함) ☞ 총사업비 변경 실정보고 승인이 지연되는 주요 요인 | AQ19: • 설계사 성과품 완료 → 현장 배포시 설계검토 양식 배포 → 현장 설계검토 양식 작성 → 사업단 취합 →
V20: A-2 | AA20: • 설계사 성과품 설계검토 - 3대 오류 : 수식/수량/단가 | AQ20: 설계사 검토결과 회신 → 성과품 수정 → 각 현장 실정보고 진행
AQ22: 02 공사중 대규모 설계변경시 핵심사항
V23: A-3 | AA23: • 설계검토결과 취합 - 공구 검토 → 사업단 취합 → 설계사 피드백 → 설계사 검토의견 회신 | AQ23: • 설계사는 공사중 비번한 설계변경을 통해 최초 실시설계와 달라진 현장 여건을 알지 못함
AQ24: → 반드시 설계변경 발생시점의 최종 설계도서가 설계사에 제공되어야 함
AQ25: • 설계사와 각 현장들과 변경설계시 Communication 필수
AQ26: → 설계사와 현장 시공담당자 매칭 (설계사가 알아서 하겠지란 마인드 금지)
V27: A-4 | AA27: • 실정보고 작성 - 공구 → 사업단 → 법인 → 감리 → 법인 → 공단 → 전문기관 검증 → 국토부 승인
AR28: 설계검토 양식 예시
V30: 02 세부기준
V31: GTX-A 민간투자사업 사업관리절차서
C37: 02 근본원인 | V37: 03 세부기준 문제점
C38: 구분 | H38: 세부내용 | V38: 공사중 대규모 설계변경 발생시 설계검토 프로세스 부재
C39: 직접원인 | H39: 설계사 변경설계 수행시 오류 발생 | V39: - 사업관리절차서 상 착수전 설계검토와 같은 프로세스 절차는 없음 (일반적으로 공사중 설계변경은 현장 주관으로 하는 경우가 빈번) - 현장 주관으로 수행하기 어려운 대규모 설계변경은 설계사가 수행 (설계사 성과품을 그대로 실정보고에 적용함)
C40: 근본원인 | H40: • 현장 주관 설계변경과 같이 세심한 검토 미수행 • 현장여건에 대한 설계사의 정보 부족 • 설계사 성과품에 대한 지나친 과신 • 착수전 설계검토와 같은 절차 부재/미준수

Sheet 간지
A4: 첨부 : GTX-A 전략과제 To-Do-List
A9: 첨부 : GTX-A 전략과제 To-Do-List - 추진실적
A14: 수행 Manual
A19: GTX-A 사업단 R&R
