Workbook

Sheet 대시보드
B2: 동탄트램 집행단계 실무 매뉴얼 & 지식 DB 작성 현황 대시보드
B4: ❚ [집행단계 v6] 8대 공종(토목·궤도·건축·신호·통신·전기) 263개 작업단위별 작성 및 DB 연동 현황
B6: 전체 액티비티 | D6: 표준서 작성 | F6: 수행지침 작성 | H6: 체크리스트 작성 | J6: 상세절차서(HTML) 연동 | L6: 현장 리스크 DB
B7: =E21&" 개" | D7: =F21&" 개 (100%)" | F7: =G21&" 개 (100%)" | H7: =H21&" 개 (100%)" | J7: =I21&" 개 (100%)" | L7: =J21&" 개 (87.8%)"
B10: ❚ 1. 공종별 매뉴얼 및 리스크 DB 작성 현황
B12: 순번 | C12: 구분 | D12: 대공종 | E12: 작업수 (L4) | F12: 표준서 | G12: 수행지침 | H12: 체크리스트 | I12: HTML 연동 | J12: 리스크 DB | K12: 달성률 | L12: 진행 상태
B13: 1 | C13: 토목공사 | D13: 사전토공사 | E13: =COUNTA('사전토공사'!F2:F31) | F13: =COUNTA('사전토공사'!K2:K31) | G13: =COUNTA('사전토공사'!M2:M31) | H13: =COUNTA('사전토공사'!O2:O31) | I13: =COUNTA('사전토공사'!F2:F31) | J13: =COUNTA('사전토공사'!S2:S31) | K13: =IF(E13>0, F13/E13, 1) | L13: 작성 완료
B14: 2 | C14: 토목공사 | D14: 지장물이설 | E14: =COUNTA('지장물이설'!F2:F39) | F14: =COUNTA('지장물이설'!K2:K39) | G14: =COUNTA('지장물이설'!M2:M39) | H14: =COUNTA('지장물이설'!O2:O39) | I14: =COUNTA('지장물이설'!F2:F39) | J14: =COUNTA('지장물이설'!S2:S39) | K14: =IF(E14>0, F14/E14, 1) | L14: 작성 완료
B15: 3 | C15: 토목공사 | D15: 상부강화노반 | E15: =COUNTA('상부강화노반'!F2:F37) | F15: =COUNTA('상부강화노반'!K2:K37) | G15: =COUNTA('상부강화노반'!M2:M37) | H15: =COUNTA('상부강화노반'!O2:O37) | I15: =COUNTA('상부강화노반'!F2:F37) | J15: =COUNTA('상부강화노반'!S2:S37) | K15: =IF(E15>0, F15/E15, 1) | L15: 작성 완료
B16: 4 | C16: 궤도공사 | D16: 콘크리트도상 | E16: =COUNTA('콘크리트도상'!F2:F24) | F16: =COUNTA('콘크리트도상'!K2:K24) | G16: =COUNTA('콘크리트도상'!M2:M24) | H16: =COUNTA('콘크리트도상'!O2:O24) | I16: =COUNTA('콘크리트도상'!F2:F24) | J16: =COUNTA('콘크리트도상'!S2:S24) | K16: =IF(E16>0, F16/E16, 1) | L16: 작성 완료
B17: 5 | C17: 건축공사 | D17: 건축 | E17: =COUNTA('건축'!E2:E51) | F17: =COUNTA('건축'!J2:J51) | G17: =COUNTA('건축'!L2:L51) | H17: =COUNTA('건축'!N2:N51) | I17: =COUNTA('건축'!E2:E51) | J17: =COUNTA('건축'!R2:R51) | K17: =IF(E17>0, F17/E17, 1) | L17: 작성 완료
B18: 6 | C18: 시스템공사 | D18: 신호 | E18: =COUNTA('신호'!E2:E23) | F18: =COUNTA('신호'!J2:J23) | G18: =COUNTA('신호'!L2:L23) | H18: =COUNTA('신호'!N2:N23) | I18: =COUNTA('신호'!E2:E23) | J18: =COUNTA('신호'!R2:R23) | K18: =IF(E18>0, F18/E18, 1) | L18: 작성 완료
B19: 7 | C19: 시스템공사 | D19: 통신 | E19: =COUNTA('통신'!E2:E33) | F19: =COUNTA('통신'!J2:J33) | G19: =COUNTA('통신'!L2:L33) | H19: =COUNTA('통신'!N2:N33) | I19: =COUNTA('통신'!E2:E33) | J19: =COUNTA('통신'!R2:R33) | K19: =IF(E19>0, F19/E19, 1) | L19: 작성 완료
B20: 8 | C20: 시스템공사 | D20: 전기 | E20: =COUNTA('전기'!E2:E33) | F20: =COUNTA('전기'!J2:J33) | G20: =COUNTA('전기'!L2:L33) | H20: =COUNTA('전기'!N2:N33) | I20: =COUNTA('전기'!E2:E33) | J20: =COUNTA('전기'!R2:R33) | K20: =IF(E20>0, F20/E20, 1) | L20: 매뉴얼 완료 (리스크 작성중)
B21: - | C21: 합계 | D21: 8대 공종 통합 | E21: =SUM(E13:E20) | F21: =SUM(F13:F20) | G21: =SUM(G13:G20) | H21: =SUM(H13:H20) | I21: =SUM(I13:I20) | J21: =SUM(J13:J20) | K21: =AVERAGE(K13:K20) | L21: 전 공종 완료
B23: ❚ 2. 동적 매뉴얼 주요 기능 구현 현황
B25: 주요 기능 | D25: 핵심 내용 및 구현 현황 | L25: 적용 상태
B26: 시공 사진·영상 시각화 | D26: 공종별 현장 시공 사진, 3D BIM 모델 및 품질 시험 동영상 1:1 매핑 완료 (263개 전 작업) | L26: 구현 완료
B27: 전문시방서(KCS) 원문 연동 | D27: 국토교통부 KCS 전문시방서 PDF(1페이지 원문) 및 관련 법령 링크 바로 열기 구현 | L27: 구현 완료
B28: 문장별 상세절차서(HTML) 연동 | D28: 체크리스트 각 항목 클릭 시 해당 작업의 1:1 독자 상세절차서(HTML) 즉시 연동 | L28: 구현 완료
B29: 단일 화면 패키지 구성 | D29: 1개 작업 단위에 표준서, 수행지침, 체크리스트, 상세절차서를 한 화면에 통합 제공 | L29: 구현 완료
B30: 현장 시공 데이터 누적 관리 | D30: 동탄 현장에서 발생하는 시험 성적서, 사진 데이터(v6)를 실시간 누적·업데이트 | L30: 구현 완료
B32: ❚ 3. 주요 보고 및 향후 추진 계획
B34: 구분 | C34: 보고 안건 | E34: 주요 내용 | L34: 진행 상황
B35: 안건 1 | C35: 동탄 현장 기반 매뉴얼 연속 업데이트 승인 | E35: 동탄 현장 실무 데이터를 바탕으로 매뉴얼(v6 ➔ v7)을 지속 보완·운영하는 체계 승인 | L35: 승인 완료
B36: 안건 2 | C36: 사내 매뉴얼 시스템 통합 및 자산화 | E36: 완성된 매뉴얼을 사내 표준 시스템에 탑재하여 향후 신규 트램 사업 수주 시 재활용 | L36: 추진 중

Sheet 공정매뉴얼
A1: 동탄도시철도(트램) 1·2공구 WBS 계층 구조별 표준서·수행지침·체크리스트 상세 매핑표
A3: L2 코드 | B3: L3 코드 | C3: L3 대공종명 | D3: L4 코드 | E3: 작업단위 (Level 4 Task/Activity) | F3: 표준서 (Standard) [정량적 절대 기술 기준] | G3: 수행지침 (Guideline) [작업 절차 및 주의사항] | H3: 체크리스트 (Checklist) [완료 검측 표준] | I3: 담당 분야 | J3: 첨부서류 연계 상세 설계기준 (구조, 토질, 선로 등) | K3: 집행단계 리스크 체크리스트 (260614 트램 표준) | L3: 협력사 시공/공사관리 자문 (정주건설 / 트리폴건설)
A4: 1000 행정·인허가 (Project Management & Permitting)
A5: 1000 | B5: 1000-1 | C5: 행정·인허가 준비 및 관계기관 협의 | D5: 1000-1-1 | E5: 인허가 관련 법령 검토 및 체크리스트 작성 | F5: ● 도시철도법 제17조(사업계획승인) 및 국토교통부 도시철도 건설 규칙 수립 요건 준수 | G5: [작업 절차] 1. 사전 준비 단계: - 설계 도서 및 시방 기준을 분석하여 인허가 관련 법령 검토 및 체크리스트 작성 작업을 위한 현장 실측 및 경계 측량을 수행함. 2. 본 시공 단계: - 최신 법제처 정보 기반 관련 법령 테이블 작성 작업을 표준 시공 절차에 준하여 시행하며, 실시간 수평도 및 치수 공차를 관리함. 3. 검사 및 마감 단계: - 인허가 서류 구비 요건 만족 확인 체크리스트 사전 작성 시험 및 품질 검사를 실측하고 기준값 만족 여부를 기록함. 부서 간 조율을 통한 법적 의무 이행 조치 사항 기록 작업을 거쳐 노면 정리 및 안전 조치를 완료함. [주의사항 (하자이력 연계)] 최신 개정 법령 미반영으로 인허가 승인 보완 지시 및 사업 기간 지연 | H5: □ 법제처 최신 개정 법령 반영 확인 □ 서류 요건(설계도서, 사업계획서 등) 검토 완료 □ 인허가 체크리스트 작성 완료 및 승인 [집행단계 리스크 체크사항 (LLBS 연계)] □ 용지 보상 내역에 분묘 이장비(유연/무연)가 별도로 책정되어 있는가? □ 용지 보상 지연 시 굴착 작업구(갱구) 진입이 가능한 대체 루트가 있는가? □ 부지 내 기존 도로가 보상 문제로 폐쇄될 경우 대체 진입로 계획이 있는가? □ 개발제한구역, 상수원보호구역 등 특수 규제 지역 포함 여부 및 예상 인허가 소요 기간이 공정표(CP)에 반영되었는가? | I5: 행정 | J5: ● 관련분야 설계기준서 준수 | K5: ● 최신 개정 법령 미반영으로 인허가 승인 보완 지시 및 사업 기간 지연 리스크를 검토하였는가? | L5: ● 협력사 자문 내용 없음 또는 해당사항 없음
A6: 1000 | B6: 1000-1 | C6: 행정·인허가 준비 및 관계기관 협의 | D6: 1000-1-2 | E6: 관계기관 협의자료 작성 및 공식 공문 발송 | F6: ● 행정 효율 지침 및 지자체별 인허가 협의 공문 규격 표준 규정 | G6: [작업 절차] 1. 사전 준비 단계: - 설계 도서 및 시방 기준을 분석하여 관계기관 협의자료 작성 및 공식 공문 발송 작업을 위한 현장 실측 및 경계 측량을 수행함. 2. 본 시공 단계: - 표준 공문 양식 및 도서 작성 요령 준수 작업을 표준 시공 절차에 준하여 시행하며, 실시간 수평도 및 치수 공차를 관리함. 3. 검사 및 마감 단계: - 기지 및 선로 주변 민원 발생 우려 지역의 관계기관 검토서 첨부 시험 및 품질 검사를 실측하고 기준값 만족 여부를 기록함. 관련 공문 접수번호 대장 등록 및 추적 작업을 거쳐 노면 정리 및 안전 조치를 완료함. [주의사항 (하자이력 연계)] 비공식 협의 및 누락 자료 제출로 인한 공문 반려 및 재작성 소요(2주 지연) | H6: □ 구비 서류(설계도서, 영향평가서 등) 누락 확인 □ 공식 협의 공문 대장 등록 및 발송 확인 □ 접수증 발급 및 발급 일자 기록 완료 [집행단계 리스크 체크사항 (LLBS 연계)] □ 사업 부지 내 잔존하는 영업 시설(공장, 종교시설)의 현황과 예상 보상비가 사업비에 책정되었는가? □ 용지 보상 현황도(Map)와 공정표(Schedule)를 연동하여 지연 일수를 산정하고 있는가? □ 용지 보상 지연 시 굴착 작업구(갱구) 진입이 가능한 대체 루트가 있는가? □ 개발제한구역, 상수원보호구역 등 특수 규제 지역 포함 여부 및 예상 인허가 소요 기간이 공정표(CP)에 반영되었는가? | I6: 행정 | J6: ● 관련분야 설계기준서 준수 | K6: ● 공식 접수 및 대장 기록 누락 자료 제출로 인한 공문 반려 및 재작성 소요(2주 지연) 리스크를 검토하였는가? | L6: ● 협력사 자문 내용 없음 또는 해당사항 없음
A7: 1000 | B7: 1000-1 | C7: 행정·인허가 준비 및 관계기관 협의 | D7: 1000-1-3 | E7: 관계기관 피드백 분석 및 조치 방안 수립 | F7: ● 민원 처리 및 행정절차법상 의견 제출 및 피드백 공식 조치 절차 | G7: [작업 절차] 1. 사전 준비 단계: - 설계 도서 및 시방 기준을 분석하여 관계기관 피드백 분석 및 조치 방안 수립 작업을 위한 현장 실측 및 경계 측량을 수행함. 2. 본 시공 단계: - 회신 공문 보완 지시사항 분석 및 조치 부서 지정 작업을 표준 시공 절차에 준하여 시행하며, 실시간 수평도 및 치수 공차를 관리함. 3. 검사 및 마감 단계: - 보완 설계 도면 및 설명자료 작성 지침 배포 시험 및 품질 검사를 실측하고 기준값 만족 여부를 기록함. 관계기관 담당자 사전 면담을 통한 대안 타당성 조율 작업을 거쳐 노면 정리 및 안전 조치를 완료함. [주의사항 (하자이력 연계)] 관계기관 보완 요건의 자의적 해석에 따른 부실 보완 및 2차 보완 지시 지연 | H7: □ 피드백 지시사항 카테고리별 분류 및 대책 수립 □ 조치결과 보고서 작성 및 증빙 자료 확보 □ 관계기관 재검토 승인 결과 확보 완료 [집행단계 리스크 체크사항 (LLBS 연계)] □ 사업 부지 내 잔존하는 영업 시설(공장, 종교시설)의 현황과 예상 보상비가 사업비에 책정되었는가? □ 부지 내 기존 도로가 보상 문제로 폐쇄될 경우 대체 진입로 계획이 있는가? □ 용지 보상 지연 시 굴착 작업구(갱구) 진입이 가능한 대체 루트가 있는가? □ B/P장, 크러셔장 등 주요 가설 설비 설치 위치에 대한 인허가(비산먼지, 소음, 점용) 가능성을 사전 확인했는가? | I7: 행정 | J7: ● 관련분야 설계기준서 준수 | K7: ● 관계기관 보완 요건의 자의적 해석에 따른 부실 보완 및 2차 보완 지시 지연 리스크를 검토하였는가? | L7: ● 협력사 자문 내용 없음 또는 해당사항 없음
A8: 1000 | B8: 1000-2 | C8: 기본설계 도면검토 및 착공신고 처리 | D8: 1000-2-1 | E8: 기본설계도서 기술검토 및 검토의견서 작성 | F8: ● 건설공사 사업관리방식 검토기준 및 업무수행지침 제81조(설계도서 등의 검토) | G8: [작업 절차] 1. 사전 준비 단계: - 설계 도서 및 시방 기준을 분석하여 기본설계도서 기술검토 및 검토의견서 작성 작업을 위한 현장 실측 및 경계 측량을 수행함. 2. 본 시공 단계: - 평면/종단 선형 설계도서 정밀 판독 작업을 표준 시공 절차에 준하여 시행하며, 실시간 수평도 및 치수 공차를 관리함. 3. 검사 및 마감 단계: - 트램 최대 구배(최대 60‰) 및 최소 곡선반경(본선 R25m 이상) 적합성 확인 시험 및 품질 검사를 실측하고 기준값 만족 여부를 기록함. 설계사 검토의견서 공식 송부 및 회신 요청 작업을 거쳐 노면 정리 및 안전 조치를 완료함. [주의사항 (하자이력 연계)] 종평면 종단 구배 한계값 미충족 도면을 거르지 못하여 궤도 재설계 발생 | H8: □ 트램 기술기준 만족 여부(곡선반경, 구배 등) 확인 □ 종단면 설계 요철 한계값 검토 완료 □ 설계자 피드백 반영 완료 확인 [집행단계 리스크 체크사항 (LLBS 연계)] □ 사업 부지 내 잔존하는 영업 시설(공장, 종교시설)의 현황과 예상 보상비가 사업비에 책정되었는가? □ 연약지반 구간의 보상 지연 시 이를 만회할 공법(PC, 프리로딩 생략 등)이 있는가? □ 유용토를 성토할 구간의 보상 완료 시점이 굴착 시점과 일치하는가? □ 개발제한구역, 상수원보호구역 등 특수 규제 지역 포함 여부 및 예상 인허가 소요 기간이 공정표(CP)에 반영되었는가? | I8: 행정 | J8: ● [선로설계] 본선 최소곡선반경 25m, 정거장 300m 이상 적용 ● [선로설계] 완화곡선 최소길이 L=0.5xV (부득이한 경우 대차 중심간 거리 11.4m 이상) ● [선로설계] 최대구배: 본선 60‰ 이하, 정거장 밖 60‰ 이하 (정거장 내 3/1,000 이하, 차량 미유치 측선 45/1,000 이하) ● [선로설계] 종곡선 반경: 본선 800m 이상 (부득이한 경우 350m) ● [선로설계] 선로중심간격: 본선 3.5m 이상 (차량 한계 2.7m x 3.6m, 건축 한계 3.1m x 3.8m) | K8: ● 종평면 종단 구배 한계값 미충족 도면을 거르지 못하여 궤도 재설계 발생 리스크를 검토하였는가? | L8: ● 협력사 자문 내용 없음 또는 해당사항 없음
A9: 1000 | B9: 1000-2 | C9: 기본설계 도면검토 및 착공신고 처리 | D9: 1000-2-2 | E9: 착공신고 구비서류 적정성 검토 및 조립 | F9: ● 건설기술진흥법 시행규칙 제38조(착공신고 구비서류) 규격 만족 여부 | G9: [작업 절차] 1. 사전 준비 단계: - 설계 도서 및 시방 기준을 분석하여 착공신고 구비서류 적정성 검토 및 조립 작업을 위한 현장 실측 및 경계 측량을 수행함. 2. 본 시공 단계: - 현장대리인, 안전관리자, 보건관리자 선임서 및 자격증 확인 작업을 표준 시공 절차에 준하여 시행하며, 실시간 수평도 및 치수 공차를 관리함. 3. 검사 및 마감 단계: - 착공 전 안전관리계획서, 유해위험방지계획서 첨부 여부 검토 시험 및 품질 검사를 실측하고 기준값 만족 여부를 기록함. 공사수행계획서 및 세부 예정공정표 조립 작업을 거쳐 노면 정리 및 안전 조치를 완료함. [주의사항 (하자이력 연계)] 현장대리인 경력 누락 또는 안전관리자 자격 위반 서류 제출로 인한 착공계 반려 | H9: □ 핵심 기술자 면허 및 경력증명 확인 □ 착공 전 필수 승인 서류(안전계획 등) 첨부 완료 □ 발주처 착공신고서 조립 완료 및 접수 [집행단계 리스크 체크사항 (LLBS 연계)] □ 용지 보상 내역에 분묘 이장비(유연/무연)가 별도로 책정되어 있는가? □ 연약지반 구간의 보상 지연 시 이를 만회할 공법(PC, 프리로딩 생략 등)이 있는가? □ 유용토를 성토할 구간의 보상 완료 시점이 굴착 시점과 일치하는가? □ 크러셔장 운영에 따른 소음/진동 시뮬레이션을 수행하고 인허가 리스크를 검토했는가? | I9: 행정 | J9: ● 관련분야 설계기준서 준수 | K9: ● 선로 기하학 오차(종단구배 급변부 캔트 미반영 등)로 궤도 시공 불가 및 기본계획 변경 리스크를 검토하였는가? | L9: ● 협력사 자문 내용 없음 또는 해당사항 없음
A10: 1000 | B10: 1000-3 | C10: 타공사(SRT, GTX-A 등) 구간 협의 및 간섭 검토 | D10: 1000-3-1 | E10: 타공사 간섭구간 기술 영향 평가 및 도면 검토 | F10: ● 지하안전관리에 관한 특별법(지하안전평가 기준 및 인접 굴착 영향선 검토) | G10: [작업 절차] 1. 사전 준비 단계: - 설계 도서 및 시방 기준을 분석하여 타공사 간섭구간 기술 영향 평가 및 도면 검토 작업을 위한 현장 실측 및 경계 측량을 수행함. 2. 본 시공 단계: - SRT/GTX-A 교차 구간 상세 구조물 도면 입수 작업을 표준 시공 절차에 준하여 시행하며, 실시간 수평도 및 치수 공차를 관리함. 3. 검사 및 마감 단계: - 이격거리 및 응력 간섭 3D 시뮬레이션 결과 검토 시험 및 품질 검사를 실측하고 기준값 만족 여부를 기록함. 간섭 구조물 차수 및 방호 대책 설계 도면 확인 작업을 거쳐 노면 정리 및 안전 조치를 완료함. [주의사항 (하자이력 연계)] GTX-A 굴착 공사 영향으로 트램 교차로 노반 침하 및 가시설 이상 거동 발생 | H10: □ 상호 이격거리 구조 안전성 계산서 검토 완료 □ 계측기 설치 계획서 간섭 구간 반영 확인 □ 간섭 최소화 구조 형식 반영 확인 [집행단계 리스크 체크사항 (LLBS 연계)] □ 연약지반 구간의 보상 지연 시 이를 만회할 공법(PC, 프리로딩 생략 등)이 있는가? □ 부지 내 기존 도로가 보상 문제로 폐쇄될 경우 대체 진입로 계획이 있는가? □ 개발제한구역, 상수원보호구역 등 특수 규제 지역 포함 여부 및 예상 인허가 소요 기간이 공정표(CP)에 반영되었는가? □ 철도/지하철 인접 공사 시 유관기관 협의비 및 안전성 검토 용역비가 책정되어 있는가? | I10: 행정 | J10: ● 관련분야 설계기준서 준수 | K10: ● 해당 공종 리스크 분석 수립 준수 | L10: ● 협력사 자문 내용 없음 또는 해당사항 없음
A11: 1000 | B11: 1000-3 | C11: 타공사(SRT, GTX-A 등) 구간 협의 및 간섭 검토 | D11: 1000-3-2 | E11: 간섭구간 공동 협의회 개최 및 협의록 작성 | F11: ● 발주처 인접 공사 안전 관리 가이드라인 및 공구 간 인터페이스 조정 표준 | G11: [작업 절차] 1. 사전 준비 단계: - 설계 도서 및 시방 기준을 분석하여 간섭구간 공동 협의회 개최 및 협의록 작성 작업을 위한 현장 실측 및 경계 측량을 수행함. 2. 본 시공 단계: - 주기적 협의체 구성 및 굴착 공정 스케줄 교환 작업을 표준 시공 절차에 준하여 시행하며, 실시간 수평도 및 치수 공차를 관리함. 3. 검사 및 마감 단계: - 비상시 자동 전파 시스템 및 공구장 핫라인 개설 시험 및 품질 검사를 실측하고 기준값 만족 여부를 기록함. 상호 서명 완료된 공식 간섭 협의록 발주처 보고 작업을 거쳐 노면 정리 및 안전 조치를 완료함. [주의사항 (하자이력 연계)] 구두 협의로 시공했다가 가시설 파손 시 공구 간 책임 공방 및 공사 중단(1개월) | H11: □ 양 공구 대리인 서명된 협의록 보관 여부 □ 핫라인 구축 및 비상 대응 시나리오 마련 여부 □ 합의 사항 설계/시공 도서 반영 여부 [집행단계 리스크 체크사항 (LLBS 연계)] □ 연약지반 구간의 보상 지연 시 이를 만회할 공법(PC, 프리로딩 생략 등)이 있는가? □ 부지 내 기존 도로가 보상 문제로 폐쇄될 경우 대체 진입로 계획이 있는가? □ 개발제한구역, 상수원보호구역 등 특수 규제 지역 포함 여부 및 예상 인허가 소요 기간이 공정표(CP)에 반영되었는가? □ 철도/지하철 인접 공사 시 유관기관 협의비 및 안전성 검토 용역비가 책정되어 있는가? | I11: 행정 | J11: ● 관련분야 설계기준서 준수 | K11: ● 해당 공종 리스크 분석 수립 준수 | L11: ● 협력사 자문 내용 없음 또는 해당사항 없음
A12: 2000 임시설비 및 가설공사 (Temporary & Utility Works)
A13: 2000 | B13: 2000-1 | C13: 가설사무소 설치 및 안전·환경 관리 준비 | D13: 2000-1-1 | E13: 가설현장사무소 부지 확보 및 인허가 신고 | F13: ● 건축법 제20조(가설건축물), 지자체 가설건축물 축조 신고 지침 요건 | G13: [작업 절차] 1. 사전 준비 단계: - 설계 도서 및 시방 기준을 분석하여 가설현장사무소 부지 확보 및 인허가 신고 작업을 위한 현장 실측 및 경계 측량을 수행함. 2. 본 시공 단계: - 임차부지 소유권 확인 및 가설 물건 배치 설계도 작성 작업을 표준 시공 절차에 준하여 시행하며, 실시간 수평도 및 치수 공차를 관리함. 3. 검사 및 마감 단계: - 관할 지자체 가설건축물 축조 신고서 접수 시험 및 품질 검사를 실측하고 기준값 만족 여부를 기록함. 소방서 소방시설 사전 협의 및 신고필증 획득 작업을 거쳐 노면 정리 및 안전 조치를 완료함. [주의사항 (하자이력 연계)] 부지 미승인 상태의 무단 가설물 축조로 지자체 철거 명령 및 이행강제금 부과 | H13: □ 축조 신고필증 획득 및 현장 비치 여부 □ 경계 측량 확인 및 설계도면 일치 여부 □ 소방기구(소화기 등) 적정 수량 배치 완료 [집행단계 리스크 체크사항 (LLBS 연계)] □ 구조물과 흙막이 벽체 사이 여유폭(Working Space) 내에 배수로 설치 공간이 확보되었는가? □ 굴착 바닥면의 피압수 용출 가능성(Boiling)을 검토하고 Well Point 등 지하수위 저하 공법을 반영했는가? □ 흙막이 가시설과 본 구조물 사이에 거푸집 설치 및 작업자 이동 공간(최소 1m 이상)이 확보되었는가? □ 교량 시공용 대형 크레인(200ton 이상)의 아웃트리거 전개 폭을 고려하여 가교 폭이나 작업대(Staging)가 반영되었는가? | I13: 토목 | J13: ● 관련분야 설계기준서 준수 | K13: ● 가설건축물 설치 승인 지연으로 현장 사무소 개설 연기 및 현장 관리 공백 발생 리스크를 검토하였는가? | L13: ● 협력사 자문 내용 없음 또는 해당사항 없음
A14: 2000 | B14: 2000-2 | C14: 가설도로·가시설 및 공사 진입로 설치 | D14: 2000-2-1 | E14: 가설도로 개설 및 진입 노면 다짐 시공 | F14: ● KCS 11 20 20 (가설공사 도로 및 터파기 다짐 표준시방서) ● 가설도로 기초 지반 최소 허용 지내력 150 kN/m² 이상 확보 | G14: [작업 절차] 1. 사전 준비 단계: - 설계 도서 및 시방 기준을 분석하여 가설도로 개설 및 진입 노면 다짐 시공 작업을 위한 현장 실측 및 경계 측량을 수행함. 2. 본 시공 단계: - 진입로 롤러 다짐(두께 300mm 단위 분할 다짐) 작업을 표준 시공 절차에 준하여 시행하며, 실시간 수평도 및 치수 공차를 관리함. 3. 검사 및 마감 단계: - 평판재하시험(PBT) 실시, 지내력 150 kN/m2 확보 확인 시험 및 품질 검사를 실측하고 기준값 만족 여부를 기록함. 쇄석 골재 포설 및 표면 배수 구배(2%) 형성 작업을 거쳐 노면 정리 및 안전 조치를 완료함. [주의사항 (하자이력 연계)] 다짐 불량 가설도로 상에서 25톤 덤프트럭 전도 사고 발생 | H14: □ 평판재하시험 지내력 기준(150 kN/m2) 통과 여부 □ 노면 배수 구배 및 측구 집수정 설치 여부 □ 대형 장비 회전 반경 확보 여부 [집행단계 리스크 체크사항 (LLBS 연계)] □ 개착 구조물 기초 바닥에 지하수 배제를 위한 맹암거 및 유공관이 반영되었는가? □ 공사 중 집중호우(Frequency 10~20년 빈도)에 대비한 배수 펌프 용량과 예비 펌프가 산정되었는가? □ 항타기 등 대형 장비의 진입로 폭과 회전 반경이 현장 여건(농로, 마을길)과 부합하는가? □ 교량 시공용 대형 크레인(200ton 이상)의 아웃트리거 전개 폭을 고려하여 가교 폭이나 작업대(Staging)가 반영되었는가? | I14: 토목 | J14: ● 관련분야 설계기준서 준수 | K14: ● 가설도로 다짐 부족으로 중장비(레미콘, 크레인) 이동 시 지반 함몰 및 장비 전도 리스크를 검토하였는가? | L14: ● [공사구간 분할] 레일 뒤틀림 방지를 위해 1km 기준 분할 시공을 권장하며, 상하선별 별도 시공하되 노선 하나 기준으로 전폭 시공 적용 ● [자재적치] 협소 구간은 추가 적치 부지를 확보하지 않고, 기시공/미시공 구간에 레일을 임시 적치하여 대응
A15: 2000 | B15: 2000-3 | C15: 유틸리티/전력 가설 및 임시 배관·배선 설치 | D15: 2000-3-1 | E15: 유틸리티 임시 전력 설비 설치 및 접지 공사 | F15: ● 전기설비기술기준(산업부) 및 가설공사 표준시방서(전기) ● 가설 전력 분전반 접지 저항 100Ω 이하 정밀 시공 | G15: [작업 절차] 1. 사전 준비 단계: - 설계 도서 및 시방 기준을 분석하여 유틸리티 임시 전력 설비 설치 및 접지 공사 작업을 위한 현장 실측 및 경계 측량을 수행함. 2. 본 시공 단계: - 한전 임시 수전 신청 및 전신주 변압기 설치 입회 작업을 표준 시공 절차에 준하여 시행하며, 실시간 수평도 및 치수 공차를 관리함. 3. 검사 및 마감 단계: - 현장 분전반 접지 공사(접지 저항 100Ω 이하 측정) 시험 및 품질 검사를 실측하고 기준값 만족 여부를 기록함. 외함 차단기(ELB, 감도전류 30mA 이하) 테스트 작업을 거쳐 노면 정리 및 안전 조치를 완료함. [주의사항 (하자이력 연계)] 여름철 우천 시 가설 분전반 접지 불량으로 인한 작업자 감전 사고 발생 | H15: □ 접지저항값 측정 및 기준(100Ω 이하) 만족 여부 □ 누전차단기 정격 감도 확인 및 일일 점검 완료 □ 고압 노출선 방호 케이싱 씌우기 여부 [집행단계 리스크 체크사항 (LLBS 연계)] □ 개착 구조물 기초 바닥에 지하수 배제를 위한 맹암거 및 유공관이 반영되었는가? □ 공사 중 집중호우(Frequency 10~20년 빈도)에 대비한 배수 펌프 용량과 예비 펌프가 산정되었는가? □ 교량 시공용 대형 크레인(200ton 이상)의 아웃트리거 전개 폭을 고려하여 가교 폭이나 작업대(Staging)가 반영되었는가? □ 항타기 등 대형 장비의 진입로 폭과 회전 반경이 현장 여건(농로, 마을길)과 부합하는가? | I15: 토목/전기 | J15: ● 관련분야 설계기준서 준수 | K15: ● 가설 전기 설비 과과부하 누전으로 현장 화재 발생 및 임시 차단기 오동작 리스크를 검토하였는가? | L15: ● 협력사 자문 내용 없음 또는 해당사항 없음
A16: 2000 | B16: 2000-4 | C16: 교통전환 계획 수립 및 공사 중 교통 관리 | D16: 2000-4-1 | E16: 우회 교통 차선 도색 및 안전 통제 조치 | F16: ● KCS 44 60 05 (노면표시) / KCS 21 20 05 (현장가설시설물) ● 임시 차선 휘도: 설치시 백색 240, 황색 150 mcd/(m²·lx) 이상 (5℃ 이하 시공 금지, KS L 2521 2호 유리알 1L당 800g 살포) ● 임시 차선테이프: 건조 백색 250 / 습윤 백색 500 mcd/(m²·lx), 미끄럼저항 45 BPN 이상 ● 가설 펜스(울타리): 높이 1.8m 이상 (민감 지역 주거·상가 50m 이내 3.0m 이상), 지주 간격 1.8m 이내 고정 ● 접근방지책: 높이 1.2m 이상 강관(φ48.6mm, 두께 2.4mm), 지주 간격 2.0m 이내 횡선대 3열 이상 설치 ● 시선유도봉: 주황색 몸체 인증품, 주행 방향 앵커볼트 2개 대향 배치 고정 ● 시선유도표지: 높이 900mm 설치, 설치 간격(직선 50m, R≤50m 급곡선 4~5m), 진행 방향 90°(직각) 설치 ● 갈매기표지: 두께 3mm 이하 알루미늄판, 높이 1.2m 거치, R≤50m 급곡선 설치 간격 8m ● 교통안전표지: 알루미늄판(A5052P 등) 두께 3mm 이상, 지주 아연도금 550g/m² 이상(HDZ 55), KS A 3507 초고휘도 반사지 부착 (부착 시 실내 18~24℃, 습도 65% 이하 유지), 차량 진행 방향 직각(90°) 설치(시인성 고려 10° 이내 안쪽 조정) | G16: [작업 절차] 1. 사전 준비 단계: - 설계 도서 및 시방 기준을 분석하여 우회 교통 차선 도색 및 안전 통제 조치 작업을 위한 현장 실측 및 경계 측량을 수행함. 2. 본 시공 단계: - 경찰서 승인 평면도 기반 주·야간 교통 통제 표지 설치 작업을 표준 시공 절차에 준하여 시행하며, 실시간 수평도 및 치수 공차를 관리함. 3. 검사 및 마감 단계: - 고휘도 반사 페인트 차선 도색 및 시선유도봉(델리네이터) 장착 시험 및 품질 검사를 실측하고 기준값 만족 여부를 기록함. 야간 싸이키 등, LED 유도 표지판 전원 가동 작업을 거쳐 노면 정리 및 안전 조치를 완료함. [주의사항 (하자이력 연계)] 굴착 전환부 야간 경고등 미설치로 민간 차량 가시설 추돌 사고 발생 ● 협력업체 자문 [레일운반] 18m/20m 장대레일 반입 시 가로수 저촉 우려가 있으며, 도심지 주간 운반 시 후송차량 및 전담 신호수 배치 필수 [차로점용] 노반공사 완료부 상면에서 장비 이동 및 작업은 문제없으나 배수관 보강이 수반되어야 하며, 협소구간은 100m 이내 압송 타설 권장 | H16: □ 통제 구간 내 차선 도색 및 반사 시트 설치 여부 □ 야간 신호수 조광 유도봉 소지 여부 □ 보행자 안전 통로 확보 및 펜스 마감 상태 [집행단계 리스크 체크사항 (LLBS 연계)] □ 굴착 바닥면의 피압수 용출 가능성(Boiling)을 검토하고 Well Point 등 지하수위 저하 공법을 반영했는가? □ 개착 구조물 기초 바닥에 지하수 배제를 위한 맹암거 및 유공관이 반영되었는가? □ 구조물 터파기 사면(Open Cut)의 상단 라인이 공사 부지 경계선 내에 들어오는가? □ 흙막이 가시설과 본 구조물 사이에 거푸집 설치 및 작업자 이동 공간(최소 1m 이상)이 확보되었는가? | I16: 토목/교통 | J16: ● [교통관리] 도로공사구간 차선 휘도: 설치시 백색 240, 황색 150 mcd/(m²·lx) 이상 (5℃ 이하 시공 금지, KS L 2521 2호 유리알 1L당 800g 살포) ● [교통관리] 임시 차선테이프: 건조 백색 250 / 습윤 백색 500 mcd/(m²·lx), 미끄럼저항 45 BPN 이상 ● [교통관리] 가설 휀스: 높이 1.8m 이상 (민감 지역 주거·상가 50m 이내 3.0m 이상), 지주 간격 1.8m 이내 ● [교통관리] 접근방지책: 높이 1.2m 이상 강관(φ48.6mm, 두께 2.4mm), 지주 간격 2.0m 이내, 횡선대 3열 이상 설치 ● [교통관리] 안전표지: 알루미늄판 두께 3mm 이상, 아연도금 550g/m² 이상(HDZ 55), KS A 3507 초고휘도 반사지 부착, 진행방향 직각(90°) 설치(10° 이내 안쪽 조정) | K16: ● 굴착 전환부 야간 경고등 미설치로 민간 차량 가시설 추돌 사고 발생 리스크를 검토하였는가? | L16: ● [레일운반] 18m/20m 장대레일 반입 시 가로수 저촉 우려가 있으며, 도심지 주간 운반 시 후송차량 및 전담 신호수 배치 필수 ● [차로점용] 노반공사 완료부 상면에서 장비 이동 및 작업은 문제없으나 배수관 보강이 수반되어야 하며, 협소구간은 100m 이내 압송 타설 권장
A17: 3000 교차로 공사 (Intersection Works)
A18: 3000 | B18: 3000-1 | C18: 교차로 구간 지장물 조사 및 인허가 협의 | D18: 3000-1-1 | E18: 교차로 지하매설물 대장 수집 및 사전계획수립 | F18: ● 국토지리정보원 지하정보 통합지도 구축 및 활용 지침 규정 | G18: [작업 절차] 1. 사전 준비 단계: - 설계 도서 및 시방 기준을 분석하여 교차로 지하매설물 대장 수집 및 사전계획수립 작업을 위한 현장 실측 및 경계 측량을 수행함. 2. 본 시공 단계: - 지자체 상하수도, 한국가스공사, 전력/통신사 도면 수집 작업을 표준 시공 절차에 준하여 시행하며, 실시간 수평도 및 치수 공차를 관리함. 3. 검사 및 마감 단계: - GIS 데이터 기반 교차로 중심 횡단면도 중첩 작성 시험 및 품질 검사를 실측하고 기준값 만족 여부를 기록함. 이설/보강 대책이 필요한 중대 지장물 목록 확정 작업을 거쳐 노면 정리 및 안전 조치를 완료함. [주의사항 (하자이력 연계)] 지하시설물 정보 불일치로 굴착 중 상수도 주관 파손, 상가 단수 민원 폭주 ● 협력업체 자문(정주건설/트리플건설) [시공순서] 일반구간 선시공 후 교차로 시공이 시공성 면에서 유리하나, 교차로 선시공 시 차량 통행에 의한 레일 파손 우려 대응 필요 (일반 및 교차로 작업조 통합 운영 권장) ● [교차로PST] 신속한 교통 개방을 위해 프리캐스트(PST) 패널 공법을 적용하되, 아스콘 접속부 처리가 지연되면 개방 효과가 미미하므로 교차로 길이 및 현장 차선 수별 세부 시공계획 필수 | H18: □ 관리기관별 지장물 대장 최신 여부 확인 □ 고압가스, 특별고압 송전선로 간섭 여부 표시 □ 도면 중첩 분석 보고서 작성 완료 [집행단계 리스크 체크사항 (LLBS 연계)] □ 기초 터파기 구간의 지반 조건(연약지반)을 고려할 때 사면 경사를 유지할 부지가 충분한가? □ 도심지 협소 구간 작업 시 대형 장비 진입 불가에 따른 소형 장비 할증이 반영되었는가? □ 자재 발주 전 도면상 명기된 배수 관련 부속 자재가 내역에 있는지 전수 조사했는가? □ 접속부 시공 전 배수판/동판 설치 상세를 작업자에게 교육했는가? | I18: 토목/행정 | J18: ● 관련분야 설계기준서 준수 | K18: ● 지장물 위치 측량 데이터 누락으로 굴착 중 타 기관 지중 설비 오타격 파손 리스크를 검토하였는가? | L18: ● 협력사 자문 내용 없음 또는 해당사항 없음
A19: 3000 | B19: 3000-1 | C19: 교차로 구간 지장물 조사 및 인허가 협의 | D19: 3000-1-2 | E19: 현장 지하매설물 탐지(GPR) 및 인력 시험 굴착 | F19: ● KCS 11 10 10 (지장물 탐사 및 이설 공사 표준시방서) ● 백호우 장비 사용 전 필수 인력 굴착(폭 1.0m, 깊이 2.0m) 선행 | G19: [상세 작업 절차 - 정밀 관리] 1. 사전 설계도 분석 및 매핑: - 지하시설물 정보통신 대장 및 기존 GIS 데이터를 중첩하여 탐사 영역(교차로 개소별)을 3D 격자망으로 사전 분할함. 2. GPR 장비 셋업 및 검교정: - 250MHz/600MHz 이중 주파수 GPR 안테나 장비를 현장 노면에 셋업하고, 지반 유전율 및 수분 상태에 따른 반사 신호 검교정을 수행함. 3. 정밀 GPR 스캐닝 실시: - 노면 격자 라인(최소 0.5m 간격)을 따라 스캔을 실시하여 종횡단 단면의 반사 신호(Hyperbola)를 실시간 획득함. 4. 공동 및 이상 대역 탐지 분석: - 획득된 원시 데이터를 소프트웨어를 통해 필터링하여 지중 공동 및 금속/비금속 매설관(상수도, 가스관, 케이블 등)의 예상 심도(오차 ±10cm)를 추정함. 5. 현장 인력 시험 굴착 및 확인: - 중장비 굴착 전, 예상 지장물 심도 상부 1.0m 지점까지는 백호우로 굴착하고, 이후 유관기관 입회 하에 인력 굴착(폭 1.0m, 깊이 2.0m 이상)을 통해 지장물의 정확한 관종, 외경, 재질을 육안 확인하고 GIS 측량을 시행하여 위치를 확정함. [주의사항 (하자이력 연계)] 장비 굴착 중 도면에 없던 한전 고압 케이블 포크레인 버킷 접촉 사고 | H19: □ GPR 검출 자료와 설계도면 불일치 구간 확인 □ 백호우 장비 사용 전 인력 굴착 선행 여부 □ 노출 매설물 종류 및 재질 태그 기록 보관 [집행단계 리스크 체크사항 (LLBS 연계)] □ 기초 터파기 구간의 지반 조건(연약지반)을 고려할 때 사면 경사를 유지할 부지가 충분한가? □ 구조물 터파기 사면(Open Cut)의 상단 라인이 공사 부지 경계선 내에 들어오는가? □ 자재 발주 전 도면상 명기된 배수 관련 부속 자재가 내역에 있는지 전수 조사했는가? □ 접속부 시공 전 배수판/동판 설치 상세를 작업자에게 교육했는가? | I19: 토목 | J19: ● 관련분야 설계기준서 준수 | K19: ● 지하 매설 특수 지장물(고압 한전 가스관) 정밀 탐사 지연으로 후속 토공 착수 무기한 연기 리스크를 검토하였는가? | L19: ● 협력사 자문 내용 없음 또는 해당사항 없음
A20: 3000 | B20: 3000-1 | C20: 교차로 구간 지장물 조사 및 인허가 협의 | D20: 3000-1-3 | E20: 지장물 관리기관 합동 회의 및 이설 협의서 날인 | F20: ● 도로법 시행령 제43조(점용료 및 지장물 이설 비용 정산 기준) | G20: [작업 절차] 1. 사전 준비 단계: - 설계 도서 및 시방 기준을 분석하여 지장물 관리기관 합동 회의 및 이설 협의서 날인 작업을 위한 현장 실측 및 경계 측량을 수행함. 2. 본 시공 단계: - 관할 지자체 및 가스/전력 관리기관 담당자 현장 공동 실사 주관 작업을 표준 시공 절차에 준하여 시행하며, 실시간 수평도 및 치수 공차를 관리함. 3. 검사 및 마감 단계: - 이설 공법 및 임시 우회 선로 방안 협의록 조율 시험 및 품질 검사를 실측하고 기준값 만족 여부를 기록함. 분담금 정산 비율이 명시된 이설 합의 승인서 날인 작업을 거쳐 노면 정리 및 안전 조치를 완료함. [주의사항 (하자이력 연계)] 이설 비용 분담 협의 미결 상태로 장시간 방치되어 전체 공기 3개월 지연 | H20: □ 관리기관 공동 서명 날인서 확보 완료 □ 이설 비용 청구 및 실행 예산 승인 여부 □ 이설 우회 루트 지반 지지력 확인 완료 [집행단계 리스크 체크사항 (LLBS 연계)] □ 기초 터파기 구간의 지반 조건(연약지반)을 고려할 때 사면 경사를 유지할 부지가 충분한가? □ 도심지 협소 구간 작업 시 대형 장비 진입 불가에 따른 소형 장비 할증이 반영되었는가? □ 도로/철도 횡단 구간의 낙하물 방지 시설이 '그물망'이 아닌 '방호 선반(강판/합판)'으로 설계되었는가? □ 특수 교각(Y형, V형) 시공 시 상부 하중을 지지할 가설 벤트가 내역에 있는가? | I20: 토목/행정 | J20: ● 관련분야 설계기준서 준수 | K20: ● 지장물 이설 공사비 정산 지연으로 해당 유관 부처 협의 지연 및 행정 조치 보완 리스크를 검토하였는가? | L20: ● 협력사 자문 내용 없음 또는 해당사항 없음
A21: 3000 | B21: 3000-2 | C21: 교차로 지장물 이설 및 방호·보강 공사 | D21: 3000-2-1 | E21: 교차로 지장물 임시/영구 이설 시공 | F21: ● KCS 11 10 15 (상수도 배관 시공 표준시방서) ● 임시 이설 상수도 기밀 수압시험(설계 규정압력의 1.5배, 1시간 유지) | G21: [상세 작업 절차 - 정밀 관리] 1. 우회 이설 계획 수립 및 밸브 차단: - 이설 노선에 대한 임시 우회 배관 자재(용접강관, PE관 등) 및 차수 밸브 위치를 점검하고, 단수/차단 일정에 대해 지자체 및 유관기관 사전 공고를 완료함. 2. 이설 대상관 노출 및 방호: - 백호우 굴착 후 노출된 기존 상수도/가스관에 충격 방지용 EPDM 고무 패드를 피복하고 안전 벤트 가시설을 건립하여 구조적 안정성을 유지함. 3. 임시 바이패스 관로 포설 및 조인트 접합: - 규격 배관을 현장 정밀 재단하여 설계 경로로 포설하고, 융착 접합 및 플랜지 볼트 체결(토크 렌치 정밀 제어)을 수행하여 기밀성을 확보함. 4. 수압 시험 및 플러싱 소독: - 신설 우회 관로 내부를 플러싱하여 이물질을 제거하고, 규정 수압(설계 압력의 1.5배, 최소 1.0 MPa)을 가해 1시간 동안 누수 및 압력 강하 여부를 정밀 확인하고 성적서를 작성함. 5. 관로 전환 및 되메우기: - 야간 차단 시간 내에 기존 관로에서 우회 관로로 유체를 전환(Tie-in) 접합하고, 되메우기(모래 두께 300mm 보호층 및 양질토 분할 다짐)를 완료함. [주의사항 (하자이력 연계)] 임시 이설한 상수도관 연결부 수압 불량으로 누수 발생, 도로 지반 함몰 | H21: □ 단수 안내문 발송 및 비상 급수 대책 수립 확인 □ 수압시험 합격 기준(압력 강하 0.02MPa 이하) 확인 □ 접합부 용접 및 프랜지 조임 검측 상태 [집행단계 리스크 체크사항 (LLBS 연계)] □ 교량 시공용 대형 크레인(200ton 이상)의 아웃트리거 전개 폭을 고려하여 가교 폭이나 작업대(Staging)가 반영되었는가? □ 구조물 터파기 사면(Open Cut)의 상단 라인이 공사 부지 경계선 내에 들어오는가? □ 하부 도로/구조물이 상부 시공 하중(크레인+거더)을 견딜 수 있는가? □ 벤트 위치가 하부 교통 흐름이나 구조물과 간섭되지 않는가? | I21: 토목/기계 | J21: ● 관련분야 설계기준서 준수 | K21: ● 임시 이설한 상수도관 연결부 수압 불량으로 누수 발생, 도로 지반 함몰 리스크를 검토하였는가? | L21: ● 협력사 자문 내용 없음 또는 해당사항 없음
A22: 3000 | B22: 3000-2 | C22: 교차로 지장물 이설 및 방호·보강 공사 | D22: 3000-2-2 | E22: 이설 불가 지장물 방호공(H-Beam 매달기) 시공 | F22: ● 건설공사용 가설구조물 설계기준(KDS 21 00 00) 구조 안전율 준수 | G22: [상세 작업 절차 - 정밀 관리] 1. 지장물 노출 및 계측기 부착: - 이설 불가 매설 가스관/통신관 구간을 인력 굴착으로 완전히 노출시키고, 관 표면에 변형률 게이지(Strain Gauge) 및 처짐 측정용 틸트센서를 부착함. 2. 방호 H-Beam 파일 천공 및 근입: - 지장물 외곽 양측에 규격 H-Beam(300x300mm) 수직 파일을 오거로 천공 및 근입하고, 그라우팅 주입으로 지지력을 확보함. 3. 매달기 크로스 거더 설치: - 수직 H-Beam 상부에 횡방향 H-Beam 크로스 거더를 정밀 볼트 조임 및 용접 접합하여 강결 구조를 형성함. 4. 행거 와이어 조립 및 장력 도입: - 특수 강재 행거 플레이트와 고장력 턴버클 와이어를 크로스 거더와 지장물 받침대(Saddle) 사이에 조립하고, 설계 하중 분배를 고려하여 와이어 턴버클 장력을 고르게 도입(토크 렌치 제어)함. 5. 거푸집 가설 및 시공 중 상시 모니터링: - 가시설 흙막이판 설치 시 방호 구간 하부에 낙석 방지 판넬을 추가 설치하고, 토공 굴착 및 본체 시공 중 지장물의 미세 침하(허용치 ±2mm 이내) 여부를 실시간 계측기로 모니터링함. [주의사항 (하자이력 연계)] 매달기 방호공의 와이어 장력 이완으로 가스관 침하 및 이음부 가스 누출 | H22: □ H-Beam 매달기 와이어 조임 및 턴버클 체결 강도 □ 매설관 하부 처짐 방지용 패드 밀착 상태 □ 변위 측정 센서 초기 리셋 및 일일 기록 여부 [집행단계 리스크 체크사항 (LLBS 연계)] □ 구조물 터파기 사면(Open Cut)의 상단 라인이 공사 부지 경계선 내에 들어오는가? □ 기초 터파기 구간의 지반 조건(연약지반)을 고려할 때 사면 경사를 유지할 부지가 충분한가? □ 동바리 높이가 10m를 초과하는 구간에 대해 시스템 동바리가 적용되었는가? □ 좌굴 안정성 검토가 수행되었는가? | I22: 토목 | J22: ● 관련분야 설계기준서 준수 | K22: ● 매달기 방호공의 와이어 장력 이완으로 가스관 침하 및 이음부 가스 누출 리스크를 검토하였는가? | L22: ● 협력사 자문 내용 없음 또는 해당사항 없음
A23: 3000 | B23: 3000-3 | C23: 교차로 토공 굴착 및 가시설 설치 | D23: 3000-3-1 | E23: 교차로 아스팔트 포장 깨기 및 단계별 굴착 | F23: ● KCS 11 20 15 (토공사 굴착 표준시방서) ● 굴착 사면 경사면 구배 확보(사질토 1:1.0, 암반 1:0.5) | G23: [작업 절차] 1. 사전 준비 단계: - 설계 도서 및 시방 기준을 분석하여 교차로 아스팔트 포장 깨기 및 단계별 굴착 작업을 위한 현장 실측 및 경계 측량을 수행함. 2. 본 시공 단계: - 도로 커터를 이용하여 차선별 외곽 라인 정밀 컷팅(깊이 150mm) 작업을 표준 시공 절차에 준하여 시행하며, 실시간 수평도 및 치수 공차를 관리함. 3. 검사 및 마감 단계: - 백호우 브레이커 작업 시 비산방지망 설치 시험 및 품질 검사를 실측하고 기준값 만족 여부를 기록함. 굴착 단계별 법면 구배 유지(사질토 1:1.0, 암반 1:0.5) 작업을 거쳐 노면 정리 및 안전 조치를 완료함. [주의사항 (하자이력 연계)] 굴착 단면 경사 방치로 우천 시 법면 붕괴 및 주변 통제 펜스 탈락 | H23: □ 도로 정밀 컷팅 라인 일치 및 인접 포장 파손 유무 □ 살수기 가동 및 비산 먼지 제어 상태 □ 굴착면 기울기 및 굴착 깊이 설계값 일치 여부 [집행단계 리스크 체크사항 (LLBS 연계)] □ 가시설 굴착 심도가 지하수위 아래에 위치하는가? □ 토류판 적용 시 차수 그라우팅 비용이 반영되었는가? □ 개착 구조물 기초 바닥에 지하수 배제를 위한 맹암거 및 유공관이 반영되었는가? □ 항타기 등 대형 장비의 진입로 폭과 회전 반경이 현장 여건(농로, 마을길)과 부합하는가? | I23: 토목 | J23: ● [토질기초] 깎기 비탈면 표준 경사: 풍화암 1:1.0~1:1.2, 연암(절리직각) 1:0.5~1:0.7, 경암(절리직각) 1:0.3~1:0.5 ● [토질기초] 깎기 비탈면 기준 안전율: 건기 Fs > 1.5, 우기 Fs > 1.2 (지하수위 1/2 포화 시) ● [토질기초] 가설 흙막이 안전율: 근입깊이 1.2, 보일링 1.5, 히빙 1.5, 앵커 인발(단기) 1.5 이상 | K23: ● 굴착 단면 경사 방치로 우천 시 법면 붕괴 및 주변 통제 펜스 탈락 리스크를 검토하였는가? (교차로 궤도 [10] [12] 연계) ● 지그 고정 불량으로 플랜지웨이 폭이 47mm를 초과해 휠체어·자전거 전도 사고가 발생할 리스크를 검토하였는가? | L23: ● [시공순서] 일반구간 선시공 후 교차로 시공이 시공성 면에서 유리하나, 교차로 선시공 시 차량 통행에 의한 레일 파손 우려 대응 필요 (일반 및 교차로 작업조 통합 운영 권장)
A24: 3000 | B24: 3000-3 | C24: 교차로 토공 굴착 및 가시설 설치 | D24: 3000-3-2 | E24: 교차로 단계별 교통 전환 방호벽 설치 및 노출 지장물 방호 | F24: ● KCS 21 20 05 (가설안전시설물) / KCS 11 10 10 (지장물 이설공사) ● 교통 차단 PE 방호벽 물채움 고정 및 노출 매설관 턴버클 매달기 수직 처짐 통제 | G24: [작업 절차] 1. 사전 준비 단계: - 설계 도서 및 시방 기준을 분석하여 교차로 단계별 교통 전환 방호벽 설치 및 노출 지장물 방호 작업을 위한 현장 실측 및 경계 측량을 수행함. 2. 본 시공 단계: - 교차로 단계별 점용 차선 경계부에 PE 방호벽(물채움 충진 필수) 및 안전 펜스를 정밀 건주할 것 작업을 표준 시공 절차에 준하여 시행하며, 실시간 수평도 및 치수 공차를 관리함. 3. 검사 및 마감 단계: - 야간 시인성 확보를 위해 PE 방호벽 상부 델리네이터 및 경고 발광 다이오드(LED) 조밀 거치 시험 및 품질 검사를 실측하고 기준값 만족 여부를 기록함. 굴착 중 노출된 상수도/한전관 등 연약 매설물 처짐 방지용 H-Beam 지탱 보강 또는 턴버클 매달기 방호 처치 작업을 거쳐 노면 정리 및 안전 조치를 완료함. [주의사항 (하자이력 연계)] 임시 차선 차단 PE 방호벽 전도에 따른 교차로 추돌 사고 발생 및 노출 매설관(가스/상수도) 지탱 부실로 인한 관 처짐 미세 균열 발생 | H24: □ PE 방호벽 물채움 및 연결 핀 결속 상태 □ 야간 경고등 정상 작동 및 시인성 확보 여부 □ 노출 지장물 처짐 방지 지탱대 거치 상태 □ 임시 지철판 단차 미끄럼 방지 고무 패드 설치 여부 [집행단계 리스크 체크사항 (LLBS 연계)] □ 가시설 굴착 심도가 지하수위 아래에 위치하는가? □ 토류판 적용 시 차수 그라우팅 비용이 반영되었는가? □ 개착 구조물 기초 바닥에 지하수 배제를 위한 맹암거 및 유공관이 반영되었는가? □ 항타기 등 대형 장비의 진입로 폭과 회전 반경이 현장 여건(농로, 마을길)과 부합하는가? | I24: 토목 | J24: ● [토질기초] 가시설 흙막이벽 허용 수평변위: 강성 0.002H, 보통 0.0025H, 연성 0.003H (H: 굴착심도) ● [토질기초] 인접 도로 허용 침하량: 25mm 이하 | K24: ● 임시 차선 차단 PE 방호벽 전도에 따른 교차로 추돌 사고 발생 및 노출 매설관(가스/상수도) 지탱 부실로 인한 관 처짐 미세 균열 발생 | L24: ● [교차로PST] 신속한 교통 개방을 위해 프리캐스트(PST) 패널 공법을 적용하되, 아스콘 접속부 처리가 지연되면 개방 효과가 미미하므로 교차로 길이 및 현장 차선 수별 세부 시공계획 필수 ● [박스구간] 개착박스 내 협소 공간 시공 시 별도 특수 장비 없이 일반 장비와 가이드롤러를 조합하여 시공 가능
A25: 3000 | B25: 3000-4 | C25: 교차로 노반·RC-PC 구조물 설치 및 마감 공사 | D25: 3000-4-1 | E25: 기초 지반 정밀 정리 및 지내력 평판재하시험(PBT) | F25: ● KDS 11 50 15 (얕은기초 설계기준) ● 교차로 노반 하부 기초 허용 지내력(최소 200 kN/m²) 도달 시험 | G25: [상세 작업 절차 - 정밀 관리] 1. 시험 위치 선정 및 노면 정지: - 설계도상 노반 기초 평판재하시험(PBT) 위치(정거장 기초, 교량 교대 등 최소 3개소)를 마킹하고, 시험 구역 지반을 흙판 등으로 평탄하게 정리(요철 2mm 이하)함. 2. 시험판 및 재하시설 세팅: - 직경 300mm 원형 강제 재하판을 지반에 수평 안착시키고, 반력 하중용 중장비(20톤 백호우 또는 덤프트럭)의 하중 중심에 잭(Jack)을 배치함. 3. 다이얼 게이지 및 측정 장치 세팅: - 지반 침하량 측정을 위한 마이크로 다이얼 게이지(측정 정밀도 0.01mm) 3개를 재하판 주위에 삼각 형태로 대칭 배치하고 기준 빔에 고정함. 4. 단계별 하중 재하 및 침하량 실측: - 설계 최대 재하 하중(150 kN/m2 확보 목적)을 5~8단계로 나누어 누적 재하함. 각 단계별 하중을 15분 이상 유지하며 지반 변형률 및 침하 속도가 안정될 때까지 다이얼 게이지 값을 실측 기록함. 5. 지내력 평가 및 노반 변형계수(Ev1, Ev2) 도출: - 압력-침하량 곡선을 분석하여 극한 지지력을 도출하고, 변형계수비(Ev2/Ev1)가 시방 기준(2.0 이하)을 충족하는지 검증하여 합격 판정 후 시험 성적서를 작성 및 서명함. [주의사항 (하자이력 연계)] 교차로 노반 하부 지반 지내력 부족으로 트램 시공 후 부등 침하 발생(선형 변형) | H25: □ 바닥면 배수 처리 및 느슨한 흙 제거 상태 □ 평판재하시험(PBT) 성적서 결과 값(200 kN/m2 이상) □ 침하량-하중 곡선 상 항복점 유무 확인 [집행단계 리스크 체크사항 (LLBS 연계)] □ 항타기 등 대형 장비의 진입로 폭과 회전 반경이 현장 여건(농로, 마을길)과 부합하는가? □ 기초 터파기 구간의 지반 조건(연약지반)을 고려할 때 사면 경사를 유지할 부지가 충분한가? □ 배수펌프장 등 필수 운영 시설의 가동 기간이 전체 공사 기간과 연동되어 있는가? □ 도심지 공사 시 교통 처리 계획에 따른 가시설 존치 기간이 적정하게 산정되었는가? | I25: 토목/노반 | J25: ● [토질기초] 직접기초 허용 지내력 연직지지력 저항계수 0.45 (극한한계상태), 1.0 (사용/극단한계상태) ● [토질기초] 지반의 분류: 전단파속도 Vs 기준 S1(암반) ~ S5(깊고 연약한 지반) 구분 적용 | K25: ● 교차로 노반 하부 지반 지내력 부족으로 트램 시공 후 부등 침하 발생(선형 변형) 리스크를 검토하였는가? | L25: ● 협력사 자문 내용 없음 또는 해당사항 없음
A26: 3000 | B26: 3000-4 | C26: 교차로 노반·RC-PC 구조물 설치 및 마감 공사 | D26: 3000-4-2 | E26: 프리캐스트(PC) 노반 구조물 크레인 정밀 거치 | F26: ● KCS 14 20 53 (프리캐스트 콘크리트 공사 표준시방서) ● PC 블록 접합 조인트 채움 무수축 몰탈 규정 강도(최소 30 MPa) 확보 | G26: [상세 작업 절차 - 정밀 관리] 1. 노반 기초면 실측 및 청소: - 프리캐스트(PC) 노반 구조물이 안착될 하부 콘크리트 기초면의 중심선 및 높이를 광파기로 정밀 실측하고, 레이턴스(불순물) 및 먼지를 와이어 브러시로 완전히 청소함. 2. 인양 크레인 세팅 및 줄걸이 점검: - 투입될 이동식 크레인(200톤급 이상)의 아웃트리거 밑판 보강 지반 다짐을 완료하고, 슬링 와이어(4점식 샤클 연결)의 마모 상태를 육안 점검함. 3. PC 블록 인양 및 가거치: - PC 노반 블록(중량 약 15톤)을 서서히 수평 인양하여 안착 위치 상부 30cm 지점까지 하강시킨 후, 정밀 가이드 지그를 사용해 가거치함. 4. 3D 정밀 얼라인먼트 조정: - 광파기 및 정밀 레벨기를 활용하여 PC 블록 간 접합 조인트 단차(허용오차 ±1mm 이내) 및 중심선 틀림을 미세 유압 잭으로 상하좌우 정밀 조정함. 5. 무수축 몰탈 충진 및 습윤 양생: - 접합부에 조인트 폼재를 기밀 가설하고, 고강도 무수축 몰탈(설계 강도 40 MPa 이상)을 공극 없이 가압 충진함. 충진 완료 후 충격 및 진동을 차단하고 최소 3일간 습윤 포를 덮어 양생을 시행함. [주의사항 (하자이력 연계)] PC 노반 블록 간 조인트 단차 및 접합 무수축 몰탈 충진 부족으로 차량 진동 시 블록 이탈 | H26: □ PC 블록 수평 오차(±3mm 이내) 확인 □ 접합 조인트 틈새 테이핑 및 몰탈 누출 유무 □ 몰탈 공시체 강도(최소 30 MPa) 시험 합격 여부 [집행단계 리스크 체크사항 (LLBS 연계)] □ 교량 시공용 대형 크레인(200ton 이상)의 아웃트리거 전개 폭을 고려하여 가교 폭이나 작업대(Staging)가 반영되었는가? □ 항타기 등 대형 장비의 진입로 폭과 회전 반경이 현장 여건(농로, 마을길)과 부합하는가? □ 도심지 공사 시 교통 처리 계획에 따른 가시설 존치 기간이 적정하게 산정되었는가? □ 특수교량(FCM 등)의 주요 구조부 설계 적정성을 착공 전 검증했는가? | I26: 토목/노반 | J26: ● [구조분야] 고정하중: 철근콘크리트 24.5 kN/m3, 아스팔트 포장재 22.6 kN/m3 적용 ● [구조분야] 트램 활하중: 5량 기준 총중량 632 kN (축중 63.2 kN/축) 적용 | K26: ● PC 노반 블록 간 조인트 단차 및 접합 무수축 몰탈 충진 부족으로 차량 진동 시 블록 이탈 리스크를 검토하였는가? | L26: ● 협력사 자문 내용 없음 또는 해당사항 없음
A27: 3000 | B27: 3000-5 | C27: 곡선부 선형설계 및 확폭 공사 | D27: 3000-5-1 | E27: 트램 곡선 구간 확폭 측량 및 캔트/슬랙 계산 | F27: ● 경기도 노면전차 건설 규정 제6조(최소 곡선반경 R25m 이상, 캔트/슬랙 미적용 표준) | G27: [상세 작업 절차 - 정밀 관리] 1. 노선 기하학 데이터 수집: - 트램 궤도 선형 설계 도면에서 곡선 반경(R), 완화곡선 길이(L), 설계 속도(V=30~45km/h) 및 윤배 간격 데이터를 수집함. 2. 캔트(Cant) 설계값 계산: - 공식 [C = 11.8 * V^2 / R]을 바탕으로 균형 캔트값을 계산하고, 승객 승차감 향상과 차륜 이상 마모 방지를 위한 외궤 높임 캔트(설계치 예: 40mm)를 결정함. 3. 슬랙(Slack) 곡선 확폭량 계산: - 고정 축거를 고려하여 곡선 반경에 따른 궤간 확폭량(슬랙량: 0~15mm)을 계산하고, 외측 궤간 레일의 확폭 곡선을 정의함. 4. 현장 3D 토탈스테이션 정밀 측량: - 현장에 3D 토탈스테이션을 설치하여 설계 좌표(X, Y, Z) 기반 곡선 시종점부(BTC, ECC, ETC) 및 주요 10m 격자 포인트를 측량 및 레일 마킹함. 5. 설계 보정 및 차량 주행 간섭 시뮬레이션: - 계산된 캔트/슬랙 값을 토대로 인근 정거장 플랫폼 및 연석 시설물과의 건축한계(Clearance 최소 100mm 확보) 침범 여부를 시뮬레이션하고 설계 최종 승인을 득함. [주의사항 (하자이력 연계)] 캔트 부족으로 주행 트램 원심력 이탈 감지 및 비상 제동 동작(승차감 극도로 저하) | H27: □ 선형 계산서 상 캔트값 설계 일치 여부 □ 곡선부 외측 레일 높이(캔트량) 오차 범위 확인 □ 측량 결과의 설계값 오차(±1mm 이내) 확인 [집행단계 리스크 체크사항 (LLBS 연계)] □ 특수교량(FCM 등)의 주요 구조부 설계 적정성을 착공 전 검증했는가? □ 도로/철도 횡단 구간의 낙하물 방지 시설이 '그물망'이 아닌 '방호 선반(강판/합판)'으로 설계되었는가? □ 하부 도로/구조물이 상부 시공 하중(크레인+거더)을 견딜 수 있는가? □ 벤트 위치가 하부 교통 흐름이나 구조물과 간섭되지 않는가? | I27: 토목 | J27: ● 관련분야 설계기준서 준수 | K27: ● 캔트 부족으로 주행 트램 원심력 이탈 감지 및 비상 제동 동작(승차감 극도로 저하) 리스크를 검토하였는가? | L27: ● 협력사 자문 내용 없음 또는 해당사항 없음
A28: 3000 | B28: 3000-5 | C28: 곡선부 선형설계 및 확폭 공사 | D28: 3000-5-2 | E28: 확폭 구간 도로 굴착 및 지반 안정 시공 | F28: ● KCS 11 20 20 (도로 노상 및 노반 다짐) ● 확폭 경계 지반 시멘트 안정처리(CBR 10% 이상, 다짐도 98% 확보) | G28: [작업 절차] 1. 사전 준비 단계: - 설계 도서 및 시방 기준을 분석하여 확폭 구간 도로 굴착 및 지반 안정 시공 작업을 위한 현장 실측 및 경계 측량을 수행함. 2. 본 시공 단계: - 기존 차로 경계면 벤치컷팅(계단식 깎기) 실시 작업을 표준 시공 절차에 준하여 시행하며, 실시간 수평도 및 치수 공차를 관리함. 3. 검사 및 마감 단계: - 시멘트 안정 처리 공법을 통한 노상 강도(CBR 10% 이상) 보강 시험 및 품질 검사를 실측하고 기준값 만족 여부를 기록함. 콤팩터를 이용한 경계 모서리 정밀 다짐 작업을 거쳐 노면 정리 및 안전 조치를 완료함. [주의사항 (하자이력 연계)] 확폭 접합부 다짐 불량으로 트램 탈선방지 가드레일 설치 구간 지반 균열 발생 | H28: □ 계단식 깎기 적용으로 신구 접합부 일체화 여부 □ 시멘트 혼합 균일도 및 다짐도 검측(98% 이상) □ 지하 배수 유도용 맹암거 설치 상태 [집행단계 리스크 체크사항 (LLBS 연계)] □ 자재 발주 전 도면상 명기된 배수 관련 부속 자재가 내역에 있는지 전수 조사했는가? □ 접속부 시공 전 배수판/동판 설치 상세를 작업자에게 교육했는가? □ 가설 구조물 철거 시 발생할 폐기물 물량을 예측하여 예산에 반영했는가? □ 준공 정산 시 누락되기 쉬운 철거 비용을 미리 확보했는가? | I28: 토목 | J28: ● 관련분야 설계기준서 준수 | K28: ● 확폭 접합부 다짐 불량으로 트램 탈선방지 가드레일 설치 구간 지반 균열 발생 리스크를 검토하였는가? | L28: ● 협력사 자문 내용 없음 또는 해당사항 없음
A29: 3000 | B29: 3000-6 | C29: 교차로 신호·표지판 설치 및 도로 마감 공사 | D29: 3000-6-1 | E29: 교통신호기 지주 건주 및 제어반 결선 | F29: ● 경찰청 표준규격 교통신호제어기 규정 준수(LSU, Flash-EXT, PPC 등) | G29: [작업 절차] 1. 사전 준비 단계: - 설계 도서 및 시방 기준을 분석하여 교통신호기 지주 건주 및 제어반 결선 작업을 위한 현장 실측 및 경계 측량을 수행함. 2. 본 시공 단계: - 신호 지주 기초 앵커 매립 및 콘크리트 강도 확인 작업을 표준 시공 절차에 준하여 시행하며, 실시간 수평도 및 치수 공차를 관리함. 3. 검사 및 마감 단계: - 통신·전원 케이블 입선 및 단자대 압착 터미널 시공 시험 및 품질 검사를 실측하고 기준값 만족 여부를 기록함. 트램 제어 인터페이스 카드 제어기 내 장착 작업을 거쳐 노면 정리 및 안전 조치를 완료함. [주의사항 (하자이력 연계)] 수동 결선 오류로 트램 접근 시 교차로 신호 황색 등화 미표시, 일반차량 충돌 | H29: □ 지주 수직도 및 기초 콘크리트 지내력 확인 □ 케이블 단자 압착 불량 및 절연 피복 손상 유무 □ 경찰서 교통신호 통제기 프로토콜 연동 통신 확인 [집행단계 리스크 체크사항 (LLBS 연계)] □ 도로/철도 횡단 구간의 낙하물 방지 시설이 '그물망'이 아닌 '방호 선반(강판/합판)'으로 설계되었는가? □ 하부 도로/구조물이 상부 시공 하중(크레인+거더)을 견딜 수 있는가? □ 벤트 위치가 하부 교통 흐름이나 구조물과 간섭되지 않는가? □ 기존 차선 수 유지가 가능한 단계별 가시설(Staging) 계획인가? | I29: 토목/노반 | J29: ● 관련분야 설계기준서 준수 | K29: ● 수동 결선 오류로 트램 접근 시 교차로 신호 황색 등화 미표시, 일반차량 충돌 리스크를 검토하였는가? | L29: ● 협력사 자문 내용 없음 또는 해당사항 없음
... A31: 3000 | B31: 3000-6 | C31: 교차로 신호·표지판 설치 및 도로 마감 공사 | D31: 3000-6-3 | E31: 트램 우선신호 검지기(Loop Coil 등) 매설 시험 | F31: ● ITS 사업 시방서(루프검지기 부설공) ● 코일 매설 슬롯 컷팅(폭 10mm, 깊이 50mm), 루프선 절연저항 10MΩ 이상 | G31: [작업 절차] 1. 사전 준비 단계: - 설계 도서 및 시방 기준을 분석하여 트램 우선신호 검지기(Loop Coil 등) 매설 시험 작업을 위한 현장 실측 및 경계 측량을 수행함. 2. 본 시공 단계: - 아스팔트 포장면 정밀 슬롯 컷팅(폭 10mm, 깊이 50mm) 작업을 표준 시공 절차에 준하여 시행하며, 실시간 수평도 및 치수 공차를 관리함. 3. 검사 및 마감 단계: - 루프선(4회 이상 권선) 삽입 후 절연저항(10MΩ 이상) 측정 시험 및 품질 검사를 실측하고 기준값 만족 여부를 기록함. 에폭시 코킹재 주입 마감 및 트램 차량 통과 실시간 검지 테스트 작업을 거쳐 노면 정리 및 안전 조치를 완료함. [주의사항 (하자이력 연계)] 루프 코일 몰탈 충진부 박리로 아스팔트 균열 및 단선 발생, 트램 감지 불능 | H31: □ 코일 슬롯 컷팅 깊이 및 모서리 모따기 처리 여부 □ 코킹재 충진 상태 및 포장 노면과의 단차 유무 □ 통과 차량 감지 신호 검지기반 수신 확인 [집행단계 리스크 체크사항 (LLBS 연계)] □ 특수교량(FCM 등)의 주요 구조부 설계 적정성을 착공 전 검증했는가? □ 도로/철도 횡단 구간의 낙하물 방지 시설이 '그물망'이 아닌 '방호 선반(강판/합판)'으로 설계되었는가? □ 하부 도로/구조물이 상부 시공 하중(크레인+거더)을 견딜 수 있는가? □ 벤트 위치가 하부 교통 흐름이나 구조물과 간섭되지 않는가? | I31: 토목/노반 | J31: ● 관련분야 설계기준서 준수 | K31: ● 에폭시 충진재 내부 공극 발생으로 노면수 침투, 동절기 동결 팽창으로 루프 검지선 단선 리스크를 검토하였는가? | L31: ● 협력사 자문 내용 없음 또는 해당사항 없음
A32: 5000 본선 궤도공사 (Mainline Trackworks)
A33: 5000 | B33: 5000-1 | C33: 궤도 구간 지장물 조사 및 인허가 협의 | D33: 5000-1-1 | E33: 궤도 선형 하부 지하 지장물 GPR 정밀 탐지 | F33: ● 지하안전관리에 관한 특별법(지하매설물 정밀 안전성 평가 지침) | G33: [작업 절차] 1. 사전 준비 단계: - 설계 도서 및 시방 기준을 분석하여 궤도 선형 하부 지하 지장물 GPR 정밀 탐지 작업을 위한 현장 실측 및 경계 측량을 수행함. 2. 본 시공 단계: - 궤도 중심선 좌우 2.5m 폭 범위 GPR 스캔 주행 작업을 표준 시공 절차에 준하여 시행하며, 실시간 수평도 및 치수 공차를 관리함. 3. 검사 및 마감 단계: - 지하 레이더 이미지상 이상 반사체 깊이 측정 시험 및 품질 검사를 실측하고 기준값 만족 여부를 기록함. 1m 간격 격자망 기반 매설물 탐지 맵 도면화 작업을 거쳐 노면 정리 및 안전 조치를 완료함. [주의사항 (하자이력 연계)] 본선 궤도 굴착 중 폐쇄된 것으로 오인한 구 상선 전력관 접촉 사고 | H33: □ GPR 탐사 주행 속도 규정(5km/h 이하) 준수 여부 □ 매설물 위치 표시 스프레이 마킹 상태 □ 맨홀 내부 실사 및 관리대장 상의 이격 거리 검증 [집행단계 리스크 체크사항 (LLBS 연계)] □ 기초 터파기 구간의 지반 조건(연약지반)을 고려할 때 사면 경사를 유지할 부지가 충분한가? □ 도심지 협소 구간 작업 시 대형 장비 진입 불가에 따른 소형 장비 할증이 반영되었는가? □ 자재 발주 전 도면상 명기된 배수 관련 부속 자재가 내역에 있는지 전수 조사했는가? □ 접속부 시공 전 배수판/동판 설치 상세를 작업자에게 교육했는가? | I33: 토목/행정 | J33: ● 관련분야 설계기준서 준수 | K33: ● 지중 레이더(GPR) 탐사 생략으로 도로 하부 동공 미발견, 굴착 중 도로 함몰 사고 리스크를 검토하였는가? | L33: ● 협력사 자문 내용 없음 또는 해당사항 없음
A34: 5000 | B34: 5000-2 | C34: 궤도 구간 지장물 이설 공사 | D34: 5000-2-1 | E34: 궤도 선형 간섭 상수도/전력관 우회 이설 | F34: ● KCS 11 10 10 (지장물 이설공사 일반기준) ● 되메우기 재료 층별 포설 및 다짐도 95% 이상 검측 | G34: [작업 절차] 1. 사전 준비 단계: - 설계 도서 및 시방 기준을 분석하여 궤도 선형 간섭 상수도/전력관 우회 이설 작업을 위한 현장 실측 및 경계 측량을 수행함. 2. 본 시공 단계: - 이설 신설 관로 터파기 및 경사도 레벨 측정 작업을 표준 시공 절차에 준하여 시행하며, 실시간 수평도 및 치수 공차를 관리함. 3. 검사 및 마감 단계: - 기계식 접합부 토크 체결 및 용접부 비파괴 검사(RT/UT) 시험 및 품질 검사를 실측하고 기준값 만족 여부를 기록함. 관로 보호용 경고 테이프 매설(관 상부 30cm 지점) 작업을 거쳐 노면 정리 및 안전 조치를 완료함. [주의사항 (하자이력 연계)] 이설 배수관 접합부 플랜지 볼트 조임 부족으로 매설 후 미세 누수 지반 완화 | H34: □ 관로 경사도(배수 자연유하 구배) 설계 만족 여부 □ 기밀시험 또는 누수시험 보고서 승인 여부 □ 이설 관로 되메우기 다짐도(95% 이상) 검측 [집행단계 리스크 체크사항 (LLBS 연계)] □ 도심지 협소 구간 작업 시 대형 장비 진입 불가에 따른 소형 장비 할증이 반영되었는가? □ 교량 시공용 대형 크레인(200ton 이상)의 아웃트리거 전개 폭을 고려하여 가교 폭이나 작업대(Staging)가 반영되었는가? □ 하부 도로/구조물이 상부 시공 하중(크레인+거더)을 견딜 수 있는가? □ 벤트 위치가 하부 교통 흐름이나 구조물과 간섭되지 않는가? | I34: 토목/기계 | J34: ● 관련분야 설계기준서 준수 | K34: ● 지장물 우회 이설 후 되메우기 다짐 부족으로 준공 후 도로 침하 및 크랙 발생 리스크를 검토하였는가? | L34: ● 협력사 자문 내용 없음 또는 해당사항 없음
A35: 5000 | B35: 5000-3 | C35: 궤도 구간 이설 불가 지장물 방호·보강 공사 | D35: 5000-3-1 | E35: 이설 불가 지장물용 철근콘크리트 보호 슬래브 시공 | F35: ● KCS 14 20 10 (콘크리트 일반시방서) ● 보호용 철근 콘크리트 슬래브 설계 강도(24 MPa 이상) 확보 | G35: [작업 절차] 1. 사전 준비 단계: - 설계 도서 및 시방 기준을 분석하여 이설 불가 지장물용 철근콘크리트 보호 슬래브 시공 작업을 위한 현장 실측 및 경계 측량을 수행함. 2. 본 시공 단계: - 지장물 직상부 완충재(스티로폼 100mm) 포설 작업을 표준 시공 절차에 준하여 시행하며, 실시간 수평도 및 치수 공차를 관리함. 3. 검사 및 마감 단계: - 이중 철근 배근(D16@150) 및 피복 두께(80mm) 스페이서 거치 시험 및 품질 검사를 실측하고 기준값 만족 여부를 기록함. 고강도 콘크리트(24MPa 이상) 타설 및 습윤 양생 작업을 거쳐 노면 정리 및 안전 조치를 완료함. [주의사항 (하자이력 연계)] 보호 슬래브 기초 지지력 부족으로 하중 집중 시 가스관에 하중 전가되어 밸브 파손 | H35: □ 완충재 밀착 상태 및 철근 배근 간격 일치 여부 □ 콘크리트 피복 두께 및 거푸집 견고성 확인 □ 콘크리트 타설 시 진동 다짐(바이브레이터) 밀도 [집행단계 리스크 체크사항 (LLBS 연계)] □ 기초 터파기 구간의 지반 조건(연약지반)을 고려할 때 사면 경사를 유지할 부지가 충분한가? □ 도심지 협소 구간 작업 시 대형 장비 진입 불가에 따른 소형 장비 할증이 반영되었는가? □ 흙막이 앵커가 인접 사유지를 침범하는지 지적도와 대조하고, 침범 시 보상비 또는 제거식 앵커 비용을 반영했는가? □ 시종점 및 작업구 위치 하부의 지장물(송전선, 가스관) 매설 현황을 지장물도와 대조했는가? | I35: 토목 | J35: ● 관련분야 설계기준서 준수 | K35: ● 보호 콘크리트 슬래브 두께 미달 및 철근 배근 불량으로 트램 상부 통과 하중 작용 시 파손 리스크를 검토하였는가? | L35: ● 협력사 자문 내용 없음 또는 해당사항 없음
A36: 5000 | B36: 5000-4 | C36: 본선 궤도 구간 토공 굴착 및 노상 정리 | D36: 5000-4-1 | E36: 궤도 하부 구조물 정밀 굴착 및 레벨 고르기 | F36: ● KCS 11 20 15 (토공사 굴착 표준시방서) ● 백호우 정밀 굴착 높이 설계 계획고 오차 ±10mm 이내 관리 | G36: [작업 절차] 1. 사전 준비 단계: - 설계 도서 및 시방 기준을 분석하여 궤도 하부 구조물 정밀 굴착 및 레벨 고르기 작업을 위한 현장 실측 및 경계 측량을 수행함. 2. 본 시공 단계: - GPS 장착 백호우 레벨 유도 굴착 작업을 표준 시공 절차에 준하여 시행하며, 실시간 수평도 및 치수 공차를 관리함. 3. 검사 및 마감 단계: - 과굴착부 무수축 콘크리트(또는 소일시멘트) 보정 시험 및 품질 검사를 실측하고 기준값 만족 여부를 기록함. 인력 요철 다듬기 및 콤팩터 노면 다짐 작업을 거쳐 노면 정리 및 안전 조치를 완료함. [주의사항 (하자이력 연계)] 과굴착 구간 양질의 토사 되메우기 생략으로 하중 작용 시 불균일 침하 | H36: □ 설계 계획고 대비 굴착 심도 오차(±10mm 이내) □ 과굴착부 양질의 토사 또는 콘크리트 채움 여부 □ 바닥 평탄도 및 배수 유도 종단 경사 확인 [집행단계 리스크 체크사항 (LLBS 연계)] □ 자재 발주 전 도면상 명기된 배수 관련 부속 자재가 내역에 있는지 전수 조사했는가? □ 접속부 시공 전 배수판/동판 설치 상세를 작업자에게 교육했는가? □ 가설 구조물 철거 시 발생할 폐기물 물량을 예측하여 예산에 반영했는가? □ 준공 정산 시 누락되기 쉬운 철거 비용을 미리 확보했는가? | I36: 토목 | J36: ● 관련분야 설계기준서 준수 | K36: ● 종단 경사 오차로 계획고보다 낮게 굴착하여 궤도 기초 콘크리트 물량 과다 유입 및 단차 리스크를 검토하였는가? | L36: ● 협력사 자문 내용 없음 또는 해당사항 없음
A37: 5000 | B37: 5000-5 | C37: 본선 노반(H=200mm) 다짐 | D37: 5000-5-1 | E37: 노반 층다짐 및 진동 롤러 전압 시공 | F37: ● KCS 11 20 20 (도로 다짐 및 다짐도 검사) ● 10톤 진동 롤러 층다짐 두께 200mm 단위 포설 및 다짐도 98% 이상 확보 | G37: [상세 작업 절차 - 정밀 관리] 1. 노상 기초 지반 검사 및 청소: - 노반 다짐 대상지의 잡석 및 유기물을 제거하고, 지반 침하 우려가 있는 연약 지반 구간은 모래 치환 또는 석회 혼합 공법을 선행하여 정리함. 2. 다짐 토사 포설 및 함수비 조절: - 양질의 토사를 모터 그레이더를 사용하여 포설하되, 1회 다짐 후 두께가 200mm 이내(포설 두께 약 250mm)가 되도록 두께 게이지로 관리함. 현장 함수비 측정을 통해 최적 함수비(OMC ±2% 범위)를 유지하기 위해 살수 또는 건조 작업을 시행함. 3. 10톤 진동 롤러 중첩 다짐: - 10톤 이상급 탠덤 진동 롤러를 투입하여 중심선에서 외곽 방향으로 전압함. 롤러 주행 속도를 3~4 km/h로 제한하고, 차륜 중첩 폭(최소 50cm 이상)을 유지하며 왕복 6회 이상 전압을 실시함. 4. 현장 들밀도 및 다짐도 실측: - 다짐 완료 노면에서 모래치환법(KS F 2311) 들밀도 시험을 실시하여 현장 건조밀도를 측정하고, 다짐도 기준치(98% 이상) 만족 여부를 판별함. 5. 횡단 구배(2%) 정리 및 우수 유입 방지: - 노반 횡단 구배(2%)를 확보하여 표면 배수를 유도하고, 다짐면 상부에 가설 비닐시트를 포설하여 우천 시 다짐층 연화 및 유실을 헷지함. [주의사항 (하자이력 연계)] 함수비 조절 실패로 진동 다짐 시 스펀징(지반 꿀렁임) 현상 방치, 지내력 저하 | H37: □ 층다짐 두께(200mm) 준수 및 최적함수비 유지 상태 □ 진동 롤러 왕복 횟수 및 겹침 폭(50cm 이상) 준수 □ 들밀도시험 성적서 상 다짐도(98% 이상) 만족 [집행단계 리스크 체크사항 (LLBS 연계)] □ 특수교량(FCM 등)의 주요 구조부 설계 적정성을 착공 전 검증했는가? □ 관급자재 수급 불안정 시 사급 전환 가능성 및 비용 차이를 검토했는가? □ 케이블/행어 로프의 와류진동(Vortex Shedding) 검토가 수행되었는가? □ 제진 장치(Damper) 설치가 내역에 포함되거나 유보금으로 잡혀있는가? | I37: 토목/노반 | J37: ● 관련분야 설계기준서 준수 | K37: ● 다짐 장비 운용 횟수 부족으로 지반 변형률 기준 미달, 주행 시 선로 침하 리스크를 검토하였는가? | L37: ● 협력사 자문 내용 없음 또는 해당사항 없음
A38: 5000 | B38: 5000-5 | C38: 본선 노반(H=200mm) 다짐 | D38: 5000-5-2 | E38: 토공 노반 품질 검증 및 인수 (토목➔궤도 인계) | F38: ● KDS 11 50 15 (얕은기초 설계기준) ● Ev2 ≥ 80 MPa, Ev2/Ev1 비율 2.3 이하 만족 | G38: [작업 절차] 1. 사전 준비 단계: - 설계 도서 및 시방 기준을 분석하여 토공 노반 품질 검증 및 인수 (토목➔궤도 인계) 작업을 위한 현장 실측 및 경계 측량을 수행함. 2. 본 시공 단계: - 강화노반(쇄석 200mm) 다짐 상태에서 평판재하시험(PBT)을 수행하여 지지력 및 노반변형계수(Ev2) 적합성 검증 작업을 표준 시공 절차에 준하여 시행하며, 실시간 수평도 및 치수 공차를 관리함. 3. 검사 및 마감 단계: - 노반면 하부 횡단배수로 동결심도 이하 매설 확인 및 상면 돌출 수직 배수관 높이 사전 마킹 시험 및 품질 검사를 실측하고 기준값 만족 여부를 기록함. 토목 측으로부터 노반 인수 전 3D 토탈스테이션 정밀 측량을 통한 종횡단 기울기 및 중심선형 확인 (전시/후시각 00°-00'-08" 이내) 작업을 거쳐 노면 정리 및 안전 조치를 완료함. [주의사항 (하자이력 연계)] 종평면 종단 구배 한계값 미충족 도면을 거르지 못하여 궤도 재설계 발생 | H38: □ 평판재하시험 Ev2 계수 및 Ev2/Ev1 비 설계값 만족 여부 □ 수직 배수 파이프 상면 돌출 높이 및 마킹 일치 상태 □ 종횡단 구배 및 중심선형 오차 허용 범위 이내 도달 여부 [집행단계 리스크 체크사항 (LLBS 연계)] □ 절토 구간의 암반 등급(토사/리핑/발파) 분류 기준이 지반 조사 데이터에 근거했는가? □ 산악지/계곡부의 경우 전석(Boulder)층 출현 가능성을 고려하여 할증을 반영했는가? □ 철도보호지구 등 특수 구간 공사 시 유관기관이 요구하는 안전점검 비용이 별도로 계상되었는가? | I38: 토목/노반 | J38: ● [토질기초] 콘크리트 궤도 하부 허용 잔류침하량: 30.0mm 이하 (성토체 및 궤도구조 25mm, 열차하중 침하 5mm 합산) ● [토질기초] 흙쌓기 속도 기준: 점토층 두터운 이탄질 3.0cm/day, 보통 점토질 5.0cm/day, 얇은 점토층 10.0cm/day 이하 | K38: ● 함수비 조율 실패로 강화 노반 다짐도 불량, 궤도 콘크리트 슬래브 균열 전이 리스크를 검토하였는가? | L38: ● 협력사 자문 내용 없음 또는 해당사항 없음
A39: 5000 | B39: 5000-6 | C39: 본선 궤도/노반 매설물 및 기초층 설치 | D39: 5000-6-1 | E39: 도상안정층(HSB) 시공 및 유도줄눈 설치 | F39: ● KCS 14 20 10 (콘크리트 일반시방서) ● fck=18MPa HSB 콘크리트 두께 100mm 확보, 유도줄눈 매 5m 간격 설치 | G39: [작업 절차] 1. 사전 준비 단계: - 설계 도서 및 시방 기준을 분석하여 도상안정층(HSB) 시공 및 유도줄눈 설치 작업을 위한 현장 실측 및 경계 측량을 수행함. 2. 본 시공 단계: - 강화노반 청소 후 버림 콘크리트를 타설하며, 상부 도상 콘크리트 접합력 증대를 위해 기계식 솔 또는 레이크를 통한 거칠기 시공(Roughness) 실시 작업을 표준 시공 절차에 준하여 시행하며, 실시간 수평도 및 치수 공차를 관리함. 3. 검사 및 마감 단계: - 두께 100mm 내외의 도상안정층(HSB) 콘크리트 타설 및 균일 수평 마감 시험 및 품질 검사를 실측하고 기준값 만족 여부를 기록함. 건조수축 균열 방지를 위해 타설 완료 후 매 5m 간격으로 깊이 30mm 이상의 균열유도줄눈을 컷팅 설치 작업을 거쳐 노면 정리 및 안전 조치를 완료함. [주의사항 (하자이력 연계)] 무근 HSB 층에 균열 유도줄눈 설치 누락 시 불규칙 수축 균열이 상부 TCL층으로 전이 발생 | H39: □ 버림 콘크리트 상면 표면 거칠기 가공 상태 □ HSB 두께(100mm) 및 콘크리트 설계 강도 만족 여부 □ 균열유도줄눈 간격(5m) 및 컷팅 깊이 적정 여부 [집행단계 리스크 체크사항 (LLBS 연계)] □ 교량 시공용 대형 크레인(200ton 이상)의 아웃트리거 전개 폭을 고려하여 가교 폭이나 작업대(Staging)가 반영되었는가? □ 흙막이 가시설과 본 구조물 사이에 거푸집 설치 및 작업자 이동 공간(최소 1m 이상)이 확보되었는가? □ 특수 교각(Y형, V형) 시공 시 상부 하중을 지지할 가설 벤트가 내역에 있는가? □ 벤트 기초의 지지력 검토가 수행되었는가? | I39: 토목 | J39: ● 관련분야 설계기준서 준수 | K39: ● 무근 콘크리트 타설 시 수평도 오차로 궤도 블록 거치 시 하부 충전재 두께 불균일 리스크를 검토하였는가? | L39: ● [HSB유도줄눈] 보조도상 콘크리트(HSB) 층 매립 시 건조 수축 균열이 상부 도상 콘크리트로 전이되는 것을 막기 위해 매 5m 간격 균열유도줄눈을 반드시 반영할 것
A40: 5000 | B40: 5000-7 | C40: 홈레일(Grooved Rail) 부설 및 검수 | D40: 5000-7-1 | E40: 반-PC 슬래브 배열 설치 및 스핀들 1차 정렬 | F40: ● KCS 14 20 53 (프리캐스트 콘크리트) ● 반-PC 슬래브 판넬 규격 오차 관리 및 거치 레벨 ±5mm 이내 | G40: [상세 작업 절차 - 정밀 관리] 1. HSB 기초 콘크리트면 정밀 측량: - 하부 도상 안정층(HSB) 콘크리트면의 중심선 및 높이를 광파기로 측정하여 궤도 중심선 가이드 라인을 노면에 스프레이 마킹함. 2. 반-PC 슬래브 크레인 배열 안착: - 공장에서 사전 제작된 반-PC 슬래브 블록(중량 약 5톤)을 현장으로 반입하여 검수하고, 25톤 크레인을 사용하여 마킹된 중심선 가이드를 따라 10mm 오차 이내로 순차 배열 안착시킴. 3. 조인트 고무 댐퍼 및 연결재 삽입: - PC 슬래브 블록 간 접합 조인트에 신축 거동 흡수용 탄성 고무 댐퍼를 삽입하고, 강결용 철근 다웰바를 슬래브 홀에 밀입함. 4. 레일 거치 및 스핀들 장치 세팅: - 배열된 슬래브 상부 요철부에 그루브 레일을 거치하고, 정밀 조정용 스핀들(Spindle) 지그 장치를 레일 양측 및 하부에 체결함. 5. 수평 및 궤간 1차 러프 정렬: - 스핀들 볼트를 조정하여 레일의 높이를 대략적으로 맞추고, 궤간 측정 게이지(Gauge)를 활용하여 궤간 오차를 ±5mm 이내로 1차 정렬하여 임시 고정함. [주의사항 (하자이력 연계)] 슬래브 인양 시 와이어 각도 불량으로 모서리 파손 및 야적 시 수평 지반 관리 부실로 인한 판넬 뒤틀림 변형 발생 | H40: □ 반-PC 슬래브 거치 중심선 및 종단 레벨 오차 범위 확인 □ 스핀들 조정 장치 나사산 손상 유무 및 작동 상태 □ 슬래브 조인트부 틈새 규격 및 배열 수평도 상태 [집행단계 리스크 체크사항 (LLBS 연계)] □ 교량 시공용 대형 크레인(200ton 이상)의 아웃트리거 전개 폭을 고려하여 가교 폭이나 작업대(Staging)가 반영되었는가? □ 항타기 등 대형 장비의 진입로 폭과 회전 반경이 현장 여건(농로, 마을길)과 부합하는가? □ Steel Box 내부 제습 설비 가동 전 부식 방지를 위한 임시 도장(Shop Primer)이 반영되었는가? □ 강교 인양용 러그(Lug) 상세가 실제 투입될 크레인 및 와이어 각도와 호환되는가? | I40: 토목 | J40: ● 관련분야 설계기준서 준수 | K40: ● 그루브레일 밴딩 곡률 반경 오차로 현장 조립 시 선형 뒤틀림 및 궤간 확장 불가 리스크를 검토하였는가? (궤도 곡선 밴딩 [4] 연계) | L40: ● [슬래브적치] 프리캐스트 반-PC 슬래브의 현장 반입 및 적치 시 균일한 수평 지지대를 배치하여 슬래브 자체의 비틀림 변형 및 모서리 깨짐을 사전 방지할 것
A41: 5000 | B41: 5000-7 | C41: 홈레일(Grooved Rail) 부설 및 검수 | D41: 5000-7-2 | E41: TCL 거푸집 가설 및 슬래브 정밀 선형 조정 | F41: ● KCS 21 10 00 (거푸집공사 표준시방서) ● 슬래브 수평/고저 및 중심선형 정밀 오차 ±2mm 이내 | G41: [상세 작업 절차 - 정밀 관리] 1. 거푸집 강제 패널 설치 및 고정: - 도상 콘크리트(TCL) 타설을 위한 양측 강제 거푸집 패널을 가설하되, 콘크리트 타설 시 측압에 견디도록 지지대(Stay) 및 앵커 핀을 0.5m 간격으로 견고히 바닥 HSB에 앵커 고정함. 2. 정밀 측량 타겟(Prism) 세팅: - 레일 상면에 전용 미니 프리즘 타겟을 부착하고, 0.5mm 정밀도를 가진 자동 추적 3D 토탈스테이션(GEDO 시스템 등)을 기지점 배후 측량으로 세팅함. 3. 3D 정밀 얼라인먼트 조정: - 실시간 토탈스테이션 계측 데이터와 철도 선형 모델 데이터를 비교하며 스핀들 조정 볼트 및 유압 정밀 자키를 미세 조작함. 4. 허용오차 정밀 검증: - 궤간(±1.5mm 이내), 수평(±1.5mm 이내), 줄틀림 및 면틀림 오차가 허용 한계값 내에 도달할 때까지 조정 작업을 반복 시행하고 락너트로 완전 고정함. 5. 변형 방지 지그(Tie-Bar) 체결: - 콘크리트 타설 중 레일이 측압에 의해 밀리는 현상을 방지하기 위해 궤간 유지용 가설 타이바(Tie-Bar) 지그를 1.0m 간격으로 추가 조임 체결하고 거푸집 틈새 실링 작업을 시행함. [주의사항 (하자이력 연계)] 정밀 측량 오차 누적으로 곡선 반경 미세 뒤틀림이 발생하여 차량 안착 시 단차 오차(±3mm 초과) 재시공 발생 | H41: □ 측면 거푸집 수직도 및 타설 측압 대비 수평 버팀목 보강 상태 □ 정밀 측량 결과 궤도 수평/고저 및 중심선형 오차 허용값 충족 여부 □ 스핀들 락너트 체결 및 고정 상태 [집행단계 리스크 체크사항 (LLBS 연계)] □ 가시설 굴착 심도가 지하수위 아래에 위치하는가? □ 토류판 적용 시 차수 그라우팅 비용이 반영되었는가? □ 특수 교각(Y형, 아치형) 시공 시 작업자 발판 및 거푸집 지지를 위한 가설 벤트가 반영되었는가? □ 흙막이 가시설과 본 구조물 사이에 거푸집 설치 및 작업자 이동 공간(최소 1m 이상)이 확보되었는가? | I41: 토목 | J41: ● [선로설계] 궤간 및 캔트: 표준 궤간 1,435mm 확보, 캔트는 적용 안함(무캔트 표준 적용) ● [구조분야] 차량횡하중: 축중의 20%를 레일면 높이에서 교축 직각 방향으로 고려 ● [구조분야] 원심하중: 레일상면 1.5m 높이에 곡선 바깥쪽 수평 작용 (충격계수 미고려) ● [구조분야] 시동/제동하중: 레일 윗면에 레일방향(교축방향) 수평 작용 (높이 1.5m, 시동 0.27+0.95xL/Lv x T, 제동 0.27+1.00xL/Lv x T) | K41: ● 정밀 측량 생략 및 지지 불량으로 궤간·수평·줄틀림 오차가 허용치(±3mm)를 초과해, 콘크리트 경화 후 도상을 전면 재시공할 리스크를 검토하였는가? (궤도 단면계획 [49]) | L41: ● [레일밴딩] 현장 야적장에서 직접 밴딩 시 그루브레일 복부 가압 과정의 비틀림 제어 숙련도 확보가 핵심이며, 밴딩 끝단 로스(약 700mm)에 대비한 3~5% 할증 설계 검토 ● [선형조정] 슬래브 내장 스핀들 조정 시 3D 측량 정밀도 확보를 위해 주간 온도 변화에 따른 팽창 수축 보정치를 감안하여 조정할 것
A42: 5000 | B42: 5000-7 | C42: 홈레일(Grooved Rail) 부설 및 검수 | D42: 5000-7-3 | E42: 도상 콘크리트(TCL)층 정밀 타설 및 습윤 양생 | F42: ● KCS 14 20 10 (콘크리트 일반시방서) ● fck=30MPa 강도 궤도도상용 콘크리트, 타설 후 최소 7일간 습윤 양생 | G42: [상세 작업 절차 - 정밀 관리] 1. 콘크리트 배합 설계 검수 및 슬럼프 측정: - 현장 반입 레미콘 배합 스펙(설계 강도 30 MPa 이상, 슬럼프 120±20mm, 공기량 4.5±1.5%)을 출하 전표로 검수하고, 레미콘 트럭별로 현장 슬럼프 및 공기량 시험을 실시하여 기록함. 2. 슈트 타설 및 바이브레이터 다짐: - 레일을 고정한 스핀들 지그 장치가 흔들리지 않도록 콘크리트를 양측에서 대칭으로 서서히 주입함. 고주파 봉상 진동기(바이브레이터)를 삽입하되, 철근 및 레일 고정 볼트에 직접 접촉하지 않도록 30cm 간격으로 수직 삽입 다짐(수포 제거)함. 3. 표면 마감 및 배수 횡단경사 형성: - 콘크리트 표면을 밀밀하게 그레이팅 흙손으로 마감하고, 노면수 고임 방지를 위한 외측 방향의 횡단 배수 경사(2%)를 정밀 형성함. 4. 균열 제어 수축 줄눈(Control Joint) 커팅: - 콘크리트 타설 후 초기 경화 시점(타설 완료 후 12~24시간 이내)에 설계된 5.0m 간격으로 커팅기로 균열 유도 줄눈(폭 5mm, 깊이 50mm)을 정밀 커팅함. 5. 습윤 양생포 가설 및 살수 관리: - 콘크리트 응결 완료 즉시 표면에 양생 시트(부직포)를 밀착 포설하고, 양생 온도를 15~25도로 유지하며 최소 7일간 살수하여 습윤 양생(건조 수축 균열 방지) 상태를 유지함. [주의사항 (하자이력 연계)] 고습도/저온 시 수밀성 파손 및 타설 초기 보양막 훼손 시 급격한 건조수축 균열(10개소 이상 미세 균열) 하자 발생 | H42: □ 타설 전 바닥면 이물질 청소 상태 및 습윤 상태 확인 □ TCL 콘크리트 슬럼프 및 설계 강도(30MPa) 공시체 시험 결과 □ 살수 장치 가동 상태 및 표면 습윤 양생막 유지 상태 | I42: 토목 | J42: ● 관련분야 설계기준서 준수 | K42: ● 현장 용접 온도 관리 및 연마 불량으로 열처리레일 경도 저하 및 미세 균열이 남아 레일 절손(파단) 사고가 발생할 리스크를 검토하였는가? (급곡선부 마감관리 [56]) | L42: ● [수축균열] 궤도 콘크리트(TCL) 타설 시 건조수축 균열 예방 대책을 수립할 것 (위례 현장 fck=30MPa 적용 시 10개소 이상 미세 균열 하자 조치 사례 참고)
A43: 5000 | B43: 5000-7 | C43: 홈레일(Grooved Rail) 부설 및 검수 | D43: 5000-7-4 | E43: 레일 용접부 그라인딩 및 초음파 비파괴검사(UT) | F43: ● KS B 0817 (초음파 탐상 시험법) 및 레일 용접부 비파괴 검사 규정 | G43: [상세 작업 절차 - 정밀 관리] 1. 용접 완료부 냉각 및 1차 정밀 그라인딩: - 테르밋 또는 가스압접 용접이 완료된 레일 이음매의 온도가 50도 이하로 자연 냉각된 것을 확인하고, 레일 프로파일 전용 그라인더 장비를 투입해 용접 비드(돌출부)를 레일 두부 프로파일 형상과 일치하도록 정밀 연마함. 2. 레일 두부 직진도 실측 검사: - 1.0m 정밀 철제 곧은자(Straight Edge)와 틈새 게이지를 연마된 레일 두부 및 측면에 밀착시켜 횡방향/종방향 오차(허용치 ±0.3mm/1.0m 이내)를 실측 기록함. 3. UT 비파괴 검사장비 검교정: - 초음파 탐상기(UT)의 주파수(2.25~5MHz), 탐촉자 굴절각(70도 및 45도)을 표준 대비 시험편(RB-R)을 사용하여 기준 감도로 검교정을 수행함. 4. 초음파 탐상 실측 분석: - 레일 용접부 상면, 복부, 저부에 접촉 매질(글리세린 또는 오일)을 도포하고 탐촉자를 수동 스캔함. 탐상기 스크린의 에코 신호를 분석하여 내부에 균열, 융합 불량, 슬래그 혼입 등 결함 지시 에코가 발생하는지 정밀 탐지함. 5. 결함 판정 및 용접 기록부 작성: - 결함 깊이 및 지시 크기를 판정 기준(철도건설 표준시방서 궤도공사 편 등급)에 따라 합격/불합격을 판정하고, 결함 위치와 크기가 명시된 용접 비파괴 검사 기록 대장을 준공도서로 보존함. [주의사항 (하자이력 연계)] 용접부 내부 미세 균열을 UT 검사 누락으로 확인하지 못해 운행 중 레일 단절 사고 | H43: □ 용접부 평탄성 오차(±0.2mm/1m 스트레이트자) 확인 □ UT 장비 캘리브레이션 및 검사 대상 용접부 일치 여부 □ 탐상 결과 합격 등급 판정 및 리포트 서명 확인 | I43: 토목 | J43: ● 관련분야 설계기준서 준수 | K43: ● 용접부 내부 미세 균열을 UT 검사 누락으로 확인하지 못해 운행 중 레일 단절 사고가 발생할 리스크를 검토하였는가? (궤도 단면계획 [56] 연계) | L43: ● 협력사 자문 내용 없음 또는 해당사항 없음
A44: 5000 | B44: 5000-8 | C44: 본선 포장 마감 및 노반 보정 공사 | D44: 5000-8-1 | E44: 선로 구간 노면 마감 포장(아스콘/콘크리트/잔디) 시공 | F44: ● KCS 44 30 05 (아스팔트 포장공) / KCS 47 20 10 (트램 매립형 포장) ● 도로 상면 높이 단차 ±3mm 이내 | G44: [작업 절차] 1. 사전 준비 단계: - 설계 도서 및 시방 기준을 분석하여 선로 구간 노면 마감 포장(아스콘/콘크리트/잔디) 시공 작업을 위한 현장 실측 및 경계 측량을 수행함. 2. 본 시공 단계: - 트램 선로 사이 및 인접 도로와의 경계 높이에 맞춰 아스콘 마감 포장 또는 콘크리트 마감 포장을 단차 없이 정밀 시공 작업을 표준 시공 절차에 준하여 시행하며, 실시간 수평도 및 치수 공차를 관리함. 3. 검사 및 마감 단계: - 잔디 포장 구간(녹색 궤도)의 경우, 콘크리트 포장을 안전 설계 높이까지 선행 시공한 뒤 최종 단계에서 상부에 인조/천연 잔디를 포설 시험 및 품질 검사를 실측하고 기준값 만족 여부를 기록함. 선로 구간 노면 마감 포장(아스콘/콘크리트/잔디) 시공 관련 작업 기준 준수 작업을 거쳐 노면 정리 및 안전 조치를 완료함. [주의사항 (하자이력 연계)] 포장 조인트 밀착 불량에 따른 빗물 유입으로 동결 팽창 궤도 변형 및 노면 단차(3mm 초과)로 보행 차량 걸림 하중 충격 발생 | H44: □ 포장 상면과 레일 두부 간 단차 오차 범위 확인 □ 아스콘 다짐도 및 아스팔트 조인트부 접합 마감 상태 □ 잔디 포설 구간의 하부 배수 구배 및 잔디 활착 밀착 상태 [집행단계 리스크 체크사항 (LLBS 연계)] □ 교량 시공용 대형 크레인(200ton 이상)의 아웃트리거 전개 폭을 고려하여 가교 폭이나 작업대(Staging)가 반영되었는가? □ 기초 터파기 구간의 지반 조건(연약지반)을 고려할 때 사면 경사를 유지할 부지가 충분한가? □ 특수교량(FCM 등)의 주요 구조부 설계 적정성을 착공 전 검증했는가? □ 관급자재 수급 불안정 시 사급 전환 가능성 및 비용 차이를 검토했는가? | I44: 토목/노반 | J44: ● 관련분야 설계기준서 준수 | K44: ● 레일 절연재 틈새 및 포집망 접지 불량으로 우천 시 방출된 누설전류가 주변 도시 기반시설(지하 관로)을 급격히 훼손시킬 리스크를 검토하였는가? (궤도 단면계획 [13]) ● 표면 청소 불량 및 수지 타설 중 공극 발생으로 기밀성이 파괴되고, 트램 진동으로 충진재가 탈락해 이륜차·보행자 걸림 사고가 발생할 리스크를 검토하였는가? (궤도 단면계획 [34]) | L44: ● [도로마감] 노면 포장 아스콘 접속부 다짐도 확보 및 단차 처리가 지연될 경우 차량 통행에 의한 레일 충격 소음이 유발되므로 포장 다짐 및 이음매 마감 품질 통제 필수 ● [보행안전] 유모차, 휠체어 바퀴 끼임 및 보행 안전 확보를 위해 도로 횡단부 그루브 홈 내 플랩 또는 고무탄성재(프로파일) 적기 도입 권장
... A51: 5000 | B51: 5000-13 | C51: LTE-R 통신망 및 광케이블(72Core) 구축 | D51: 5000-13-1 | E51: 관로 내 광케이블 포설 및 접속 광 융착 | F51: ● KCS 47 50 10 (철도 정보통신 선로공사) ● 광케이블(72Core) 포설 인장력 2.9 kN 이하, 접속 손실량 Core당 0.1 dB 이하 | G51: [작업 절차] 1. 사전 준비 단계: - 설계 도서 및 시방 기준을 분석하여 관로 내 광케이블 포설 및 접속 광 융착 작업을 위한 현장 실측 및 경계 측량을 수행함. 2. 본 시공 단계: - 관로 내 소정의 당김 로프 삽입 후 광케이블 유인 인장 작업을 표준 시공 절차에 준하여 시행하며, 실시간 수평도 및 치수 공차를 관리함. 3. 검사 및 마감 단계: - 피복 탈피기 가동 후 정밀 광 섬유 커터 절단 시험 및 품질 검사를 실측하고 기준값 만족 여부를 기록함. 아크 융착 접속기를 이용한 72Core 광섬유 융착 및 열수축 튜브 보강 작업을 거쳐 노면 정리 및 안전 조치를 완료함. [주의사항 (하자이력 연계)] 광접속점 코어 정렬 오차로 접속 손실 기준 초과, 신호 왜곡 및 통신 불능 | H51: □ 광케이블 인장력 기준 이내 견인(허용 인장력 2.9kN 이하) □ 광 접속부 접속 손실 측정(Core당 0.1dB 이하 합격) □ 광접속 함체 방수 패킹 마감 상태 [집행단계 리스크 체크사항 (LLBS 연계)] □ 교량 시공용 대형 크레인(200ton 이상)의 아웃트리거 전개 폭을 고려하여 가교 폭이나 작업대(Staging)가 반영되었는가? □ ILM 압출 단계별 Lateral Guide와 Bracket의 접촉 여부를 시뮬레이션했는가? □ 최대 지지 경간을 고려한 전단 검토가 수행되었는가? □ 교통량이 많은 도로 접속 공사에 대해 야간 할증 및 작업 시간 제한(단시간)이 적용되었는가? | I51: 통신 | J51: ● 관련분야 설계기준서 준수 | K51: ● 광접속점 코어 정렬 오차로 접속 신호 왜곡 및 통신 불능 리스크를 검토하였는가? | L51: ● 협력사 자문 내용 없음 또는 해당사항 없음
A52: 6000 정거장 공사 (Station Construction)
A53: 6000 | B53: 6000-1 | C53: 정거장 구간 지장물 조사 및 인허가 협의 | D53: 6000-1-1 | E53: 정거장 예정지 정밀 측량 및 매설물 지도 중첩 | F53: ● KCS 11 10 10 (지장물 조사공 표준시방 및 매설 정보 분석 규정) | G53: [작업 절차] 1. 사전 준비 단계: - 설계 도서 및 시방 기준을 분석하여 정거장 예정지 정밀 측량 및 매설물 지도 중첩 작업을 위한 현장 실측 및 경계 측량을 수행함. 2. 본 시공 단계: - 정거장 경계 경위도 3D 측량 작업을 표준 시공 절차에 준하여 시행하며, 실시간 수평도 및 치수 공차를 관리함. 3. 검사 및 마감 단계: - 지하 지장물 매핑 정보를 CAD 정거장 평면도에 중첩 시험 및 품질 검사를 실측하고 기준값 만족 여부를 기록함. 이설이 불가능한 전력/상수도 정거장 우회 라인 계획 수립 작업을 거쳐 노면 정리 및 안전 조치를 완료함. [주의사항 (하자이력 연계)] 정거장 전력 인입관 위치 오인으로 흙막이 파일 항타 시 한전 고압 지중관 파손 | H53: □ 측량 도면 상의 지장물 정보 수량 확인 □ 고압 가스관 이격 거리(1m 이상) 확보 계획 수립 여부 □ 인입 및 이설 관로 배치도 작성 여부 [집행단계 리스크 체크사항 (LLBS 연계)] □ 가시설 굴착 심도가 지하수위 아래에 위치하는가? □ 토류판 적용 시 차수 그라우팅 비용이 반영되었는가? □ 지반 조건(점토/사질토)에 적합한 차수 공법(Grouting vs Sheet Pile)이 선정되었는가? □ 기초 터파기 구간의 지반 조건(연약지반)을 고려할 때 사면 경사를 유지할 부지가 충분한가? | I53: 토목/행정 | J53: ● 관련분야 설계기준서 준수 | K53: ● 정거장 전력 인입관 위치 오인으로 흙막이 파일 항타 시 한전 고압 지중관 파손 리스크를 검토하였는가? | L53: ● 협력사 자문 내용 없음 또는 해당사항 없음
A54: 6000 | B54: 6000-2 | C54: 정거장 구간 지장물 이설 공사 | D54: 6000-2-1 | E54: 정거장 기초 간섭 상수도/전력관 이설 시공 | F54: ● KCS 11 10 15 (지하시설물 이설공) ● 폴리에틸렌 피복 강관 부설 및 기밀 수압시험(1.5 MPa, 1시간 유지) | G54: [작업 절차] 1. 사전 준비 단계: - 설계 도서 및 시방 기준을 분석하여 정거장 기초 간섭 상수도/전력관 이설 시공 작업을 위한 현장 실측 및 경계 측량을 수행함. 2. 본 시공 단계: - 이설 굴착 후 쇄석 기초 포설(두께 150mm) 작업을 표준 시공 절차에 준하여 시행하며, 실시간 수평도 및 치수 공차를 관리함. 3. 검사 및 마감 단계: - 폴리에틸렌 피복 강관 부설 및 볼트 접합 토크 준수 시험 및 품질 검사를 실측하고 기준값 만족 여부를 기록함. 이설 관로 기밀 수압 시험 합격서 확보 작업을 거쳐 노면 정리 및 안전 조치를 완료함. [주의사항 (하자이력 연계)] 이설 상수관 조인트부 백호우 버킷 타격으로 이경부 파손 및 매설 후 침하 | H54: □ 기초 쇄석 다짐 확인 및 관 하부 빈틈 채움 상태 □ 상수관 기밀 테스트(1.5MPa/1시간 유지) 통과 여부 □ 되메우기 재료(양질의 모래) 포설 두께 준수 [집행단계 리스크 체크사항 (LLBS 연계)] □ 기초 터파기 구간의 지반 조건(연약지반)을 고려할 때 사면 경사를 유지할 부지가 충분한가? □ 도심지 협소 구간 작업 시 대형 장비 진입 불가에 따른 소형 장비 할증이 반영되었는가? □ 시종점 및 작업구 위치 하부의 지장물(송전선, 가스관) 매설 현황을 지장물도와 대조했는가? □ 시종점부 구조물 터파기 시 인접 도로/사면의 안정성(전단파괴)을 검토했는가? | I54: 토목/기계 | J54: ● 관련분야 설계기준서 준수 | K54: ● 이설 상수관 조인트부 백호우 버킷 타격으로 이경부 파손 및 매설 후 침하 리스크를 검토하였는가? | L54: ● 협력사 자문 내용 없음 또는 해당사항 없음
A55: 6000 | B55: 6000-3 | C55: 정거장 구간 이설 불가 지장물 방호·보강 공사 | D55: 6000-3-1 | E55: 정거장 기초 하부 특수 지장물 콘크리트 슬라브 보강 | F55: ● KCS 14 20 10 (콘크리트 일반시방서) 및 지장물 강관 압입 방호 기준 | G55: [작업 절차] 1. 사전 준비 단계: - 설계 도서 및 시방 기준을 분석하여 정거장 기초 하부 특수 지장물 콘크리트 슬라브 보강 작업을 위한 현장 실측 및 경계 측량을 수행함. 2. 본 시공 단계: - 지장물 직상부 압축성 완충 패드 설치 작업을 표준 시공 절차에 준하여 시행하며, 실시간 수평도 및 치수 공차를 관리함. 3. 검사 및 마감 단계: - 지지 파일 상부 두부 정리 및 결속 철근 보강 시험 및 품질 검사를 실측하고 기준값 만족 여부를 기록함. 거푸집 구조 안전성 검사 후 콘크리트 타설 및 양생 작업을 거쳐 노면 정리 및 안전 조치를 완료함. [주의사항 (하자이력 연계)] 거푸집 측압 보강 불량으로 타설 중 측면이 터져 지장물 파이프 내부로 몰탈 유입 | H55: □ 완충재 두께 설계 부합 여부 □ 철근 결속선 결착 강도 및 간격 확인 □ 거푸집 폼타이 간격 및 버팀 지지대 고정 여부 [집행단계 리스크 체크사항 (LLBS 연계)] □ 항타기 등 대형 장비의 진입로 폭과 회전 반경이 현장 여건(농로, 마을길)과 부합하는가? □ 기초 터파기 구간의 지반 조건(연약지반)을 고려할 때 사면 경사를 유지할 부지가 충분한가? □ 흙막이 앵커가 인접 사유지를 침범하는지 지적도와 대조하고, 침범 시 보상비 또는 제거식 앵커 비용을 반영했는가? □ 시종점 및 작업구 위치 하부의 지장물(송전선, 가스관) 매설 현황을 지장물도와 대조했는가? | I55: 토목 | J55: ● 관련분야 설계기준서 준수 | K55: ● 거푸집 측압 보강 불량으로 타설 중 측면이 터져 지장물 파이프 내부로 몰탈 유입 리스크를 검토하였는가? | L55: ● 협력사 자문 내용 없음 또는 해당사항 없음
A56: 6000 | B56: 6000-4 | C56: 정거장 부지 굴착 토공 및 가시설 설치 | D56: 6000-4-1 | E56: 정거장 노반 굴착 터파기 및 흙막이 가시설 설치 | F56: ● KCS 21 30 00 (가설 흙막이 표준시방 및 가시설 구조 안전 표준) | G56: [작업 절차] 1. 사전 준비 단계: - 설계 도서 및 시방 기준을 분석하여 정거장 노반 굴착 터파기 및 흙막이 가시설 설치 작업을 위한 현장 실측 및 경계 측량을 수행함. 2. 본 시공 단계: - 백호우 가시설 라인 굴착 및 수평 띠장(Wale) 크레인 현장 거치 작업을 표준 시공 절차에 준하여 시행하며, 실시간 수평도 및 치수 공차를 관리함. 3. 검사 및 마감 단계: - 띠장-버팀대(Strut) 용접 접합 및 모재 비파괴 용접 검사 시험 및 품질 검사를 실측하고 기준값 만족 여부를 기록함. 가시설 계측 변위 모니터링계 센서 데이터 셋업 및 가동 작업을 거쳐 노면 정리 및 안전 조치를 완료함. [주의사항 (하자이력 연계)] 흙막이 벽체 이면 지반 붕괴로 정거장 배후 보도 보블록 침하 및 전신주 기울어짐 | H56: □ 흙막이 벽체 수평도 및 버팀대 수평 오차 확인 □ 계측센서 초기값 셋업 및 자동 데이터 전송 여부 □ 배후 지반 균열 발생 여부 일일 육안 순찰 기록 [집행단계 리스크 체크사항 (LLBS 연계)] □ 구조물과 흙막이 벽체 사이 여유폭(Working Space) 내에 배수로 설치 공간이 확보되었는가? □ 가시설 굴착 심도가 지하수위 아래에 위치하는가? □ 토류판 적용 시 차수 그라우팅 비용이 반영되었는가? □ 기초 터파기 구간의 지반 조건(연약지반)을 고려할 때 사면 경사를 유지할 부지가 충분한가? | I56: 토목 | J56: ● 관련분야 설계기준서 준수 | K56: ● 흙막이 벽체 이면 지반 붕괴로 정거장 배후 보도 보블록 침하 및 전신주 기울어짐 리스크를 검토하였는가? | L56: ● 협력사 자문 내용 없음 또는 해당사항 없음
A57: 6000 | B57: 6000-5 | C57: 정거장 지하구조물 공사 및 기초 보정 공사 | D57: 6000-5-1 | E57: 정거장 파일 기초 평판재하시험(PBT) | F57: ● KDS 11 50 15 (깊은기초 설계기준 및 파일 지지력 시험 규정) | G57: [작업 절차] 1. 사전 준비 단계: - 설계 도서 및 시방 기준을 분석하여 정거장 파일 기초 평판재하시험(PBT) 작업을 위한 현장 실측 및 경계 측량을 수행함. 2. 본 시공 단계: - 파일 두부 그라인딩 및 재하판 밀착면 수평 조정 작업을 표준 시공 절차에 준하여 시행하며, 실시간 수평도 및 치수 공차를 관리함. 3. 검사 및 마감 단계: - 하중 잭 장치 세팅 및 다이얼 게이지 3개 대칭 설치 시험 및 품질 검사를 실측하고 기준값 만족 여부를 기록함. 설계 극한 지지력의 2배 하중 단계별 가압 후 침하량 기록 작업을 거쳐 노면 정리 및 안전 조치를 완료함. [주의사항 (하자이력 연계)] 기초 파일 선단 지지력 부족으로 구조물 하중 작용 시 승강장 기울어짐(PSD 오정렬 발생) | H57: □ 파일 두부 레벨 평탄도 확인 □ 침하계(게이지) 지지 가로보의 흔들림 방지 조치 상태 □ 허용 지지력 만족 결과 성적서 서명 확인 [집행단계 리스크 체크사항 (LLBS 연계)] □ 도심지 공사 시 교통 처리 계획에 따른 가시설 존치 기간이 적정하게 산정되었는가? □ 특수교량(FCM 등)의 주요 구조부 설계 적정성을 착공 전 검증했는가? □ 공사 구간 50m 이내에 정온시설(병원, 학교)이 있는가? □ 이동식 에어방음벽 등 추가 대책 비용이 예산에 있는가? | I57: 토목/노반 | J57: ● 관련분야 설계기준서 준수 | K57: ● 기초 파일 선단 지지력 부족으로 구조물 하중 작용 시 승강장 기울어짐 리스크를 검토하였는가? | L57: ● 협력사 자문 내용 없음 또는 해당사항 없음
A58: 6000 | B58: 6000-6 | C58: 정거장 승강장 구조물 설치 및 마감 공사 | D58: 6000-6-1 | E58: 승강장 프리캐스트 콘크리트(PC) 바닥판 거치 시공 | F58: ● 도시철도 정거장 설계기준(국토부) ● 상대식 승강장 폭 3.0m 이상, 섬식 승강장 폭 4.0m 이상 확보 ● 승강장 높이 R.L 대비 335mm~350mm 기준, 연단 차량 이격 50mm 이상, 차량-승강장 갭 60mm 표준 ● 승강장 총 길이 40.0m 설계 확보(노면전차 35m + 여유길이 5m) | G58: [작업 절차] 1. 사전 준비 단계: - 설계 도서 및 시방 기준을 분석하여 승강장 프리캐스트 콘크리트(PC) 바닥판 거치 시공 작업을 위한 현장 실측 및 경계 측량을 수행함. 2. 본 시공 단계: - PC 바닥판 반입 시 크랙 유무 비파괴 육안 검사 작업을 표준 시공 절차에 준하여 시행하며, 실시간 수평도 및 치수 공차를 관리함. 3. 검사 및 마감 단계: - 25톤 크레인 4점 균등 인양 체결 및 무선 신호수 조율 시험 및 품질 검사를 실측하고 기준값 만족 여부를 기록함. 승강장 연단 이격거리(레일 중심선에서 1,450mm ±5mm) 정밀 셋업 작업을 거쳐 노면 정리 및 안전 조치를 완료함. [주의사항 (하자이력 연계)] 크레인 슬링 와이어 장탈착 중 PC판 낙하로 가장자리 파손 및 미세 크랙 방치 후 파손 | H58: □ PC 패널 크랙 및 파손부 보수 여부 □ 승강장 연단 거리 실측 및 한계값 준수 여부 □ 연결용 특수 조인트 패드 볼트 토크 조임 확인 [집행단계 리스크 체크사항 (LLBS 연계)] □ 교량 시공용 대형 크레인(200ton 이상)의 아웃트리거 전개 폭을 고려하여 가교 폭이나 작업대(Staging)가 반영되었는가? □ 구조물 터파기 사면(Open Cut)의 상단 라인이 공사 부지 경계선 내에 들어오는가? □ 하부 도로/구조물이 상부 강교 시공 하중(크레인+거더)을 견딜 수 있는가? □ 강교 주요 부재(브라켓 등)의 치수가 도면과 내역서(재료표)에 일치하는가? | I58: 토목 | J58: ● 관련분야 설계기준서 준수 | K58: ● 크레인 슬링 와이어 장탈착 중 PC판 낙하로 가장자리 파손 및 미세 크랙 방치 후 파손 리스크를 검토하였는가? | L58: ● 협력사 자문 내용 없음 또는 해당사항 없음
A59: 6000 | B59: 6000-7 | C59: 정거장 조경 시설물 및 도로 마감 공사 | D59: 6000-7-1 | E59: 정거장 경계석 부설 및 승강장 접속부 도로 포장 | F59: ● KCS 44 30 05 (아스팔트 콘크리트 포장공) ● 정거장 경계석 부설 직선 정렬 오차 ±5mm 이내 관리 | G59: [작업 절차] 1. 사전 준비 단계: - 설계 도서 및 시방 기준을 분석하여 정거장 경계석 부설 및 승강장 접속부 도로 포장 작업을 위한 현장 실측 및 경계 측량을 수행함. 2. 본 시공 단계: - 경계석 기초 콘크리트 포설 및 실올리기 정렬 작업을 표준 시공 절차에 준하여 시행하며, 실시간 수평도 및 치수 공차를 관리함. 3. 검사 및 마감 단계: - 아스팔트 포설 전 경계석 측면 조인트 부 접착재(유제) 도포 시험 및 품질 검사를 실측하고 기준값 만족 여부를 기록함. 콤팩터 및 소형 롤러를 이용한 포장 경계부 전압 시공 작업을 거쳐 노면 정리 및 안전 조치를 완료함. [주의사항 (하자이력 연계)] 경계석 배면 채움 몰탈 강도 부족으로 버스 휠 충격 시 경게석 박리 붕괴 | H59: □ 경계석 직선 정렬 오차(±5mm 이내) 확인 □ 채움 몰탈 강도 확인 및 충진 조밀도 □ 도로 접속부 포장 단차 유무 확인(유모차 통행 가능 수준) [집행단계 리스크 체크사항 (LLBS 연계)] □ 도로/철도 횡단 구간의 낙하물 방지 시설이 '그물망'이 아닌 '방호 선반(강판/합판)'으로 설계되었는가? □ 하부 도로/구조물이 상부 시공 하중(크레인+거더)을 견딜 수 있는가? □ 벤트 위치가 하부 교통 흐름이나 구조물과 간섭되지 않는가? □ 교통 전환의 모든 단계별(Phase 1, 2, 3...) 토공 및 포장 물량이 합산되었는가? | I59: 토목/노반 | J59: ● 관련분야 설계기준서 준수 | K59: ● 해당 공종 리스크 분석 수립 준수 | L59: ● 협력사 자문 내용 없음 또는 해당사항 없음
A60: 6000 | B60: 6000-8 | C60: 정거장 안내 시스템 및 가이던스 보정 공사 | D60: 6000-8-1 | E60: 행선안내기 DID 지주 볼트 고정 및 최종 리딩 테스트 | F60: ● KCS 47 50 20 (여객 정보 통신 설비) ● 행선안내기 DID 지주 구조 고정 및 앵커볼트 규정 인장 토크 준수 | G60: [작업 절차] 1. 사전 준비 단계: - 설계 도서 및 시방 기준을 분석하여 행선안내기 DID 지주 볼트 고정 및 최종 리딩 테스트 작업을 위한 현장 실측 및 경계 측량을 수행함. 2. 본 시공 단계: - 앵커 볼트 이중 너트 세팅 및 고강도 와셔 삽입 작업을 표준 시공 절차에 준하여 시행하며, 실시간 수평도 및 치수 공차를 관리함. 3. 검사 및 마감 단계: - LCD/LED 표시기 케이블 단자 통신 접속(RJ-45 방수) 시험 및 품질 검사를 실측하고 기준값 만족 여부를 기록함. 센터 데이터 송출 리딩 테스트(문자 표출 및 휘도 확인) 작업을 거쳐 노면 정리 및 안전 조치를 완료함. [주의사항 (하자이력 연계)] DID 지주 앵커 볼트 규정 조임 미달로 태풍 시 행선안내기 전복 및 낙하 사고 위험 노출 | H60: □ 지주 거치 강도 및 고장력 앵커 볼트 인장 토크 □ 케이블 인입 입선 슬리브 실링재 밀봉 여부 □ 전광판 표출 글자 왜곡 유무 및 주/야간 자동 밝기 작동 [집행단계 리스크 체크사항 (LLBS 연계)] □ 기초 터파기 구간의 지반 조건(연약지반)을 고려할 때 사면 경사를 유지할 부지가 충분한가? □ 교량 시공용 대형 크레인(200ton 이상)의 아웃트리거 전개 폭을 고려하여 가교 폭이나 작업대(Staging)가 반영되었는가? □ ILM 압출 단계별 Lateral Guide와 Bracket의 접촉 여부 및 지지 경간을 시뮬레이션했는가? □ Steel Box 내부 제습 설비 가동 전 부식 방지를 위한 임시 도장(Shop Primer)이 반영되었는가? | I60: 토목/노반 | J60: ● 관련분야 설계기준서 준수 | K60: ● 해당 공종 리스크 분석 수립 준수 | L60: ● 협력사 자문 내용 없음 또는 해당사항 없음
A61: 6000 | B61: 6000-9 | C61: 정거장 전기·조명·통신·방재 설비 설치 및 시험 | D61: 6000-9-1 | E61: 정거장 분전반 결선 및 접지 상태 검사 | F61: ● 전기설비기술기준(KEC) ● 분전반 메인 차단기 기동 및 접지선(6SQ 이상) 저항 100Ω 이하 확보 | G61: [작업 절차] 1. 사전 준비 단계: - 설계 도서 및 시방 기준을 분석하여 정거장 분전반 결선 및 접지 상태 검사 작업을 위한 현장 실측 및 경계 측량을 수행함. 2. 본 시공 단계: - 분전반 차단기 라인별 용량 명판 작성 작업을 표준 시공 절차에 준하여 시행하며, 실시간 수평도 및 치수 공차를 관리함. 3. 검사 및 마감 단계: - 접지선 규격(6SQ 이상) 단자대 견고 결속 및 접지저항 측정 시험 및 품질 검사를 실측하고 기준값 만족 여부를 기록함. 메인 전력 차단기 1차/2차 측 전압 테스트 작업을 거쳐 노면 정리 및 안전 조치를 완료함. [주의사항 (하자이력 연계)] 조명 분전반 중성선 접지 누락으로 미세 누전 발생, 철제 프레임 접촉 시 작업자 감전 | H61: □ 접지 저항치(100Ω 이하) 측정 완료 여부 □ 차단기 결선 심선 노출 부위 절연 튜브 열수축 상태 □ 내부 배선 트레이 내 케이블 정렬 및 타이 묶음 상태 [집행단계 리스크 체크사항 (LLBS 연계)] □ 도심지 공사 시 교통 처리 계획에 따른 가시설 존치 기간이 적정하게 산정되었는가? □ 공사 기간 산정 시 민원 및 인허가 지연에 따른 여유 공기(Float)가 반영되었는가? □ 공사 구간 50m 이내에 정온시설(병원, 학교)이 있는가? □ 이동식 에어방음벽 등 추가 대책 비용이 예산에 있는가? | I61: 전기/통신/방재 | J61: ● 관련분야 설계기준서 준수 | K61: ● 해당 공종 리스크 분석 수립 준수 | L61: ● 협력사 자문 내용 없음 또는 해당사항 없음
A62: 6000 | B62: 6000-10 | C62: 플랫폼 스크린도어(PSD) 및 CCTV 설치 및 시험 | D62: 6000-10-1 | E62: 플랫폼 스크린도어(PSD) 포스트 정밀 설치 | F62: ● KCS 47 40 10 (신호 및 승강장 안전문 설비) ● 승강장 안전난간 H=1.2m 설치 표준 및 PSD 프레임 고정 | G62: [작업 절차] 1. 사전 준비 단계: - 설계 도서 및 시방 기준을 분석하여 플랫폼 스크린도어(PSD) 포스트 정밀 설치 작업을 위한 현장 실측 및 경계 측량을 수행함. 2. 본 시공 단계: - 레일면 기준 정밀 레벨 측량 및 레이저 라이너 라인 셋업 작업을 표준 시공 절차에 준하여 시행하며, 실시간 수평도 및 치수 공차를 관리함. 3. 검사 및 마감 단계: - PSD 베이스 플레이트 앵커링(볼트 조임 150 N·m) 시험 및 품질 검사를 실측하고 기준값 만족 여부를 기록함. 수직도(1/1000 이내) 스페이서 미세 레벨 조절 작업을 거쳐 노면 정리 및 안전 조치를 완료함. [주의사항 (하자이력 연계)] 포스트 수직도 오차 누적으로 가동문 개폐 시 문 끼임 및 모터 과부하 소손 | H62: □ 레이저 레벨기 기준 포스트 일렬 정렬 여부 □ 베이스 앵커 인장 강도 시험 완료 여부 □ 포스트 수직도 정밀 측정 오차 한계 확인 [집행단계 리스크 체크사항 (LLBS 연계)] □ 공기 연장 시 고정적으로 지출되는 품질/안전 관리자 인건비 및 차량 유지비가 산출되었는가? □ 도심지 공사 시 교통 처리 계획에 따른 가시설 존치 기간이 적정하게 산정되었는가? □ 공사 구간 인근에 진동에 민감한 시설(반도체 공장, 병원, 문화재)이 있는가? □ 지반 조사 데이터(RQD, 탄성파 속도)를 기반으로 진동 전달율을 보수적으로 산정했는가? | I62: 전기/통신 | J62: ● 관련분야 설계기준서 준수 | K62: ● 해당 공종 리스크 분석 수립 준수 | L62: ● 협력사 자문 내용 없음 또는 해당사항 없음
A63: 6000 | B63: 6000-10 | C63: 플랫폼 스크린도어(PSD) 및 CCTV 설치 및 시험 | D63: 6000-10-2 | E63: PSD 가동문 모터 조립 및 연동 시운전 | F63: ● KS C IEC 62076 (승강장 안전문 설계 및 검사) ● PSD 장애물 검지 기준(두께 10mm), 도어 연동 개폐 시간 싱크 오차 0.5초 이내 | G63: [작업 절차] 1. 사전 준비 단계: - 설계 도서 및 시방 기준을 분석하여 PSD 가동문 모터 조립 및 연동 시운전 작업을 위한 현장 실측 및 경계 측량을 수행함. 2. 본 시공 단계: - DC 모터 기어 박스 벨트 장력 조정(벨트 처짐 5mm 이하) 작업을 표준 시공 절차에 준하여 시행하며, 실시간 수평도 및 치수 공차를 관리함. 3. 검사 및 마감 단계: - 도어 센서 검지 한계 설정(두께 10mm 이상 물체 감지 시 재개판) 시험 및 품질 검사를 실측하고 기준값 만족 여부를 기록함. 열차 신호 인터페이스반과 연동하여 개폐 동작 100회 연속 테스트 작업을 거쳐 노면 정리 및 안전 조치를 완료함. [주의사항 (하자이력 연계)] 센서 감도 셋팅 불량으로 승객 가방이 끼었음에도 감지하지 못하고 열차 출발 신호 송출 | H63: □ 모터 벨트 장력 측정값 설계 일치 여부 □ 센서 작동 및 장애물 감지 재열림 기능 테스트 합격 □ 열차 무선 신호 연동 개폐 싱크 오차(0.5초 이내) 확인 [집행단계 리스크 체크사항 (LLBS 연계)] □ 공기 연장 시 고정적으로 지출되는 품질/안전 관리자 인건비 및 차량 유지비가 산출되었는가? □ 배수펌프장 등 필수 운영 시설의 가동 기간이 전체 공사 기간과 연동되어 있는가? □ 공사 구간 인근에 진동에 민감한 시설(반도체 공장, 병원, 문화재)이 있는가? □ 지반 조사 데이터(RQD, 탄성파 속도)를 기반으로 진동 전달율을 보수적으로 산정했는가? | I63: 전기/통신 | J63: ● 관련분야 설계기준서 준수 | K63: ● 해당 공종 리스크 분석 수립 준수 | L63: ● 협력사 자문 내용 없음 또는 해당사항 없음
A64: 7000 차량기지 공사 (Depot Construction)
A65: 7000 | B65: 7000-1 | C65: 차량기지 부지조성 및 노반 토공 | D65: 7000-1-1 | E65: 차량기지 부지 대규모 성토공 및 지반 다짐 | F65: ● KCS 11 20 20 (도로 다짐 및 성토공) ● 대규모 기지 부지 절·성토용 토사 유기물 함량 1% 미만, 다짐도 95% 이상 | G65: [작업 절차] 1. 사전 준비 단계: - 설계 도서 및 시방 기준을 분석하여 차량기지 부지 대규모 성토공 및 지반 다짐 작업을 위한 현장 실측 및 경계 측량을 수행함. 2. 본 시공 단계: - 성토 재료 of 입도 분석 및 유기물 함량 시험(1% 미만) 작업을 표준 시공 절차에 준하여 시행하며, 실시간 수평도 및 치수 공차를 관리함. 3. 검사 및 마감 단계: - 300mm 두께 층다짐 실시 및 진동 롤러 전압 시험 및 품질 검사를 실측하고 기준값 만족 여부를 기록함. 현장 밀도 측정 및 최적 함수비 제어 작업을 거쳐 노면 정리 및 안전 조치를 완료함. [주의사항 (하자이력 연계)] 차량기지 대규모 성토 시 유기질 토사 혼입으로 장기 압밀 침하, 정비고 바닥 균열 | H65: □ 반입 토사 품질 시험 성적서 합격 여부 □ 층다짐 두께 300mm 초과 여부 확인 □ 들밀도시험 성적서 상 다짐도(95% 이상) 통과 [집행단계 리스크 체크사항 (LLBS 연계)] □ 기초 터파기 구간의 지반 조건(연약지반)을 고려할 때 사면 경사를 유지할 부지가 충분한가? □ 항타기 등 대형 장비의 진입로 폭과 회전 반경이 현장 여건(농로, 마을길)과 부합하는가? □ 터널 노선 상 단층 파쇄대 존재 여부를 파악하기 위한 탄성파 탐사나 전기비저항 탐사가 수행되었는가? □ 석회암 지대 등 공동 발생 우려 지역에 대한 물리탐사(GPR, 전기비저항) 계획이 있는가? | I65: 토목 | J65: ● [토질기초] 연약지반 판정기준: 점성토 층두께 10m 이상 시 N치 6 이하, 사질토 N치 15 이하 적용 ● [토질기초] 차량기지 대규모 성토 시 허용 잔류침하량 100.0mm 이하 관리 (연약지반 처리 구간) | K65: ● 해당 공종 리스크 분석 수립 준수 | L65: ● 협력사 자문 내용 없음 또는 해당사항 없음
A66: 7000 | B66: 7000-1 | C66: 차량기지 부지조성 및 노반 토공 | D66: 7000-1-2 | E66: 연약지반 개량(PBD 등) 배수재 포설 및 모니터링 | F66: ● KCS 11 30 10 (연약지반 개량 표준시방) ● PBD 삽입 간격(1.5m 격자), 상부 샌드매트 모래 점토분 함량 5% 이하 제어 | G66: [작업 절차] 1. 사전 준비 단계: - 설계 도서 및 시방 기준을 분석하여 연약지반 개량(PBD 등) 배수재 포설 및 모니터링 작업을 위한 현장 실측 및 경계 측량을 수행함. 2. 본 시공 단계: - 플라스틱 보드 드레인(PBD) 장비 수직도 유지 인입 작업을 표준 시공 절차에 준하여 시행하며, 실시간 수평도 및 치수 공차를 관리함. 3. 검사 및 마감 단계: - 상부 샌드 매트(두께 500mm) 모래 포설 시험 및 품질 검사를 실측하고 기준값 만족 여부를 기록함. 침하판 및 간극수압계 매일 데이터 수집 및 침하 수렴 곡선 분석 작업을 거쳐 노면 정리 및 안전 조치를 완료함. [주의사항 (하자이력 연계)] 배수재 삽입 중 강관 인장 불량으로 배수재 중간 단절, 압밀 불량으로 침하 계속 | H66: □ PBD 삽입 간격(1.5m 격자) 및 도달 깊이 확인 □ 샌드 매트 점토분 함량 기준(5% 이하) 만족 □ 계측 보고서 상 주간 침하 속도 감쇠 추이 확인 [집행단계 리스크 체크사항 (LLBS 연계)] □ 항타기 등 대형 장비의 진입로 폭과 회전 반경이 현장 여건(농로, 마을길)과 부합하는가? □ 기초 터파기 구간의 지반 조건(연약지반)을 고려할 때 사면 경사를 유지할 부지가 충분한가? □ 터널 노선 상 단층 파쇄대 존재 여부를 파악하기 위한 탄성파 탐사나 전기비저항 탐사가 수행되었는가? □ 석회암(Karst) 지형 공사 시 공동 탐지를 위한 시추 간격을 조밀하게 계획했는가? | I66: 토목 | J66: ● 관련분야 설계기준서 준수 | K66: ● 해당 공종 리스크 분석 수립 준수 | L66: ● 협력사 자문 내용 없음 또는 해당사항 없음
A67: 7000 | B67: 7000-2 | C67: 유치선·정비선·검수선 궤도 부설 및 분기기 설치 | D67: 7000-2-1 | E67: 차량기지 내 분기기(Turnout) 정밀 거치 | F67: ● 경기도 노면전차 건설 규정 및 도시철도법 기준 준수 ● 레일 규격: Grooved Rail 54G2 (Grade R260), L=18m (R≤90m 곡선 내·외측 및 모든 분기기 구성 레일은 Grade 290GHT 이상 고강도 열처리 적용) ● 궤도 구조: 매립형 수지고정형 및 블록결합형 방식 (일반 구간: 현타 블록결합형, 검수고: H-Beam 도상 궤도, 세척고: 매립형 콘크리트 도상) ● 궤도 높이(R.L~E.L): 기지 구간(현타) 380mm 적용 ● 분기기 규격: Grooved Rail용 F4 침목(철제) 체결방식 매립형 분기기 (리드곡선반경 25m 이상, 포인트부 및 크로싱부 일체형 구조) | G67: [상세 작업 절차 - 정밀 관리] 1. 분기기 토대 측량 및 레이아웃 설정: - 차량기지 콘크리트 도상 기초면 위에 분기기 분기 시종점(IP, FBT, FET), 리드 궤도 곡선 반경 중심점 좌표를 광파기로 정밀 레이아웃 측량 마킹함. 2. 프리패키지 분기 블록 인양 거치: - 차량기지 정비고 및 분기 구역으로 공장 제작된 프리패키지 분기기 블록(텅레일, 크로싱, 가드레일 조립체)을 반입함. 50톤 크레인을 투입하여 4점식 빔 슬링으로 분기 블록을 수평 인양하고, 설계 마킹 지점 오차 10mm 이내로 가거치함. 3. 크로싱 및 텅레일 3D 얼라인먼트 조정: - 정밀 측량 프리즘 및 게이지를 부착하고, 조절 스핀들 잭을 조작하여 분기기 전 구간의 높이, 수평 레벨, 분기 곡선의 중심 선형을 광파기로 모니터링하며 허용 오차(±1mm 이내) 내로 정밀 조정함. 4. 백게이지(Back Gauge) 및 크로싱 치수 검사: - 크로싱부 포인트와 날개레일 간의 백게이지 치수(규격 예: 1393mm ±1mm 이내) 및 플랜지웨이 틈새 폭을 마이크로 캘리퍼스로 실측 확인하여 기록함. 5. 앵커 볼트 고정 및 무수축 충진: - 분기기 고정용 기초 앵커 볼트를 HSB 바닥 홀에 고강도 에폭시 접착제로 주입 고정하고, 슬래브 하부 공동 방지를 위한 고유동성 고강도 무수축 몰탈을 주입 타설한 후 습윤 양생을 실시함. [주의사항 (하자이력 연계)] 크로싱부 정렬 오차로 트램 주행 시 플랜지 충돌음 발생 및 타이어 조기 마모 ● 협력업체 자문 [분기기배수] 차축검지기함, 히팅장치함 등 오목부 배수 계획 누락 시 침수 하자가 상시 발생하므로, 저점부에 이물질 막힘 방지용 배수구를 최소 2개소 이상 분산 설치할 것 [탄성분기기] RCS고무 부착형 RF궤도 분기기는 운반 및 시공 중 고무재가 벌어져 수분 침투로 동결 팽창 하자가 발생하므로, 국내 사계절 기후에 대한 밀폐형 실리콘 주입 등 수밀성 확보 및 내구성 검증 선행 필수 | H67: □ 분기기 정렬 수평 오차(±1.5mm 이내) 확인 □ 텅레일 밀착 상태(게이지 블록 통과 여부) □ 분기기 크로싱부 백게이지 치수 규격 도달 여부 [집행단계 리스크 체크사항 (LLBS 연계)] □ 교량 시공용 대형 크레인(200ton 이상)의 아웃트리거 전개 폭을 고려하여 가교 폭이나 작업대(Staging)가 반영되었는가? □ 항타기 등 대형 장비의 진입로 폭과 회전 반경이 현장 여건(농로, 마을길)과 부합하는가? □ 하부 도로/구조물이 상부 시공 하중(크레인+거더)을 견딜 수 있는가? □ 벤트 위치가 하부 교통 흐름이나 구조물과 간섭되지 않는가? | I67: 토목/궤도 | J67: ● [선로설계] 차량기지 내 선로 기울기: 천분의 10(10/1,000) 이하, 정비선 및 유치선 기울기는 천분의 2(2/1,000) 이하 적용 ● [구조분야] 장대레일 종하중: 콘크리트도상 상부구조 레일 신축이음장치 적용 여부에 따른 종방향 응력 계산 적용 | K67: ● H-Beam 매립 불량 및 타 검수 장비와의 간섭으로 트램 안착 시 궤간 틀림이 발생하고 콘크리트를 파쇄해야 할 대형 리스크를 검토하였는가? (차량기지 안전 [3]) ● 크로싱부 정렬 오차로 트램 주행 시 플랜지 충돌음 발생 및 타이어 조기 마모 리스크를 검토하였는가? (궤도 분기기 [2-1] 연계) ● 측량 누락 및 시공 오차로 레일 종단과 검수장비 간 단차가 발생해 차량 탈선 및 장비 파손이 유발될 리스크를 검토하였는가? (궤도 검수고 [1] [2] 연계) | L67: ● [분기기배수] 차축검지기함, 히팅장치함 등 오목부 배수 계획 누락 시 침수 하자가 상시 발생하므로, 저점부에 이물질 막힘 방지용 배수구를 최소 2개소 이상 분산 설치할 것 ● [탄성분기기] RCS고무 부착형 RF궤도 분기기는 운반 및 시공 중 고무재가 벌어져 수분 침투로 동결 팽창 하자가 발생하므로, 국내 사계절 기후에 대한 밀폐형 실리콘 주입 등 수밀성 확보 및 내구성 검증 선행 필수
A68: 7000 | B68: 7000-2 | C68: 유치선·정비선·검수선 궤도 부설 및 분기기 설치 | D68: 7000-2-2 | E68: 기지 전환기(MJ81 등) 조립 및 전환력 측정 테스트 | F68: ● KCS 47 40 20 (철도 신호 전환 설비) ● 레일 용접: 1차(장척화) 및 2차(장대화) 용접 모두 테르밋(Thermit) 용접 적용하여 기지 전 구간 장대화 구현 ● 차막이: 유압식 또는 차륜막이식 차막이 및 각종 선로제표 설치 기준 준수 | G68: [상세 작업 절차 - 정밀 관리] 1. 전환기 MJ81 유닛 거치 및 구동 롯드 연결: - 차량기지 분기기 거치 완료 후, 선로 측면에 전환기(MJ81 모델) 강제 케이스 유닛을 볼트 고정 건식 거치함. 전환기 크랭크 축과 텅레일 간의 구동 롯드(Drive Rod) 및 쇄정 롯드(Lock Rod)를 볼트 체결 접합함. 2. 텅레일 밀착 스트로크 조정: - 전환기 기어박스 수동 핸들을 회전시켜 텅레일의 좌우 밀착 거동을 확인하고, 텅레일과 기본레일 간의 밀착 클리어런스(밀착 시 틈새 1mm 이하)가 되도록 구동 롯드 나사산을 미세 조정함. 3. 로드셀(Load Cell) 전환력 측정 셋업: - 구동 롯드 중간에 정밀 인장-압축 로드셀 측정기 센서와 데이터 로거(Data Logger)를 연결 세팅함. 4. 전동 기동 전환력 측정 실시: - 전기실 제어반 전원 가압을 실시하여 전동식으로 전환기를 10회 왕복 작동시키고, 밀착 시 가해지는 순간 최대 전환력(설계 기준치: 2.0~2.5 kN 범위 이내) 데이터를 실시간 로깅 분석함. 만약 전환력이 3.0 kN을 초과할 경우 텅레일 변형 하자가 우려되므로 스프링 장력을 미세 재조정함. 5. MJ81 내부 기어 오일 충진 및 쇄정(Lock) 테스트: - 내부 가동 기어박스에 지정 점도의 윤활유를 충진하고, 쇄정 핀의 기계적 잠금 상태(쇄정 갭 1.5mm 테스트 바 삽입 시 작동 중단 여부)를 최종 테스트 확인하고 보고서를 작성함. [주의사항 (하자이력 연계)] 전환력 설정 과다로 텅레일 변형 또는 전환력 부족으로 중간 걸림 사고 발생 | H68: □ 전환기 고정 볼트 토크 검사 및 잠금 핀 장착 여부 □ 전환력 실측값 및 모터 구동 전류 파형 정상 여부 □ 신호 기계실 연동 제어반 상의 포지션 피드백 신호 확인 [집행단계 리스크 체크사항 (LLBS 연계)] □ 흙막이 가시설과 본 구조물 사이에 거푸집 설치 및 작업자 이동 공간(최소 1m 이상)이 확보되었는가? □ 운행선 인접 공사 시 가시설 설치 공간이 건축한계(Safety Clearance)를 침범하지 않는지 확인했는가? □ 터널 노선 상 단층 파쇄대 존재 여부를 파악하기 위한 탄성파 탐사나 전기비저항 탐사가 수행되었는가? □ 비개착 굴착(TBM, SemiShield) 시 여굴 발생에 대비한 뒷채움 주입 설비가 반영되었는가? | I68: 토목/궤도 | J68: ● 관련분야 설계기준서 준수 | K68: ● 전환력 설정 과다로 텅레일 변형 또는 전환력 부족으로 중간 걸림 사고 리스크를 검토하였는가? (궤도 분기기 [2-2] 연계) ● 1차(장척화) 및 2차(장대화) 용접 모두 테르밋(Thermit) 용접 적용 시 온도 관리 및 연마 불량으로 궤간 뒤틀림이 발생할 리스크를 검토하였는가? (궤도 용접 [19] 연계) | L68: ● 협력사 자문 내용 없음 또는 해당사항 없음
A69: 7000 | B69: 7000-3 | C69: 검수고·관제실·부대건축물 신축 공사 | D69: 7000-3-1 | E69: 정비고 철골 구조물 기둥 세우기 및 고장력 볼트 조임 | F69: ● KCS 14 31 10 (강구조 공사 표준시방) ● 검수고 철골 구조물 기둥 수직도 오차 ±5mm 이내, F10T 고장력 볼트 체결 | G69: [작업 절차] 1. 사전 준비 단계: - 설계 도서 및 시방 기준을 분석하여 정비고 철골 구조물 기둥 세우기 및 고장력 볼트 조임 작업을 위한 현장 실측 및 경계 측량을 수행함. 2. 본 시공 단계: - 기둥 앵커 레벨 정밀 확인 및 베이스 플레이트 안착 작업을 표준 시공 절차에 준하여 시행하며, 실시간 수평도 및 치수 공차를 관리함. 3. 검사 및 마감 단계: - 고장력 볼트(F10T) 조임 기기 토크 센서 캘리브레이션 시험 및 품질 검사를 실측하고 기준값 만족 여부를 기록함. 와셔 변형각도법 및 마킹법 병행하여 2차 최종 체결 확인 작업을 거쳐 노면 정리 및 안전 조치를 완료함. [주의사항 (하자이력 연계)] 고장력 볼트 1차/2차 토크 조임 누락으로 지붕 트러스 가동 시 기둥 접합부 전단 파손 | H69: □ 볼트 체결 시 마킹 라인 일치 및 볼트 여유 나사산 수 □ 토크 렌치 검사 성적서 및 당일 현장 조임 기록 □ 기둥 수직도 오차(±5mm 이내) 확인 [집행단계 리스크 체크사항 (LLBS 연계)] □ 구조물 터파기 사면(Open Cut)의 상단 라인이 공사 부지 경계선 내에 들어오는가? □ 교량 시공용 대형 크레인(200ton 이상)의 아웃트리거 전개 폭을 고려하여 가교 폭이나 작업대(Staging)가 반영되었는가? □ 하부 도로/구조물이 상부 강교 시공 하중(크레인+거더)을 견딜 수 있는가? □ ILM 압출 단계별 Lateral Guide와 Bracket의 접촉 여부 및 지지 경간을 시뮬레이션했는가? | I69: 건축 | J69: ● 관련분야 설계기준서 준수 | K69: ● 고장력 볼트 1차/2차 토크 조임 누락으로 지붕 트러스 가동 시 기둥 접합부 전단 파손 리스크를 검토하였는가? | L69: ● 협력사 자문 내용 없음 또는 해당사항 없음
A70: 7000 | B70: 7000-4 | C70: 차량기지 내 급전·전기·기계 설비 설치 | D70: 7000-4-1 | E70: 검수고 내 가공 전차선(Rigid Bar) 정밀 가설 | F70: ● KCS 47 30 30 (전차선로 현수선 공사) ● 차량기지 내 팬터그래프 상승 충전 가공 강체 전차선(Rigid Bar) ● 알루미늄 T-Bar/리지드 바 수평도 오차 1mm 이내, 조인트 단차 0.1mm 이하 그라인딩 | G70: [작업 절차] 1. 사전 준비 단계: - 설계 도서 및 시방 기준을 분석하여 검수고 내 가공 전차선(Rigid Bar) 정밀 가설 작업을 위한 현장 실측 및 경계 측량을 수행함. 2. 본 시공 단계: - 천장 빔 고정 브래킷 볼팅 강도 확인 작업을 표준 시공 절차에 준하여 시행하며, 실시간 수평도 및 치수 공차를 관리함. 3. 검사 및 마감 단계: - 알루미늄 T-Bar 조립 및 수평 레벨링(허용 오차 1mm 이내) 시험 및 품질 검사를 실측하고 기준값 만족 여부를 기록함. 구리 전차선 삽입기 가동 및 가설 후 조인트 단차 그라인딩 연마 작업을 거쳐 노면 정리 및 안전 조치를 완료함. [주의사항 (하자이력 연계)] 리지드 바 조인트 단차로 팬터그래프 통과 시 스파크 발생 및 탄소판 이상 마모 | H70: □ 리지드 바 궤도 중심선 평행 정렬 오차(±5mm 이내) □ 전차선 조인트부 단차 실측(0.1mm 이하 합격) □ 팽창 이음장치(Expansion Joint) 신축 갭 설정 확인 [집행단계 리스크 체크사항 (LLBS 연계)] □ 개착 구조물 기초 바닥에 지하수 배제를 위한 맹암거 및 유공관이 반영되었는가? □ 구조물과 흙막이 벽체 사이 여유폭(Working Space) 내에 배수로 설치 공간이 확보되었는가? □ 교량 시공용 대형 크레인(200ton 이상)의 아웃트리거 전개 폭을 고려하여 가교 폭이나 작업대(Staging)가 반영되었는가? □ 항타기 등 대형 장비의 진입로 폭과 회전 반경이 현장 여건(농로, 마을길)과 부합하는가? | I70: 전기/기계 | J70: ● 관련분야 설계기준서 준수 | K70: ● 리지드 바 조인트 단차로 팬터그래프 통과 시 스파크 발생 및 탄소판 이상 마모 리스크를 검토하였는가? | L70: ● 협력사 자문 내용 없음 또는 해당사항 없음
A71: 7000 | B71: 7000-5 | C71: 세차·세륜 설비 및 외곽 부대시설 설치 | D71: 7000-5-1 | E71: 자동 세차기 설비 거치 및 급배수관 연결 | F71: ● KCS 47 50 30 (차량기지 기계 설비) ● 옥외세척고 자동 세차기 설비 앵커링 고정 표준 준수 | G71: [작업 절차] 1. 사전 준비 단계: - 설계 도서 및 시방 기준을 분석하여 자동 세차기 설비 거치 및 급배수관 연결 작업을 위한 현장 실측 및 경계 측량을 수행함. 2. 본 시공 단계: - 세차 설비 베이스 콘크리트 수평 앵커링 작업을 표준 시공 절차에 준하여 시행하며, 실시간 수평도 및 치수 공차를 관리함. 3. 검사 및 마감 단계: - 회전 브러시 모터 및 세차 노즐 설치 시험 및 품질 검사를 실측하고 기준값 만족 여부를 기록함. 급수 압력 조절 밸브 및 배수 필터 장착 테스트 작업을 거쳐 노면 정리 및 안전 조치를 완료함. [주의사항 (하자이력 연계)] 세차 브러시 작동 압력 실측값 미조정으로 세차 중 트램 측면 유리 스크래치 파손 | H71: □ 세차기 프레임 앵커 인장 체결 상태 □ 브러시 가압 조절용 리미트 스위치 동작 확인 □ 급수 배관 접속부 수압 테스트 누수 무 확인 [집행단계 리스크 체크사항 (LLBS 연계)] □ 흙막이 가시설과 본 구조물 사이에 거푸집 설치 및 작업자 이동 공간(최소 1m 이상)이 확보되었는가? □ 교량 시공용 대형 크레인(200ton 이상)의 아웃트리거 전개 폭을 고려하여 가교 폭이나 작업대(Staging)가 반영되었는가? □ 비개착 굴착(TBM, SemiShield) 시 여굴 발생에 대비한 뒷채움 주입 설비가 반영되었는가? □ 공정별 유량 변동폭(Peak시)을 감안하여 펌프 용량 및 예비 펌프가 반영되었는가? | I71: 기계/토목 | J71: ● 관련분야 설계기준서 준수 | K71: ● 세차 브러시 작동 압력 실측값 미조정으로 세차 중 트램 측면 유리 스크래치 파손 리스크를 검토하였는가? | L71: ● 협력사 자문 내용 없음 또는 해당사항 없음
A72: 7000 | B72: 7000-5 | C72: 세차·세륜 설비 및 외곽 부대시설 설치 | D72: 7000-5-2 | E72: 세차 폐수 처리조 설비 설치 및 시운전 | F72: ● 수질 및 수생태계 보전에 관한 법률 ● 세차 폐수 처리 방류수 수질 기준(SS 20ppm 이하, pH 5.8~8.6) 달성 | G72: [작업 절차] 1. 사전 준비 단계: - 설계 도서 및 시방 기준을 분석하여 세차 폐수 처리조 설비 설치 및 시운전 작업을 위한 현장 실측 및 경계 측량을 수행함. 2. 본 시공 단계: - 화학 약품 응집제 정량 펌프 스트로크 튜닝 작업을 표준 시공 절차에 준하여 시행하며, 실시간 수평도 및 치수 공차를 관리함. 3. 검사 및 마감 단계: - 오일 스키머(유분 제거 장치) 유분 배출관 정렬 시험 및 품질 검사를 실측하고 기준값 만족 여부를 기록함. pH, SS 실시간 탁도계 센서 캘리브레이션 및 방류수 채수 검사 작업을 거쳐 노면 정리 및 안전 조치를 완료함. [주의사항 (하자이력 연계)] 폐수 응집제 과소 투입으로 방류수 부유물질(SS) 기준치 초과 지자체 고발 | H72: □ 방류수 수질(SS 20ppm 이하, pH 5.8~8.6) 달성 여부 □ 약품 정량 펌프 주입량 일치 여부 확인 □ 탁도 모니터링 경보 시스템 정상 동작 여부 [집행단계 리스크 체크사항 (LLBS 연계)] □ 교량 시공용 대형 크레인(200ton 이상)의 아웃트리거 전개 폭을 고려하여 가교 폭이나 작업대(Staging)가 반영되었는가? □ 항타기 등 대형 장비의 진입로 폭과 회전 반경이 현장 여건(농로, 마을길)과 부합하는가? □ 공사 기간 산정 시 민원 및 인허가 지연에 따른 여유 공기(Float)가 반영되었는가? □ 배수펌프장 등 필수 운영 시설의 가동 기간이 전체 공사 기간과 연동되어 있는가? | I72: 기계/토목 | J72: ● 관련분야 설계기준서 준수 | K72: ● 폐수 응집제 과소 투입으로 방류수 부유물질(SS) 기준치 초과 지자체 고발 리스크를 검토하였는가? | L72: ● 협력사 자문 내용 없음 또는 해당사항 없음
A73: 9000 시운전 및 인계 (Commissioning & Handover)
A74: 9000 | B74: 9000-1 | C74: 시스템 통합 기능시험 및 확인시험 | D74: 9000-1-1 | E74: 무부하 신호-관제센터 간 패킷 수신 테스트 | F74: ● KCS 47 40 10 (신호 제어 시스템 시운전) ● 본선 안테나 무선 신호 RSSI -75dBm 이상 및 패킷 유실률 0.01% 이하 | G74: [작업 절차] 1. 사전 준비 단계: - 설계 도서 및 시방 기준을 분석하여 무부하 신호-관제센터 간 패킷 수신 테스트 작업을 위한 현장 실측 및 경계 측량을 수행함. 2. 본 시공 단계: - 본선 통신 랙 서버 및 관제 콘솔 기동 작업을 표준 시공 절차에 준하여 시행하며, 실시간 수평도 및 치수 공차를 관리함. 3. 검사 및 마감 단계: - 테스트 패킷 송출 모뎀 세팅 시험 및 품질 검사를 실측하고 기준값 만족 여부를 기록함. 시간당 무선 패킷 유실률(0.01% 이하 목표) 체크 작업을 거쳐 노면 정리 및 안전 조치를 완료함. [주의사항 (하자이력 연계)] 무선 AP 패킷 드롭(Packet Drop)으로 운행 중 트램 위치 소실 관제 화면 먹통 | H74: □ 관제 컴퓨터 무선 통신 수신 패킷 로그 유실 유무 □ 통신 암호화 프로토콜 적용 확인 □ 본선 전 구간 안테나 신호 강도(RSSI -75dBm 이상) 확인 [집행단계 리스크 체크사항 (LLBS 연계)] □ 배수펌프장 등 필수 운영 시설의 가동 기간이 전체 공사 기간과 연동되어 있는가? □ 공사 구간 인근에 진동에 민감한 시설(반도체 공장, 병원, 문화재)이 있는가? □ 지반 조사 데이터(RQD, 탄성파 속도)를 기반으로 진동 전달율을 보수적으로 산정했는가? □ 외기에 노출되거나 동결 심도 내에 위치한 소화배관/소화전에 발열선(Heat Trace)이 반영되었는가? | I74: 전기/신호/통신 | J74: ● 관련분야 설계기준서 준수 | K74: ● 무선 AP 패킷 드롭(Packet Drop)으로 운행 중 트램 위치 소실 관제 화면 먹통 리스크를 검토하였는가? | L74: ● 협력사 자문 내용 없음 또는 해당사항 없음
A75: 9000 | B75: 9000-1 | C75: 시스템 통합 기능시험 및 확인시험 | D75: 9000-1-2 | E75: 변전소 통전 수전 및 전차선DC 가압 테스트 | F75: ● KCS 47 30 10 (변전 전기 설비 시운전) ● 변전소 DC 출력 전압 정밀도(DC 750V +10%/-15% 이내) 확보 | G75: [작업 절차] 1. 사전 준비 단계: - 설계 도서 및 시방 기준을 분석하여 변전소 통전 수전 및 전차선DC 가압 테스트 작업을 위한 현장 실측 및 경계 측량을 수행함. 2. 본 시공 단계: - 한국전력공사 22.9kV 수전 회로 인입 스위치 가동 작업을 표준 시공 절차에 준하여 시행하며, 실시간 수평도 및 치수 공차를 관리함. 3. 검사 및 마감 단계: - 정류기 가동 후 전차선 출력 전압(DC 750V) 실측 시험 및 품질 검사를 실측하고 기준값 만족 여부를 기록함. 보호계전기(OCR/GR) 전류 캘리브레이터 시뮬레이션 트립 시험 작업을 거쳐 노면 정리 및 안전 조치를 완료함. [주의사항 (하자이력 연계)] 보호 계전기 트립 전류 오설정으로 부하 주행 시 전원 차단기 오동작 트립(열차 정전) | H75: □ DC 출력 전압 정밀도(DC 750V +10%/-15% 이내) □ 차단기 긴급 수동 트립 장치 동작 여부 □ 수변전실 접지 설비 일체 저항 측정 및 기준 충족 여부 [집행단계 리스크 체크사항 (LLBS 연계)] □ 구조물과 흙막이 벽체 사이 여유폭(Working Space) 내에 배수로 설치 공간이 확보되었는가? □ 교량 시공용 대형 크레인(200ton 이상)의 아웃트리거 전개 폭을 고려하여 가교 폭이나 작업대(Staging)가 반영되었는가? □ 배수펌프장 등 필수 운영 시설의 가동 기간이 전체 공사 기간과 연동되어 있는가? □ 동바리 높이가 10m를 초과하는 구간에 대해 시스템 동바리가 적용되었는가? | I75: 전기/신호/통신 | J75: ● 관련분야 설계기준서 준수 | K75: ● 보호 계전기 트립 전류 오설정으로 부하 주행 시 전원 차단기 오동작 트립 리스크를 검토하였는가? | L75: ● 협력사 자문 내용 없음 또는 해당사항 없음
A76: 9000 | B76: 9000-2 | C76: 기술시운전 계획 수립 및 관련기관 시험 운행 | D76: 9000-2-1 | E76: 기술시운전 속도별 제동거리 정밀 실측 | F76: ● 철도안전법 시행규칙 제42조 및 KSD 24 10 10 (주행안전성 기준) 준수 ● 트램 성능 설계 최고속도 70km/h 비상 제동거리 실측 | G76: [상세 작업 절차 - 정밀 관리] 1. 실측용 계측 센서 차량 장착: - 테스트 트램 차량에 고정밀 GPS 가속도계, 차륜 회전 펄스 엔코더 및 제동관 압력 센서를 장착함. 선로 측정 시점 및 종점부 노면에 레이저 감지 타겟(Photo-Gate)을 세팅함. 2. 시운전 선로 확보 및 건조 상태 확인: - 시운전 구간 선로 이물질을 고압 진공 살수로 청소하고, 지반 및 노면 상태(건조 상태 확인)를 기록하여 측정 신뢰성을 확보함. 3. 속도 단계별 주행 및 제동 작동: - 트램을 속도 단계별(15km/h, 30km/h, 45km/h 등)로 정속 주행시킨 후, 지정된 제동 시점 마킹 포인트를 통과하는 순간 상용 최대 제동(Full Service Brake) 및 비상 제동(Emergency Brake)을 작동시킴. 4. 제동거리 측정 및 데이터 로깅: - 제동 명령 동작 신호 입력 시점부터 차량이 완전 정지(속도 0 km/h)할 때까지의 실제 이동 거리(제동거리) 및 감속도(m/s2) 데이터를 0.01초 단위로 로깅함. 5. 비상 제동거리 설계 한계값 검증: - 최고 속도(45km/h) 비상 제동 시의 제동거리가 설계 한계값(예: 80m 이하)을 만족하는지 검증하고, 활주방지장치(WSP) 동작 이력을 분석하여 속도별 제동 특성 곡선 검토서를 작성함. [주의사항 (하자이력 연계)] 우천 시 활주방지장치(WSP) 반응 지연으로 비상 제동거리 설계치 초과, 충돌 위험 | H76: □ 속도별 비상제동 거리 설계 기준 이내 확보 확인 □ 활주 발생 시 WSP 동작 타임랙 분석 통과 □ 데이터 분석 보고서 기술지원팀 최종 서명 완료 [집행단계 리스크 체크사항 (LLBS 연계)] □ 공사 기간 산정 시 민원 및 인허가 지연에 따른 여유 공기(Float)가 반영되었는가? □ 공기 연장 시 고정적으로 지출되는 품질/안전 관리자 인건비 및 차량 유지비가 산출되었는가? □ 공사 구간 인근에 진동에 민감한 시설(반도체 공장, 병원, 문화재)이 있는가? □ 지반 조사 데이터(RQD, 탄성파 속도)를 기반으로 진동 전달율을 보수적으로 산정했는가? | I76: 토목/전기 | J76: ● 관련분야 설계기준서 준수 | K76: ● 우천 시 활주방지장치(WSP) 반응 지연으로 비상 제동거리 설계치 초과, 충돌 위험 리스크를 검토하였는가? | L76: ● 협력사 자문 내용 없음 또는 해당사항 없음
A77: 9000 | B77: 9000-2 | C77: 기술시운전 계획 수립 및 관련기관 시험 운행 | D77: 9000-2-2 | E77: 궤도-차량 동적 거동 승차감 진동 측정 | F77: ● ISO 2631 (전신 진동에 대한 인체 노출 평가 기준) ● 궤도-차량 간 주행시 3축 가속도 측정기 기준 승차감 지수 Wz 2.5 이하 | G77: [상세 작업 절차 - 정밀 관리] 1. 승차감 진동 센서 장착: - 테스트 트램 차량의 차체 중앙부 바닥면(Passenger Floor) 및 대차 프레임(Bogey Frame)에 고정밀 3축 가속도 센서(측정 범위 ±2g, 분해능 0.001g)를 리지드 나사 체결 장착함. 2. 노선 선형 정보 및 계측기 동기화: - 계측 시스템의 타임스탬프와 차량 내 GPS 선로 마커를 동기화하여, 진동 발생 위치가 곡선부/분기기부 등 어느 선로 기하 구조에 해당하는지 추적 매핑되도록 설정함. 3. 주행 속도 프로파일 실행: - 대상 구간을 노선 규정 한계 속도 프로파일에 맞춰 주행함. 주행 중 발생하는 수직, 수평, 진행 방향 3축의 가속도 시계열 데이터를 200 Hz 이상의 샘플링 레이트로 로깅 기록함. 4. ISO 2631 승차감 지수 계산: - 획득된 가속도 진동 데이터에 인간 진동 반응 필터(주파수 가중 필터 Wd, Wk)를 통과시켜 실효값(RMS)을 구하고, ISO 2631 규격에 따른 주행 승차감 평가 지수(Comfort Index: 예, 0.315 m/s2 이하 'Very Comfortable')를 산출함. 5. 궤도 기하 상태 분석 및 피드백: - 곡선 진입부 완화곡선 캔트 경사부 등에서 승차감 한계값(가속도 급변 대역)을 초과한 지점을 궤도 중심선 오차 또는 종단 경사 오차 지점과 매핑하여, 궤도 정밀 연마 및 다짐 보정이 필요한 불량 구간 피드백 리포트를 발행함. [주의사항 (하자이력 연계)] 곡선 진입부 횡가속도 허용치 초과로 승차감 지수 불합격, 재운행 시운전 명령 | H77: □ 3축 가속도계 센서 캘리브레이션 유효기간 확인 □ 승차감 지수(Wz 2.5 이하) 만족 완료 여부 □ 곡선 탈출 시 급격한 횡진동 가속도 피크 값 검출 유무 [집행단계 리스크 체크사항 (LLBS 연계)] □ 공사 기간 산정 시 민원 및 인허가 지연에 따른 여유 공기(Float)가 반영되었는가? □ 공기 연장 시 고정적으로 지출되는 품질/안전 관리자 인건비 및 차량 유지비가 산출되었는가? □ 도심지/운행선 인접 구간 암파쇄 공법이 '미진동'이 아닌 '무진동'으로 반영되었는가? □ 민원 발생 시 공법 변경에 따른 공기 지연 리스크를 고려했는가? | I77: 토목/전기 | J77: ● 관련분야 설계기준서 준수 | K77: ● 곡선 진입부 횡가속도 허용치 초과로 승차감 지수 불합격, 재운행 시운전 명령 리스크를 검토하였는가? | L77: ● 협력사 자문 내용 없음 또는 해당사항 없음
A78: 9000 | B78: 9000-3 | C78: 영업시운전 및 관련기관 시험 운행 | D78: 9000-3-1 | E78: 영업시운전 100회 정시 운행(Scheduled Run) 테스트 | F78: ● 도시철도법 제19조 및 철도종합시험운행 시행지침 ● 모의 영업 시나리오 기반 100회 정시 운행 성공률 99.8% 이상 확보 | G78: [작업 절차] 1. 사전 준비 단계: - 설계 도서 및 시방 기준을 분석하여 영업시운전 100회 정시 운행(Scheduled Run) 테스트 작업을 위한 현장 실측 및 경계 측량을 수행함. 2. 본 시공 단계: - 실제 영업 시간표와 동일한 반복 주행 패턴 컴퓨터 셋업 작업을 표준 시공 절차에 준하여 시행하며, 실시간 수평도 및 치수 공차를 관리함. 3. 검사 및 마감 단계: - 각 정거장 정차 시간(20초) 준수 및 문 열림 연동 확인 시험 및 품질 검사를 실측하고 기준값 만족 여부를 기록함. 일일 지연 시간 분석 및 누적 정시성 평가 수행 작업을 거쳐 노면 정리 및 안전 조치를 완료함. [주의사항 (하자이력 연계)] 정거장 정차 시간 마진 설정 오류로 누적 지연 발생, 피크 시간대 배차 간격 붕괴 | H78: □ 정시 운행 성공률(99.8% 이상) 확인 □ 고장 모의 상황 시 자동 우회 패킷 전송 확인 □ 영업 시운전 일지 소장 최종 결재 확보 완료 [집행단계 리스크 체크사항 (LLBS 연계)] □ 공기 연장 시 고정적으로 지출되는 품질/안전 관리자 인건비 및 차량 유지비가 산출되었는가? □ 운행선 인접 공사의 작업 가능 시간(차단 시간)을 고려하여 공기가 산정되었는가? □ 공사 구간 인근에 진동에 민감한 시설(반도체 공장, 병원, 문화재)이 있는가? □ 지반 조사 데이터(RQD, 탄성파 속도)를 기반으로 진동 전달율을 보수적으로 산정했는가? | I78: 토목/전기전문 | J78: ● 관련분야 설계기준서 준수 | K78: ● 정거장 정차 시간 마진 설정 오류로 누적 지연 발생, 피크 시간대 배차 간격 붕괴 리스크를 검토하였는가? | L78: ● 협력사 자문 내용 없음 또는 해당사항 없음
A79: 9000 | B79: 9000-4 | C79: 최종 검측 및 준공도서 작성·인계 준비 | D79: 9000-4-1 | E79: 전 구간 준공도면(As-Built) CAD 실측 정밀 검증 | F79: ● KCS 11 10 05 (건설사업 준공 처리 지침) ● As-Built 준공도면 측량 오차 범위(±30mm 이내) 충족 | G79: [작업 절차] 1. 사전 준비 단계: - 설계 도서 및 시방 기준을 분석하여 전 구간 준공도면(As-Built) CAD 실측 정밀 검증 작업을 위한 현장 실측 및 경계 측량을 수행함. 2. 본 시공 단계: - 현장 실측 좌표와 CAD 도면 간 일치 검증 작업을 표준 시공 절차에 준하여 시행하며, 실시간 수평도 및 치수 공차를 관리함. 3. 검사 및 마감 단계: - 지하시설물 종횡단면 매설 깊이 표기 일치 확인 시험 및 품질 검사를 실측하고 기준값 만족 여부를 기록함. 준공 도서 PDF 파일 내 텍스트 검색 정보 링크 확인 작업을 거쳐 노면 정리 및 안전 조치를 완료함. [주의사항 (하자이력 연계)] 지장물 임시 이설 후 최종 복구 도면 미반영으로 타사 타공사 시 이설관 파손 | H79: □ 실측 좌표 오차(±30mm 이내) 도면 반영 여부 □ 지하매설물 공동 관리기관 승인 도장 확인 □ 준공 CD 및 준공 보고서 서류 일체 정합성 [집행단계 리스크 체크사항 (LLBS 연계)] □ 교량 시공용 대형 크레인(200ton 이상)의 아웃트리거 전개 폭을 고려하여 가교 폭이나 작업대(Staging)가 반영되었는가? □ 기초 터파기 구간의 지반 조건(연약지반)을 고려할 때 사면 경사를 유지할 부지가 충분한가? □ 흙막이 앵커가 인접 사유지를 침범하는지 지적도와 대조하고, 침범 시 보상비 또는 제거식 앵커 비용을 반영했는가? □ 시종점 및 작업구 위치 하부의 지장물(송전선, 가스관) 매설 현황을 지장물도와 대조했는가? | I79: 전기전문 | J79: ● 관련분야 설계기준서 준수 | K79: ● 지장물 임시 이설 후 최종 복구 도면 미반영으로 타사 타공사 시 이설관 파손 리스크를 검토하였는가? | L79: ● 협력사 자문 내용 없음 또는 해당사항 없음
A80: 9000 | B80: 9000-5 | C80: 최종 준공검사 및 운영기관 Handover | D80: 9000-5-1 | E80: 최종 운영기관 인계 인수서 날인 및 키 핸드오버 | F80: ● 발주처 국유재산 인계인수 지침 및 핸드오버 매뉴얼 규정 | G80: [작업 절차] 1. 사전 준비 단계: - 설계 도서 및 시방 기준을 분석하여 최종 운영기관 인계 인수서 날인 및 키 핸드오버 작업을 위한 현장 실측 및 경계 측량을 수행함. 2. 본 시공 단계: - 현장 설비 일체 마스터 키 및 보안 출입증 리스트 정리 작업을 표준 시공 절차에 준하여 시행하며, 실시간 수평도 및 치수 공차를 관리함. 3. 검사 및 마감 단계: - 예비품 자재 창고 재고 실사 및 인수자 서명 시험 및 품질 검사를 실측하고 기준값 만족 여부를 기록함. 최종 준공검사 필증 동봉 합동 핸드오버 협약서 날인 작업을 거쳐 노면 정리 및 안전 조치를 완료함. [주의사항 (하자이력 연계)] 장비 예비 부품 대장 수량 불일치로 인수거부 발생, 하자 관리 기간 개시 지연 | H80: □ 마스터 키 일체 및 보안 장비 인수인계 대장 대조 완료 □ 예비 부품 실물 확인 및 전산 입력 매칭 확인 □ 최종 인수 서명 날인 원본 서류 3부 분산 보관 | I80: 전기전문 | J80: ● 관련분야 설계기준서 준수 | K80: ● 장비 예비 부품 대장 수량 불일치로 인수거부 발생, 하자 관리 기간 개시 지연 리스크를 검토하였는가? | L80: ● 협력사 자문 내용 없음 또는 해당사항 없음

Sheet 지반조사
A1: L2 코드 | B1: L3 코드 | C1: L3 대공종명 | D1: L4 코드 | E1: 일정 (D-Day) | F1: 작업단위 (Level 4 Task/Activity) | G1: 주관 | H1: 협업부서 | I1: 목적 | J1: 방법 | K1: 산출물(결과) | L1: 표준서 (Standard) 요약 | M1: 표준서 파일 (HTML) | N1: 수행지침 (Guideline) 요약 | O1: 수행지침 파일 (HTML) | P1: 체크리스트 (Checklist) 요약 | Q1: 체크리스트 파일 (HTML)
A2: 9000 | B2: 9000-0 | C2: 사전준비_지반조사 | D2: 9000-0-1 | E2: 사전영업 | F2: 발주처 계획 입수(비공식) | G2: 토목사업팀 | H2: 지반조사업체, 외부지질전문가 3인이상 | I2: 발주처 기본계획 사전 검토 | J2: • 조사설계 용역 기본계획 도서 확보 여부 확인 • 핵심이슈 (미시추 사유, 지층/암반등급 조정여부 등) 확보 여부 확인 • 사업지 연접 지질/지반조사 자료 확보 여부 확인 | K2: 발주처 기본계획 보고서 | L2: 발주처 기본계획 사전 검토 | 발주처 기본계획 보고서 | M2: 👉 [더블클릭] 표준서 열기 📄 | N2: • 조사설계 용역 기본계획 도서 확보 여부 확인 • 핵심이슈 (미시추 사유, 지층/암반등급 조정여부 등) 확보 여부 확인 • 사업지 연접 지질/지반조사 자료 확보 여부 확인 | O2: 👉 [더블클릭] 수행지침 열기 📄 | P2: 1) 발주처 계획 입수(비공식) 적정성을 확인하였는가? 2) 발주처 기본계획 보고서 산출물을 확보하였는가? | Q2: 👉 [더블클릭] 체크리스트 열기 📄
A3: 9000 | B3: 9000-0 | C3: 사전준비_지반조사 | D3: 9000-0-2 | E3: 사전영업 | F3: 관심프로젝트 선정 | G3: 토목사업팀 | H3: 포스코스마트엔지니어링팀 | I3: 입수된 발주정보 평가를 통한 관심 Project 선정 | J3: • 해당 프로젝트별 발주처/경쟁동향 / 사업성평가 수행 • 기술형입찰 입찰참여 Guide Line으로 해당 프로젝트 평가 | K3: 관심사업 List | L3: 입수된 발주정보 평가를 통한 관심 Project 선정 | 관심사업 List | M3: 👉 [더블클릭] 표준서 열기 📄 | N3: • 해당 프로젝트별 발주처/경쟁동향 / 사업성평가 수행 • 기술형입찰 입찰참여 Guide Line으로 해당 프로젝트 평가 | O3: 👉 [더블클릭] 수행지침 열기 📄 | P3: 1) 관심프로젝트 선정 적정성을 확인하였는가? 2) 관심사업 List 산출물을 확보하였는가? | Q3: 👉 [더블클릭] 체크리스트 열기 📄
A4: 9000 | B4: 9000-0 | C4: 사전준비_지반조사 | D4: 9000-0-3 | E4: 사전영업 | F4: 발주처 지반조사 모니터링 | G4: 포스코스마트엔지니어링팀 | H4: 토목사업팀 | I4: 발주처 지반조사 수립업체 파악 | J4: • 발주처 지반조사업체 확인 후 당사 Pool List와 비교 • 발주처 지반조사 업체 확인팀 Contact Point 확보 | K4: 발주처 기본계획 수행 List + Contact Point List | L4: 발주처 지반조사 수립업체 파악 | 발주처 기본계획 수행 List + Contact Point List | M4: 👉 [더블클릭] 표준서 열기 📄 | N4: • 발주처 지반조사업체 확인 후 당사 Pool List와 비교 • 발주처 지반조사 업체 확인팀 Contact Point 확보 | O4: 👉 [더블클릭] 수행지침 열기 📄 | P4: 1) 발주처 지반조사 모니터링 적정성을 확인하였는가? 2) 발주처 기본계획 수행 List + Contact Point List 산출물을 확보하였는가? | Q4: 👉 [더블클릭] 체크리스트 열기 📄
A5: 9000 | B5: 9000-0 | C5: 사전준비_지반조사 | D5: 9000-0-4 | E5: 매년 1분기 | F5: 외부 지질전문가 Pool 관리 | G5: 포스코스마트엔지니어링팀 | H5: - | I5: 지반조사 품질향상을 위한 제3자 검증 수행 지반조사 전문가 Pool 관리 | J5: • Academic 전문가와 현장 전문가를 포함한 Pool 구성 • 전문가 Pool의 학력/기술사 등 경력사항(조사 15년) 확인 | K5: 외부지질전문가 Pool List | L5: 지반조사 품질향상을 위한 제3자 검증 수행 지반조사 전문가 Pool 관리 | 외부지질전문가 Pool List | M5: 👉 [더블클릭] 표준서 열기 📄 | N5: • Academic 전문가와 현장 전문가를 포함한 Pool 구성 • 전문가 Pool의 학력/기술사 등 경력사항(조사 15년) 확인 | O5: 👉 [더블클릭] 수행지침 열기 📄 | P5: 1) 외부 지질전문가 Pool 관리 적정성을 확인하였는가? 2) 외부지질전문가 Pool List 산출물을 확보하였는가? | Q5: 👉 [더블클릭] 체크리스트 열기 📄
A6: 9000 | B6: 9000-0 | C6: 사전준비_지반조사 | D6: 9000-0-5 | E6: 매년 1분기 | F6: 지반조사 Pool 관리 | G6: 외주구매팀 | H6: 포스코스마트엔지니어링팀 | I6: 발주처 계획 대응 및 개략 지반조사 결과 사전 예측을 위한 업체 관리 | J6: • 공공기관별 입찰공고 모니터링 통한 지반조사업체 입찰참여 유치(입찰 공사 여부 확인) • 업체 Pool List 갱신 여부 확인 • 지반조사업체 역량 및 기술수준 평가표 평가 여부 확인 (Pool 갱신 및 신규업체 등록) • 조사업체 강점, 장비보유 확인 • 조사업체 Network 확보 여부 확인 | K6: 조사업체 POOL/필요시 Update | L6: 발주처 계획 대응 및 개략 지반조사 결과 사전 예측을 위한 업체 관리 | 조사업체 POOL/필요시 Update | M6: 👉 [더블클릭] 표준서 열기 📄 | N6: • 공공기관별 입찰공고 모니터링 통한 지반조사업체 입찰참여 유치(입찰 공사 여부 확인) • 업체 Pool List 갱신 여부 확인 • 지반조사업체 역량 및 기술수준 평가표 평가 여부 확인 (Pool 갱신 및 신규업체... | O6: 👉 [더블클릭] 수행지침 열기 📄 | P6: 1) 지반조사 Pool 관리 적정성을 확인하였는가? 2) 조사업체 POOL/필요시 Update 산출물을 확보하였는가? | Q6: 👉 [더블클릭] 체크리스트 열기 📄
A7: 9000 | B7: 9000-0 | C7: 사전준비_지반조사 | D7: 9000-0-6 | E7: D-210 ~ D-180 | F7: 기본계획 지반조사 자료 및 R/O 정보 입수 | G7: 지반조사 협력업체 | H7: 설계 협력업체 | I7: 발주처 기본계획 및 지반조사 결과 사전 획득 | J7: • 기본계획 지반조사결과 및 실시설계 Contact을 통한 자료입수 | K7: 발주처 기본계획 보고서 및 지반조사 보고서(비공식) | L7: 발주처 기본계획 및 지반조사 결과 사전 획득 | 발주처 기본계획 보고서 및 지반조사 보고서(비공식) | M7: 👉 [더블클릭] 표준서 열기 📄 | N7: • 기본계획 지반조사결과 및 실시설계 Contact을 통한 자료입수 | O7: 👉 [더블클릭] 수행지침 열기 📄 | P7: 1) 기본계획 지반조사 자료 및 R/O 정보 입수 적정성을 확인하였는가? 2) 발주처 기본계획 보고서 및 지반조사 보고서(비공식) 산출물을 확보하였는가? | Q7: 👉 [더블클릭] 체크리스트 열기 📄
A8: 9000 | B8: 9000-0 | C8: 사전준비_지반조사 | D8: 9000-0-7 | E8: D-180 ~ D-165 | F8: 기본계획 지반조사 R/O 검토 (설계, 공정, 기획) | G8: 포스코스마트엔지니어링팀(설계), 토목수행팀(공정), 토목사업지원팀(기획) | H8: 토목견적팀 | I8: 발주처 기본계획 지반조사 문제점 검토 | J8: • 시추조사 위치, 수량 적정성 검토 • 지질이상 구간 상세 조사 여부 및 적정성 검토 확인 • 미시추 구간 지반 특성 적정성 검토확인 (측점 검토, 위치 및 물량검토) • 인근 사업 지반조사자료 비교 통해 당사 지반특성 분석 결과 Cross-check 확인 | K8: 기본계획 지반조사 검토서(설계, 공정, 기획) | L8: 발주처 기본계획 지반조사 문제점 검토 | 기본계획 지반조사 검토서(설계, 공정, 기획) | M8: 👉 [더블클릭] 표준서 열기 📄 | N8: • 시추조사 위치, 수량 적정성 검토 • 지질이상 구간 상세 조사 여부 및 적정성 검토 확인 • 미시추 구간 지반 특성 적정성 검토확인 (측점 검토, 위치 및 물량검토) • 인근 사업 지반조사자료 비교 통해 당사 지... | O8: 👉 [더블클릭] 수행지침 열기 📄 | P8: 1) 기본계획 지반조사 R/O 검토 (설계, 공정, 기획) 적정성을 확인하였는가? 2) 기본계획 지반조사 검토서(설계, 공정, 기획) 산출물을 확보하였는가? | Q8: 👉 [더블클릭] 체크리스트 열기 📄
A9: 9000 | B9: 9000-0 | C9: 사전준비_지반조사 | D9: 9000-0-8 | E9: D-165 ~ D-150 | F9: 기본계획 지반조사 R/O 종합검토 (원가) | G9: 토목견적팀 | H9: 포스코스마트엔지니어링팀(설계), 토목수행팀(공정), 토목사업지원팀(기획) | I9: 발주처 지반조사 문제점 R/O 분석 | J9: • 발주처 기본계획 지반조사 R/O별 Cost effect 분석 | K9: 기본계획 지반조사 개략 검토서 | L9: 발주처 지반조사 문제점 R/O 분석 | 기본계획 지반조사 개략 검토서 | M9: 👉 [더블클릭] 표준서 열기 📄 | N9: • 발주처 기본계획 지반조사 R/O별 Cost effect 분석 | O9: 👉 [더블클릭] 수행지침 열기 📄 | P9: 1) 기본계획 지반조사 R/O 종합검토 (원가) 적정성을 확인하였는가? 2) 기본계획 지반조사 개략 검토서 산출물을 확보하였는가? | Q9: 👉 [더블클릭] 체크리스트 열기 📄
A10: 9000 | B10: 9000-0 | C10: 사전준비_지반조사 | D10: 9000-0-9 | E10: D-150 ~ D-135 | F10: 지반조사 업체 선정 | G10: 일반구매팀 | H10: 포스코스마트엔지니어링팀 | I10: 지반조사업체 Pool 내 최적의 업체 선정 | J10: • 지반조사업체 Pool/실적 검토 및 공종별 적합성 정합 및 견적 본부 연계 검토 | K10: 지반조사 입찰 참여 Pool | L10: 지반조사업체 Pool 내 최적의 업체 선정 | 지반조사 입찰 참여 Pool | M10: 👉 [더블클릭] 표준서 열기 📄 | N10: • 지반조사업체 Pool/실적 검토 및 공종별 적합성 정합 및 견적 본부 연계 검토 | O10: 👉 [더블클릭] 수행지침 열기 📄 | P10: 1) 지반조사 업체 선정 적정성을 확인하였는가? 2) 지반조사 입찰 참여 Pool 산출물을 확보하였는가? | Q10: 👉 [더블클릭] 체크리스트 열기 📄
A11: 9000 | B11: 9000-0 | C11: 사전준비_지반조사 | D11: 9000-0-10 | E11: D-135 ~ D-120 | F11: 지반조사 업체 계약 | G11: 일반구매팀 | H11: 포스코스마트엔지니어링팀 | I11: 지반조사업체 용역 계약 | J11: • 일반구매시스템을 이용한 용역계약 | K11: 지반조사 용역 계약서 | L11: 지반조사업체 용역 계약 | 지반조사 용역 계약서 | M11: 👉 [더블클릭] 표준서 열기 📄 | N11: • 일반구매시스템을 이용한 용역계약 | O11: 👉 [더블클릭] 수행지침 열기 📄 | P11: 1) 지반조사 업체 계약 적정성을 확인하였는가? 2) 지반조사 용역 계약서 산출물을 확보하였는가? | Q11: 👉 [더블클릭] 체크리스트 열기 📄
A12: 9000 | B12: 9000-0 | C12: 사전준비_지반조사 | D12: 9000-0-11 | E12: D-135 ~ D-115 | F12: 지반조사 항목, 수량 및 위치검토 | G12: 포스코스마트엔지니어링팀 | H12: 지반조사업체 | I12: 프로젝트 정합에 부합하는 지반조사 항목 사전조사 수행, 위치 선정 | J12: • 현장답사 수행 • 공종별 실시설계에 준하여 수량 및 위치 검토 | K12: 지반조사 계획서 | L12: 프로젝트 정합에 부합하는 지반조사 항목 사전조사 수행, 위치 선정 | 지반조사 계획서 | M12: 👉 [더블클릭] 표준서 열기 📄 | N12: • 현장답사 수행 • 공종별 실시설계에 준하여 수량 및 위치 검토 | O12: 👉 [더블클릭] 수행지침 열기 📄 | P12: 1) 지반조사 항목, 수량 및 위치검토 적정성을 확인하였는가? 2) 지반조사 계획서 산출물을 확보하였는가? | Q12: 👉 [더블클릭] 체크리스트 열기 📄
... A37: 9000 | B37: 9000-0 | C37: 사전준비_지반조사 | D37: 9000-0-36 | E37: - ~ - | F37: 매뉴얼 Update | G37: 혁신실장 | H37: 현장 공무팀 | I37: 지반조사 매뉴얼 Update | J37: • 매뉴얼 Update 및 개정사항 사내공지 | K37: 지반조사 매뉴얼 | L37: 지반조사 매뉴얼 Update | 지반조사 매뉴얼 | M37: 👉 [더블클릭] 표준서 열기 📄 | N37: • 매뉴얼 Update 및 개정사항 사내공지 | O37: 👉 [더블클릭] 수행지침 열기 📄 | P37: 1) 매뉴얼 Update 적정성을 확인하였는가? 2) 지반조사 매뉴얼 산출물을 확보하였는가? | Q37: 👉 [더블클릭] 체크리스트 열기 📄

Sheet 지반조사(원본서식)
A1: ■ 매뉴얼_공통_사전준비_지반조사(기술형)
A2: No. | B2: Process | C2: 시점(When) | E2: 목적(Why) | F2: Activity 방법(How) | G2: 주관부서(Who) | H2: 협업부서 | I2: 산출물(What) | J2: 수행지침 | K2: 표준서
C3: Start | D3: Finish
A4: 공통_사전준비_지반조사(기술형)
B5: 발주처 계획 입수(비공식) | C5: 사전영업 | E5: 발주처 기본계획 사전 검토 | F5: • 조사설계 용역 기본계획 도서 확보 여부 확인 • 핵심이슈 (미시추 사유, 지층/암반등급 조정여부 등) 확보 여부 확인 • 사업지 연접 지질/지반조사 자료 확보 여부 확인 | G5: 토목사업팀 | H5: 지반조사업체, 외부지질전문가 3인이상 | I5: 발주처 기본계획 보고서
B6: 관심프로젝트 선정 | C6: 사전영업 | E6: 입수된 발주정보 평가를 통한 관심 Project 선정 | F6: • 해당 프로젝트별 발주처/경쟁동향 / 사업성평가 수행 • 기술형입찰 입찰참여 Guide Line으로 해당 프로젝트 평가 | G6: 토목사업팀 | H6: 포스코스마트엔지니어링팀 | I6: 관심사업 List
A7: 1 | B7: 발주처 지반조사 모니터링 | C7: 사전영업 | E7: 발주처 지반조사 수립업체 파악 | F7: • 발주처 지반조사업체 확인 후 당사 Pool List와 비교 • 발주처 지반조사 업체 확인팀 Contact Point 확보 | G7: 포스코스마트엔지니어링팀 | H7: 토목사업팀 | I7: 발주처 기본계획 수행 List + Contact Point List
A8: 2 | B8: 외부 지질전문가 Pool 관리 | C8: 매년 1분기 | E8: 지반조사 품질향상을 위한 제3자 검증 수행 지반조사 전문가 Pool 관리 | F8: • Academic 전문가와 현장 전문가를 포함한 Pool 구성 • 전문가 Pool의 학력/기술사 등 경력사항(조사 15년) 확인 | G8: 포스코스마트엔지니어링팀 | H8: - | I8: 외부지질전문가 Pool List
A9: 3 | B9: 지반조사 Pool 관리 | C9: 매년 1분기 | E9: 발주처 계획 대응 및 개략 지반조사 결과 사전 예측을 위한 업체 관리 | F9: • 공공기관별 입찰공고 모니터링 통한 지반조사업체 입찰참여 유치(입찰 공사 여부 확인) • 업체 Pool List 갱신 여부 확인 • 지반조사업체 역량 및 기술수준 평가표 평가 여부 확인 (Pool 갱신 및 신규업체 등록) • 조사업체 강점, 장비보유 확인 • 조사업체 Network 확보 여부 확인 | G9: 외주구매팀 | H9: 포스코스마트엔지니어링팀 | I9: 조사업체 POOL/필요시 Update
B10: 기본계획 지반조사 자료 및 R/O 정보 입수 | C10: D-210 | D10: D-180 | E10: 발주처 기본계획 및 지반조사 결과 사전 획득 | F10: • 기본계획 지반조사결과 및 실시설계 Contact을 통한 자료입수 | G10: 지반조사 협력업체 | H10: 설계 협력업체 | I10: 발주처 기본계획 보고서 및 지반조사 보고서(비공식)
B11: 기본계획 지반조사 R/O 검토 (설계, 공정, 기획) | C11: D-180 | D11: D-165 | E11: 발주처 기본계획 지반조사 문제점 검토 | F11: • 시추조사 위치, 수량 적정성 검토 • 지질이상 구간 상세 조사 여부 및 적정성 검토 확인 • 미시추 구간 지반 특성 적정성 검토확인 (측점 검토, 위치 및 물량검토) • 인근 사업 지반조사자료 비교 통해 당사 지반특성 분석 결과 Cross-check 확인 | G11: 포스코스마트엔지니어링팀(설계), 토목수행팀(공정), 토목사업지원팀(기획) | H11: 토목견적팀 | I11: 기본계획 지반조사 검토서(설계, 공정, 기획)
A12: 4 | B12: 기본계획 지반조사 R/O 종합검토 (원가) | C12: D-165 | D12: D-150 | E12: 발주처 지반조사 문제점 R/O 분석 | F12: • 발주처 기본계획 지반조사 R/O별 Cost effect 분석 | G12: 토목견적팀 | H12: 포스코스마트엔지니어링팀(설계), 토목수행팀(공정), 토목사업지원팀(기획) | I12: 기본계획 지반조사 개략 검토서
A13: 5 | B13: 지반조사 업체 선정 | C13: D-150 | D13: D-135 | E13: 지반조사업체 Pool 내 최적의 업체 선정 | F13: • 지반조사업체 Pool/실적 검토 및 공종별 적합성 정합 및 견적 본부 연계 검토 | G13: 일반구매팀 | H13: 포스코스마트엔지니어링팀 | I13: 지반조사 입찰 참여 Pool
B14: 지반조사 업체 계약 | C14: D-135 | D14: D-120 | E14: 지반조사업체 용역 계약 | F14: • 일반구매시스템을 이용한 용역계약 | G14: 일반구매팀 | H14: 포스코스마트엔지니어링팀 | I14: 지반조사 용역 계약서
A15: 6 | B15: 지반조사 항목, 수량 및 위치검토 | C15: D-135 | D15: D-115 | E15: 프로젝트 정합에 부합하는 지반조사 항목 사전조사 수행, 위치 선정 | F15: • 현장답사 수행 • 공종별 실시설계에 준하여 수량 및 위치 검토 | G15: 포스코스마트엔지니어링팀 | H15: 지반조사업체 | I15: 지반조사 계획서
A16: 7 | B16: 지반조사계획 적정성 심사의뢰 | C16: D-115 | D16: D-105 | E16: 지반조사 항목, 수량 및 위치 적정성 검토 | F16: • 지반조사 계획서 검토 및 검토 | G16: 외부지질전문가 3인 이상 | H16: 포스코스마트엔지니어링팀 | I16: 지반조사계획 의견서
B17: 지반조사 인허가 | C17: D-135 | D17: D-100 | E17: 지반조사 수행을 위한 인허가 승인 | F17: • 산지일시사용 신고(사업계획서, 지형도, 산지일시사용예정실측도, 복구계획서, 복지봉투) • 굴착행위 신고(굴착행위신고서, 위치 또는 평면도, 원상복구계획서, 토지사용 승낙서) • 하천점용 허가(위치도, 이해관계인 동의서, 수리계산서, 하천점용등, 사업자등록증) | G17: 지반조사업체 | H17: 포스코스마트엔지니어링팀 | I17: 인허가 서류
B18: 지반조사 항목, 수량 및 위치 보완 | C18: D-105 | D18: D-100 | E18: 외부지질전문가 의견을 반영한 지반조사 계획 확정 | F18: • 외부지질전문가 지반조사 의견 검토 • 입찰설계 지반조사 계획 보완 | G18: 포스코스마트엔지니어링팀 | H18: 외부지질전문가 3인 이상, 지반조사업체 | I18: 지반조사 용역 계약서
A19: 8 | B19: 지반조사 수행 | C19: D-100 | D19: D-50 | E19: 과업구간 지반여건 상세 파악 | F19: • 물리탐사 수행(전기 비저항, 탄성파탐사 등) • 시추조사 및 현장 시험 수행(공내재하시험, 실내전단시험 등) • 실내시험 수행(요동시험, 입도시험 등) | G19: 지반조사업체 | H19: 포스코스마트엔지니어링팀 | I19: 지반조사 보고서, 시추 Core 및 샘플
A20: 9 | B20: 지반조사 수렴 결과 분석 | C20: D-50 | D20: D-40 | E20: 지반조사 결과 오류 및 지반정수의 적합성 검토 | F20: • 입찰설계 지반조사 보고서 검토 • 시추조사 위치 및 심도의 적정성 검토 • 실내시험 결과 등급 적정성 검토 • 실시설계시 추가지반조사 필요구간 검토 | G20: 외부지질전문가 3인 이상 | H20: 포스코스마트엔지니어링팀, 지반조사업체 | I20: 지반조사 결과 분석 의견서
B21: 입찰설계 지반조사 R/O 검토 (설계, 원가, 공정, 기타) | C21: D-40 | D21: D-30 | E21: 입찰설계 지반조사 결과에 따른 직분야 R/O 및 Cost impact 반영 사항 검토 | F21: • 입찰설계 지반조사 결과 분석을 통한 원가 및 공정 영향 검토 • 미시추 구간 평가 및 공정 Risk 반영 사항 검토 • 지반조건을 고려한 발파공법성 여부 검토 | G21: 토목견적팀(원가), 토목수행팀(공정), 토목사업지원팀(기획) | H21: 포스코스마트엔지니어링팀 | I21: 입찰설계 지반조사 검토서(설계, 원가, 공정, 기타)
A22: 10 | B22: 지반조사 결과 R/O 종합검토 | C22: D-40 | D22: D-30 | E22: 원가 및 공정 검토 결과에 따른 입찰설계 R/O 최종 확정 | F22: • 입찰설계 지반조사 R/O별 Cost effect 분석 • 유사사업 L/L 분석, R/P 검토를 통한 실시설계시 고려사항 검토 | G22: 포스코스마트엔지니어링팀 | H22: 토목견적팀(원가), 토목수행팀(공정), 토목사업지원팀(기획) | I22: 입찰설계 R/O 검토서
B23: REM 수립 | C23: D-30 | D23: D-20 | E23: REM 차트 작성(회사의 Core Risk, T/C 공정검토 결과, 경쟁사 동향, 발주 경향) 및 보고 | F23: • Risk Profiling/Merge 방안 검토 • 공정 착공성 검토 및 T/C 검토 • 설계차별화 및 Idea Frame 검토 | G23: 포스코스마트엔지니어링팀 | H23: 토목견적팀, 토목사업지원팀 | I23: REM 회의록
A24: 11 | B24: 추가지반조사 계획 수립 | C24: D-30 | D24: D-15 | E24: R/O 분석 결과에 기반한 추가지반조사 항목 도출 | F24: • 지반조사 수렴 결과 분석보고서 검토 • 지반조사 결과 R/O 종합검토 결과 검토 | G24: 포스코스마트엔지니어링팀 | H24: 토목견적팀(원가), 토목수행팀(공정), 토목사업지원팀(기획) | I24: 추가지반조사 List
B25: 3D GPR탐사 장비 사양(차량형) 검토 | C25: D-15 | D25: D-7 | E25: 적정 추가지반조사 규명을 위한 장비 사양 검토 | F25: • 3D GPR탐사 장비 사양(차량형) - 3D Radar(노르웨이)_200~3000Hz, 2.0m~3.0m : 하상도 높음 - MIRA(스웨덴)_400~1300Hz, 1.0m~2.0m : 정밀한 입체 형상 - StreamC(이탈리아)_200~600Hz, 1.5m~3.0m : 다양한 심도, 공동 탐지 - VGPR(호주)_100~4000Hz, 2.0m~3.0m : 고속주행 데이터 획득 - Road 3D(한국)_200~3000Hz, 2.0m~3.0m : 하상도 높음, 유용특화 | G25: 현장 공무팀 | H25: 현장 공사팀 | I25: -
B26: ECRM 수립 | C26: D-15 | D26: D-7 | E26: 입찰설계 지반조사 결과에 따른 직분야 R/O 및 Cost impact 반영 사항 검토 | F26: • 입찰설계 지반조사 결과 분석을 통한 원가 및 공정 영향 검토 • 미시추 구간 평가 및 공정 Risk 반영 사항 검토 • 지반조건을 고려한 발파공법성 여부 검토 | G26: 토목견적팀(원가) | H26: 포스코스마트엔지니어링팀, 토목수행팀, 토목사업지원팀 | I26: 입찰설계 지반조사 검토서(설계, 원가, 공정, 기타)
B27: 최종 Cost 검토 / 입찰 | C27: D-7 | D27: D-0 | E27: 입찰 | F27: • 최종 R/O를 반영한 투찰내역서 작성 | G27: 토목견적팀 | H27: - | I27: 투찰내역서
A28: 12 | B28: 입찰설계 현장 인수인계 | C28: D+0 | D28: D+30 | E28: 지반조사 포함 전체 R/O 승계자료 인수인계 및 추가지반조사 계획 공유 | F28: • 최종 R/O 결과 및 입찰도서 인출 | G28: 현장소장 | H28: 토목수행팀 | I28: 인수인계서
A29: 13 | B29: 추가지반조사 수행 | C29: D+30 | D29: D+100 | E29: 미시추구간 지반조사 수행을 통한 지반 Risk Hedge | F29: • 추가 지반조사 계획 및 시점 확인 - 탄성파탐사/전기비저항탐사 등 물리탐사 추가조사 (현장 및 위치 확인) - 추가시추조사 수행(물리탐사, 시추조사) - 토질 및 암석 실내시험 수행 및 결과분석 확인 - 공종별 핵심시설(교량, 접속도로, 토공, #200m 통과점, 터널 발파/심벽진입) 확인 | G29: 지반조사업체 | H29: 현장 공사팀/공무팀, 포스코스마트엔지니어링팀, 토목수행팀 | I29: 추가 지반조사 보고서 | J29: ○ | K29: ○
A30: 14 | B30: 추가지반조사 결과 분석 | C30: D+100 | D30: D+110 | E30: 추가지반조사 결과에 기반한 최종 R/O 확정 | F30: • 외부전문가 검토 통한 지반특성 최종 Cross-check 확인 • 입찰설계 지반조사 대비 지반특성 변경구간 제원도 확인 | G30: 외부지질전문가 3인 이상 | H30: 현장 공사팀/공무팀, 포스코스마트엔지니어링팀, 토목수행팀 | I30: 추가 지반조사결과 종합보고서 | J30: ○ | K30: ○
B31: 실시설계 지반조사 R/O 검토 (설계, 원가, 공정, 기타) | C31: D+110 | D31: D+120 | E31: 실시설계 지반조사 결과에 따른 직분야 R/O 및 Cost impact 반영 사항 검토 | F31: • 실시설계 추가지반조사 결과 분석을 통한 원가 및 공정 영향 검토 • 미시추 구간 평가 및 공정 Risk 반영 사항 검토 • 지반조건을 고려한 발파공법성 검토 | G31: 포스코스마트엔지니어링팀 | H31: 현장 공사팀/품질팀/공무팀, 토목견적팀(원가), 토목수행팀(공정), 토목사업지원팀(기획) | I31: 실시설계 지반조사 검토서(설계, 원가, 공정, 기타)
A32: 15 | B32: 실시설계 추가지반조사 결과 검토 | C32: D+110 | D32: D+120 | E32: 추가지반조사 결과에 기반한 최종 R/O 확정 | F32: • 추가지반조사 결과 검토 | G32: 포스코스마트엔지니어링팀 | H32: 현장 공사팀/품질팀/공무팀, 토목견적팀(원가), 토목수행팀(공정), 토목사업지원팀(기획) | I32: 실시설계 최종 R/O
A33: 16 | B33: 최종 R/O 이행방안 수립 | C33: D+120 | D33: D+150 | E33: 최종 지반조사 결과에 따른 R/O 이행방안 수립 | F33: • Core Risk 및 Hedge 방안 수립 • Opportunity에 따른 본공 상가 추가 개선 방안 수립 | G33: 현장소장 | H33: 토목수행팀 | I33: 최종 R/O 이행계획서
A34: 17 | B34: 외부지질전문가 업무평가 | C34: - | D34: - | E34: 참여인력 전문성 평가 및 특이사항 기록 | F34: • 외부지질 전문가 업무평가서 작성 | G34: 포스코스마트엔지니어링팀 | H34: 현장 공사팀/공무팀 | I34: 외부지질 전문가 업무평가서
A35: 18 | B35: 조사업체 PM 업무평가 | C35: - | D35: - | E35: 조사업체 PM 전문성 평가 및 특이사항 기록 | F35: • 지반조사 PM 업무평가서 작성 | G35: 포스코스마트엔지니어링팀 | H35: 현장 공사팀/공무팀 | I35: PM업무평가서
A36: 19 | B36: 지반조사업체 업무평가 | C36: - | D36: - | E36: 조사업체 업무평가 및 특이사항 기록 | F36: • 협력업체 업무평가서 | G36: 현장소장 | H36: 현장 공사팀/공무팀 | I36: 협력업체 업무평가서
B37: 설계변경 LL 리포트 작성 | C37: - | D37: - | E37: 설계변경 사항 기록 | F37: • 설계변경 사유 기록관리 • 예상 R/O대비 설계변경 사항 비교 검토 | G37: 현장소장 | H37: 현장 공무팀 | I37: LL리포트
B38: 설계변경 LL 리포트 관리 | C38: - | D38: - | E38: 전체 현장 설계변경 사항 기록 | F38: • 현장별 설계변경 LL 리포트 취합 관리 | G38: 토목수행팀 | H38: 현장소장 | I38: LL리포트 List
B39: 지반조사업체 정산계약 | C39: - | D39: - | E39: 지반조사업체 정산 | F39: • 조사도 수량 Check 후 구매시스템 변경계약 수행 • 변경계약 후 정산금 집행 | G39: 일반구매팀 | H39: 현장 공무팀 | I39: 정산계약서
A40: 20 | B40: 매뉴얼 Update | C40: - | D40: - | E40: 지반조사 매뉴얼 Update | F40: • 매뉴얼 Update 및 개정사항 사내공지 | G40: 혁신실장 | H40: 현장 공무팀 | I40: 지반조사 매뉴얼

Sheet 사전토공사
A1: L2 코드 | B1: L3 코드 | C1: L3 대공종명 | D1: L4 코드 | E1: 일정 (D-Day) | F1: 작업단위 (Level 4 Task/Activity) | G1: 주관 | H1: 목적 | I1: 방법 | J1: 산출물(결과) | K1: 표준서 (Standard) 요약 | L1: 표준서 파일 (HTML) | M1: 수행지침 (Guideline) 요약 | N1: 수행지침 파일 (HTML) | O1: 체크리스트 (Checklist) 요약 | P1: 체크리스트 파일 (HTML) | Q1: 비고 | R1: 첨부서류 연계 상세 설계기준 | S1: 집행단계 리스크 체크리스트 | T1: 협력사 시공/공사관리 자문
A2: 9000 | B2: 9000-5 | C2: 사전토공사 | D2: 9000-5-1 | E2: D-90 (D-120~D-90) | F2: Site Survey | G2: 현장 공사팀 | H2: KDS 47 10 00 철도지반 설계기준 | 현장 가설 둔차선, 용지 경계 및 원지반 고저차 3D 레벨 현측 | 토공사 사전 현장 조사 보고서 | I2: 1) 현장 가설 도로 및 용지 경계 현측 ➔ 2) 광학 레벨 원지반 고저차 측정 ➔ 3) 진입 도로 장애 요소 매핑 ➔ 4) 현장 조사 보고서 감리 제출 | J2: 가설 도로 폭/구배 현측, 원지반 고저차 레벨 측량 및 3D BIM 도면 오차 점검 (현장 조사 보고서) | K2: KDS 47 10 00 철도지반 설계기준 | 현장 가설 둔차선, 용지 경계 및 원지반 고저차 3D 레벨 현측 | 토공사 사전 현장 조사 보고서 | L2: 👉 [더블클릭] 표준서 열기 📄 | M2: 1) 현장 가설 도로 및 용지 경계 현측 ➔ 2) 광학 레벨 원지반 고저차 측정 ➔ 3) 진입 도로 장애 요소 매핑 ➔ 4) 현장 조사 보고서 감리 제출 | N2: 👉 [더블클릭] 수행지침 열기 📄 | O2: 가설 도로 폭/구배 현측, 원지반 고저차 레벨 측량 및 3D BIM 도면 오차 점검 (현장 조사 보고서) | P2: 👉 [더블클릭] 체크리스트 열기 📄 | R2: ● 설계도면 및 지적 경계 기준 준수 | S2: 1) 👉 [더블클릭] 체크리스트 열기 📄
A3: 9000 | B3: 9000-5 | C3: 사전토공사 | D3: 9000-5-2 | E3: D-80 (D-120~D-80) | F3: 발주전략 KOM | G3: 현장소장 | H3: KCS 47 10 25 시방 검토 | 사전 토공 토사/암석 깎기 및 성토 시방 규정 | 발주처·감리·시공 3자 킥오프 결재 | I3: 1) 사전 토공 시방 요구조건 분석 ➔ 2) 3D BIM 도면 깎기/성토 수량 검증 ➔ 3) 토공 리스크 예비비 수립 ➔ 4) 발주·감리·시공 3자 킥오프 결재 | J3: KCS 47 10 25 사전 토공 시방 검토, 토사/암석 깎기 수량 산출 및 3D BIM 간섭 zero (3자 킥오프 결재) | K3: KCS 47 10 25 시방 검토 | 사전 토공 토사/암석 깎기 및 성토 시방 규정 | 발주처·감리·시공 3자 킥오프 결재 | L3: 👉 [더블클릭] 표준서 열기 📄 | M3: 1) 사전 토공 시방 요구조건 분석 ➔ 2) 3D BIM 도면 깎기/성토 수량 검증 ➔ 3) 토공 리스크 예비비 수립 ➔ 4) 발주·감리·시공 3자 킥오프 결재 | N3: 👉 [더블클릭] 수행지침 열기 📄 | O3: KCS 47 10 25 사전 토공 시방 검토, 토사/암석 깎기 수량 산출 및 3D BIM 간섭 zero (3자 킥오프 결재) | P3: 👉 [더블클릭] 체크리스트 열기 📄 | R3: ● 본사외주부서, 수행부서, 토목국내견적팀, 컴플라이언스RM팀, 토목사업지원팀 협의 | S3: 1) 👉 [더블클릭] 체크리스트 열기 📄
A4: 9000 | B4: 9000-5 | C4: 사전토공사 | D4: 9000-5-3 | E4: D-60 (D-70~D-60) | F4: Site Survey Risk 검토 | G4: 토목국내견적팀 | H4: 지하안전법 제23조 | 현장 지장물, 연약 지반 층후 및 사면 붕괴 위험 요소 추출 | 사전 토공 리스크 대책 승인 | I4: 1) 지하 매설 지장물 & 연약지반 현출 ➔ 2) 사면 붕괴 위험 구간 추출 ➔ 3) 흙막이 가설재 보강 수립 ➔ 4) 토공 리스크 대책서 감리 승인 | J4: 지중 매설물 탐사, 연약 지반 층후 분석 및 사면 붕괴 위험 구간 흙막이 가설재 보강 수립 | K4: 지하안전법 제23조 | 현장 지장물, 연약 지반 층후 및 사면 붕괴 위험 요소 추출 | 사전 토공 리스크 대책 승인 | L4: 👉 [더블클릭] 표준서 열기 📄 | M4: 1) 지하 매설 지장물 & 연약지반 현출 ➔ 2) 사면 붕괴 위험 구간 추출 ➔ 3) 흙막이 가설재 보강 수립 ➔ 4) 토공 리스크 대책서 감리 승인 | N4: 👉 [더블클릭] 수행지침 열기 📄 | O4: 지중 매설물 탐사, 연약 지반 층후 분석 및 사면 붕괴 위험 구간 흙막이 가설재 보강 수립 | P4: 👉 [더블클릭] 체크리스트 열기 📄 | R4: ● 실행예산 검토 및 공사 수행 리스크 분석 | S4: 1) 👉 [더블클릭] 체크리스트 열기 📄
A5: 9000 | B5: 9000-5 | C5: 사전토공사 | D5: 9000-5-4 | E5: D-50 (D-60~D-50) | F5: 최고의 팀 만들기 지원 | G5: 외주관리팀 | H5: 건산법 상생협력 수칙 | 토공 전문 기술자 1:1 전담 배치 & 3자 주간 소통 회의 | 일일 Safety TBM 100% 이행 | I5: 1) 토공 전담 기술자 1:1 배치 ➔ 2) 3자 주간 소통 회의 개최 ➔ 3) 근로자 복지 지원 & Safety TBM ➔ 4) One-Team 조직표 감리 서면 승인 | J5: 토공 전담 기술자 1:1 현장 배치, 발주·감리·시공 3자 주간 소통 회의 및 일일 Safety TBM/음주 측정 | K5: 건산법 상생협력 수칙 | 토공 전문 기술자 1:1 전담 배치 & 3자 주간 소통 회의 | 일일 Safety TBM 100% 이행 | L5: 👉 [더블클릭] 표준서 열기 📄 | M5: 1) 토공 전담 기술자 1:1 배치 ➔ 2) 3자 주간 소통 회의 개최 ➔ 3) 근로자 복지 지원 & Safety TBM ➔ 4) One-Team 조직표 감리 서면 승인 | N5: 👉 [더블클릭] 수행지침 열기 📄 | O5: 토공 전담 기술자 1:1 현장 배치, 발주·감리·시공 3자 주간 소통 회의 및 일일 Safety TBM/음주 측정 | P5: 👉 [더블클릭] 체크리스트 열기 📄 | R5: ● 외주관리 협력업체 평가 및 선정 기준 | S5: 1) 👉 [더블클릭] 체크리스트 열기 📄
A6: 9000 | B6: 9000-5 | C6: 사전토공사 | D6: 9000-5-5 | E6: D-60 (D-80~D-60) | F6: 공사중 교통처리계획 | G6: 현장 공사팀 | H6: 도로교통법 제69조 | 동탄경찰서 교통안전 심의 및 우회 차선 설계 | 전담 신호수(2인 2조) & LED 경광등 배치 | I6: 1) 교통 우회 차선 & 둔차선 도면 설계 ➔ 2) 동탄경찰서 도로점용 허가 ➔ 3) 전담 신호수(2인 2조) 배치 ➔ 4) 교통소통 대책서 감리 서면 승인 | J6: 동탄경찰서 도로점용 허가, 가설 우회 차선 설계 및 전담 안전 신호수(2인 2조)/LED 경광등 배치 | K6: 도로교통법 제69조 | 동탄경찰서 교통안전 심의 및 우회 차선 설계 | 전담 신호수(2인 2조) & LED 경광등 배치 | L6: 👉 [더블클릭] 표준서 열기 📄 | M6: 1) 교통 우회 차선 & 둔차선 도면 설계 ➔ 2) 동탄경찰서 도로점용 허가 ➔ 3) 전담 신호수(2인 2조) 배치 ➔ 4) 교통소통 대책서 감리 서면 승인 | N6: 👉 [더블클릭] 수행지침 열기 📄 | O6: 동탄경찰서 도로점용 허가, 가설 우회 차선 설계 및 전담 안전 신호수(2인 2조)/LED 경광등 배치 | P6: 👉 [더블클릭] 체크리스트 열기 📄 | R6: ● 도로교통법 및 관할 지자체 교통 지침 준수 | S6: 1) 👉 [더블클릭] 체크리스트 열기 📄
A7: 9000 | B7: 9000-5 | C7: 사전토공사 | D7: 9000-5-6 | E7: D-65 (D-65~D-55) | F7: 자재발주 요청 | G7: 현장 공무팀 | H7: KCS 47 10 25 자재 시방 | 굴착 장비, 가설 펜스 및 배수관 자재 발주 승인 | 공인시험기관 성적표 수속 | I7: 1) 굴착 장비 및 가설 펜스 자재 선정 ➔ 2) 공인시험기관 시험성적서 검수 ➔ 3) 자재 발주 신청서 제출 ➔ 4) 자재 반입 검수 통보서 결재 | J7: KCS 47 10 25 굴착 장비/가설재 자재 승인, 공인시험기관 시험성적서 검수 및 자재 반입 통보 | K7: KCS 47 10 25 자재 시방 | 굴착 장비, 가설 펜스 및 배수관 자재 발주 승인 | 공인시험기관 성적표 수속 | L7: 👉 [더블클릭] 표준서 열기 📄 | M7: 1) 굴착 장비 및 가설 펜스 자재 선정 ➔ 2) 공인시험기관 시험성적서 검수 ➔ 3) 자재 발주 신청서 제출 ➔ 4) 자재 반입 검수 통보서 결재 | N7: 👉 [더블클릭] 수행지침 열기 📄 | O7: KCS 47 10 25 굴착 장비/가설재 자재 승인, 공인시험기관 시험성적서 검수 및 자재 반입 통보 | P7: 👉 [더블클릭] 체크리스트 열기 📄 | S7: 1) 👉 [더블클릭] 체크리스트 열기 📄
A8: 9000 | B8: 9000-5 | C8: 사전토공사 | D8: 9000-5-7 | E8: D-40 (D-60~D-40) | F8: 용지 사용 Risk 검토 | G8: 토목계약관리팀 | H8: 토지보상법 준수 | 미보상 사유지 경계 현출 및 가설 펜스(H=1.8m) 차단 | 3D 우회 토공 동선 마일스톤 연동 | I8: 1) 미보상 사유지 경계 현출 ➔ 2) 가설 펜스(H=1.8m) 차단 ➔ 3) 3D 우회 토공 동선 수립 ➔ 4) 용지 보상 리스크 대책 감리 승인 | J8: 미보상 사유지 경계 현출, 가설 펜스(H=1.8m) 차단 및 3D 우회 토공 동선 마일스톤 연동 | K8: 토지보상법 준수 | 미보상 사유지 경계 현출 및 가설 펜스(H=1.8m) 차단 | 3D 우회 토공 동선 마일스톤 연동 | L8: 👉 [더블클릭] 표준서 열기 📄 | M8: 1) 미보상 사유지 경계 현출 ➔ 2) 가설 펜스(H=1.8m) 차단 ➔ 3) 3D 우회 토공 동선 수립 ➔ 4) 용지 보상 리스크 대책 감리 승인 | N8: 👉 [더블클릭] 수행지침 열기 📄 | O8: 미보상 사유지 경계 현출, 가설 펜스(H=1.8m) 차단 및 3D 우회 토공 동선 마일스톤 연동 | P8: 👉 [더블클릭] 체크리스트 열기 📄 | R8: ● 계약 리스크 방지 및 현장 부지 확보 요건 검토 | S8: 1) 👉 [더블클릭] 체크리스트 열기 📄
A9: 9000 | B9: 9000-5 | C9: 사전토공사 | D9: 9000-5-8 | E9: D-40 | F9: 착수전 Big Room 회의 | G9: 현장소장 | H9: 현장 통합 관리 지침 | 발주처·감리·지자체·시공사 4자 빅룸 회의 | 사전 토공 마일스톤 서명 결재 | I9: 1) 4자(발주·감리·지자체·시공) 빅룸 결성 ➔ 2) 사전 토공 마일스톤 연동 ➔ 3) 간섭 리스크 즉시 해소 ➔ 4) 빅룸 회의록 4자 서명 완수 | J9: 4자(발주·감리·지자체·시공) 빅룸 회의 결성, 사전 토공 마일스톤 연동 및 간섭 리스크 서명 | K9: 현장 통합 관리 지침 | 발주처·감리·지자체·시공사 4자 빅룸 회의 | 사전 토공 마일스톤 서명 결재 | L9: 👉 [더블클릭] 표준서 열기 📄 | M9: 1) 4자(발주·감리·지자체·시공) 빅룸 결성 ➔ 2) 사전 토공 마일스톤 연동 ➔ 3) 간섭 리스크 즉시 해소 ➔ 4) 빅룸 회의록 4자 서명 완수 | N9: 👉 [더블클릭] 수행지침 열기 📄 | O9: 4자(발주·감리·지자체·시공) 빅룸 회의 결성, 사전 토공 마일스톤 연동 및 간섭 리스크 서명 | P9: 👉 [더블클릭] 체크리스트 열기 📄 | R9: ● 본사 유관부서(견적/엔지니어링/공정/품질/안전) 조율 | S9: 1) 👉 [더블클릭] 체크리스트 열기 📄
A10: 9000 | B10: 9000-5 | C10: 사전토공사 | D10: 9000-5-9 | E10: D-30 | F10: 인허가 절차 진행 | G10: 현장 공무팀 | H10: 도로법 및 환경영향평가법 | 지자체 도로점용 허가 및 비산먼지 발생신고 수속 | 법정 인허가 필증 수속 | I10: 1) 지자체 도로/하천점용 허가서 작성 ➔ 2) 관련 부서 서류 제출 & 심의 ➔ 3) 보증보험 증권 부착 ➔ 4) 법정 인허가 필증 감리 수속 | J10: 지자체 도로/하천점용 허가서 접수, 비산먼지 발생사업 신고 필증 수속 및 보증보험 제출 | K10: 도로법 및 환경영향평가법 | 지자체 도로점용 허가 및 비산먼지 발생신고 수속 | 법정 인허가 필증 수속 | L10: 👉 [더블클릭] 표준서 열기 📄 | M10: 1) 지자체 도로/하천점용 허가서 작성 ➔ 2) 관련 부서 서류 제출 & 심의 ➔ 3) 보증보험 증권 부착 ➔ 4) 법정 인허가 필증 감리 수속 | N10: 👉 [더블클릭] 수행지침 열기 📄 | O10: 지자체 도로/하천점용 허가서 접수, 비산먼지 발생사업 신고 필증 수속 및 보증보험 제출 | P10: 👉 [더블클릭] 체크리스트 열기 📄 | R10: ● 관련 인허가 법령 검토 | S10: 1) 👉 [더블클릭] 체크리스트 열기 📄
A11: 9000 | B11: 9000-5 | C11: 사전토공사 | D11: 9000-5-10 | E11: D-30 | F11: 교통처리대책 협의 및 승인 | G11: 현장 공무팀 | H11: 도로교통법 안전 수칙 | 경찰서 차선 점용 허가 및 가설 둔차선 도로 복구 이행 보증보험 | 교통대책 감리 승인 | I11: 1) 경찰서 차선 점용 허가증 수령 ➔ 2) 도로 복구 보증보험 증권 제출 ➔ 3) 전담 신호수 & LED 경광등 배치 ➔ 4) 교통대책서 감리 서면 승인 | J11: 동탄경찰서 차선 점용 허가, 도로 복구 이행 보증보험 제출 및 전담 신호수(2인 2조) 100% 배치 | K11: 도로교통법 안전 수칙 | 경찰서 차선 점용 허가 및 가설 둔차선 도로 복구 이행 보증보험 | 교통대책 감리 승인 | L11: 👉 [더블클릭] 표준서 열기 📄 | M11: 1) 경찰서 차선 점용 허가증 수령 ➔ 2) 도로 복구 보증보험 증권 제출 ➔ 3) 전담 신호수 & LED 경광등 배치 ➔ 4) 교통대책서 감리 서면 승인 | N11: 👉 [더블클릭] 수행지침 열기 📄 | O11: 동탄경찰서 차선 점용 허가, 도로 복구 이행 보증보험 제출 및 전담 신호수(2인 2조) 100% 배치 | P11: 👉 [더블클릭] 체크리스트 열기 📄 | R11: ● 사토/토취장 인허가 요건 준수 | S11: 1) 👉 [더블클릭] 체크리스트 열기 📄
A12: 9000 | B12: 9000-5 | C12: 사전토공사 | D12: 9000-5-11 | E12: D-30 | F12: 지장물 검토 및 협의 | G12: 현장 공무팀/공사팀 | H12: 지하안전관리에 관한 특별법 | GPR 3D 관로 탐사 & 인력 시탐 줄파기(깊이 1.5m) | 점용기관 현장 입회 이설 방호 | I12: 1) GPR 3D 지중 관로 탐사 ➔ 2) 인력 시탐 줄파기(깊이 1.5m) ➔ 3) 관할 점용기관 1:1 현장 입회 ➔ 4) 매달기 방호 & 지장물 서면 승인 | J12: GPR 3D 관로 탐사, 인력 시탐 줄파기(폭 0.5m, 깊이 1.5m) 및 점용기관 1:1 현장 입회 매달기 방호 | K12: 지하안전관리에 관한 특별법 | GPR 3D 관로 탐사 & 인력 시탐 줄파기(깊이 1.5m) | 점용기관 현장 입회 이설 방호 | L12: 👉 [더블클릭] 표준서 열기 📄 | M12: 1) GPR 3D 지중 관로 탐사 ➔ 2) 인력 시탐 줄파기(깊이 1.5m) ➔ 3) 관할 점용기관 1:1 현장 입회 ➔ 4) 매달기 방호 & 지장물 서면 승인 | N12: 👉 [더블클릭] 수행지침 열기 📄 | O12: GPR 3D 관로 탐사, 인력 시탐 줄파기(폭 0.5m, 깊이 1.5m) 및 점용기관 1:1 현장 입회 매달기 방호 | P12: 👉 [더블클릭] 체크리스트 열기 📄 | R12: ● 도로점용 및 지장물 이설 규정 준수 | S12: 1) 👉 [더블클릭] 체크리스트 열기 📄
A13: 9000 | B13: 9000-5 | C13: 사전토공사 | D13: 9000-5-12 | E13: D-30 | F13: 기공승낙 적정성 검토 | G13: 현장 공무팀 | H13: 국유재산법 및 공유재산법 | 토지 기공승낙서 인허가 확인 및 진입로 점용 범위 실측 | 토지 사용 승인서 결재 | I13: 1) 국유지/공유지 기공승낙서 수속 ➔ 2) 진입 도로 점용 범위 실측 ➔ 3) 토지 소유주 사용 협의 ➔ 4) 기공승낙서 감리 서면 승인 | J13: 국유지/공유지 기공승낙서 인허가 검증, 진입 도로 점용 범위 실측 및 토지 사용 승인서 결재 | K13: 국유재산법 및 공유재산법 | 토지 기공승낙서 인허가 확인 및 진입로 점용 범위 실측 | 토지 사용 승인서 결재 | L13: 👉 [더블클릭] 표준서 열기 📄 | M13: 1) 국유지/공유지 기공승낙서 수속 ➔ 2) 진입 도로 점용 범위 실측 ➔ 3) 토지 소유주 사용 협의 ➔ 4) 기공승낙서 감리 서면 승인 | N13: 👉 [더블클릭] 수행지침 열기 📄 | O13: 국유지/공유지 기공승낙서 인허가 검증, 진입 도로 점용 범위 실측 및 토지 사용 승인서 결재 | P13: 👉 [더블클릭] 체크리스트 열기 📄 | R13: ● 용지 취득 및 기공승낙 법적 검토 | S13: 1) 👉 [더블클릭] 체크리스트 열기 📄
A14: 9000 | B14: 9000-5 | C14: 사전토공사 | D14: 9000-5-13 | E14: D-30 | F14: 민원 저감 대책 수립 | G14: 현장 안전팀/공무팀 | H14: 소음진동관리법 준수 | 야간 공사 소음 방음벽(H=3m) 및 세륜기(깊이 1.2m) 가동 | 단수/단전 주민 사전 안내 | I14: 1) 야간 공사 소음 방음벽(H=3m) 설치 ➔ 2) 세륜기 가동 & 분무 살수 ➔ 3) 단수/단전 사전 주민 공지 ➔ 4) 민원 대응반 서면 승인 | J14: 야간 공사 소음 방음벽(H=3m) 가동, 세륜기(깊이 1.2m) 가동 및 단수/단전 주민 사전 고지 | K14: 소음진동관리법 준수 | 야간 공사 소음 방음벽(H=3m) 및 세륜기(깊이 1.2m) 가동 | 단수/단전 주민 사전 안내 | L14: 👉 [더블클릭] 표준서 열기 📄 | M14: 1) 야간 공사 소음 방음벽(H=3m) 설치 ➔ 2) 세륜기 가동 & 분무 살수 ➔ 3) 단수/단전 사전 주민 공지 ➔ 4) 민원 대응반 서면 승인 | N14: 👉 [더블클릭] 수행지침 열기 📄 | O14: 야간 공사 소음 방음벽(H=3m) 가동, 세륜기(깊이 1.2m) 가동 및 단수/단전 주민 사전 고지 | P14: 👉 [더블클릭] 체크리스트 열기 📄 | R14: ● 민원 관리 지침 준수 | S14: 1) 👉 [더블클릭] 체크리스트 열기 📄
A15: 9000 | B15: 9000-5 | C15: 사전토공사 | D15: 9000-5-14 | E15: D-30 | F15: 용지보상 Risk 파악 | G15: 현장 공무팀 | H15: 토지보상법 준수 | 지장물 이설 부지 용지보상 현황 및 점용 경계 실측 | 미보상 사유지 가설 펜스 차단 | I15: 1) 미보상 필지 현출 & 지적 대조 ➔ 2) 가설 펜스(H=1.8m) 차단 ➔ 3) 우회 토공 동선 수립 ➔ 4) 용지 보상 대책서 감리 승인 | J15: 미보상 필지 지적 대조, 경계 가설 펜스(H=1.8m) 차단 및 우회 토공 동선 서면 승인 | K15: 토지보상법 준수 | 지장물 이설 부지 용지보상 현황 및 점용 경계 실측 | 미보상 사유지 가설 펜스 차단 | L15: 👉 [더블클릭] 표준서 열기 📄 | M15: 1) 미보상 필지 현출 & 지적 대조 ➔ 2) 가설 펜스(H=1.8m) 차단 ➔ 3) 우회 토공 동선 수립 ➔ 4) 용지 보상 대책서 감리 승인 | N15: 👉 [더블클릭] 수행지침 열기 📄 | O15: 미보상 필지 지적 대조, 경계 가설 펜스(H=1.8m) 차단 및 우회 토공 동선 서면 승인 | P15: 👉 [더블클릭] 체크리스트 열기 📄 | R15: ● 토지보상법 및 공정 영향 분석 | S15: 1) 👉 [더블클릭] 체크리스트 열기 📄
A16: 9000 | B16: 9000-5 | C16: 사전토공사 | D16: 9000-5-15 | E16: D-30 | F16: 시공계획서 검토 지원 | G16: 토목품질팀 | H16: 건진법 시행령 제89조 | 사전 토공 시공계획서 표준 8대 목차 검토 | 착공 14일 전 감리 서면 승인 | I16: 1) 사전 토공 시공계획서 작성 ➔ 2) 8대 목차 & KCS 수치 명시 ➔ 3) 착공 14일 전 감리단 제출 ➔ 4) 시공계획서 감리 서면 승인 | J16: 사전 토공 시공계획서 표준 8대 목차, KCS 수치 수록 및 착공 14일 전 감리 서면 승인 | K16: 건진법 시행령 제89조 | 사전 토공 시공계획서 표준 8대 목차 검토 | 착공 14일 전 감리 서면 승인 | L16: 👉 [더블클릭] 표준서 열기 📄 | M16: 1) 사전 토공 시공계획서 작성 ➔ 2) 8대 목차 & KCS 수치 명시 ➔ 3) 착공 14일 전 감리단 제출 ➔ 4) 시공계획서 감리 서면 승인 | N16: 👉 [더블클릭] 수행지침 열기 📄 | O16: 사전 토공 시공계획서 표준 8대 목차, KCS 수치 수록 및 착공 14일 전 감리 서면 승인 | P16: 👉 [더블클릭] 체크리스트 열기 📄 | R16: ● 품질경영 매뉴얼 기준 | S16: 1) 👉 [더블클릭] 체크리스트 열기 📄
A17: 9000 | B17: 9000-5 | C17: 사전토공사 | D17: 9000-5-16 | E17: D-30 | F17: 시공계획 수립 | G17: 현장 공사팀 | H17: KCS 47 10 25 토공 시방 | 깎기/성토 토공 유동표 작성 및 3D BIM 도면 대조 | 책임감리원 최종 승인 | I17: 1) 토공 깎기/성토 유동표 작성 ➔ 2) 3D BIM 모델 표고 대조 ➔ 3) 사면 안성성 계산서 부착 ➔ 4) 토공 시공계획서 감리 최종 결재 | J17: 토공 깎기/성토 유동표 작성, 3D BIM 모델 표고 대조 및 사면 안전성 계산서 감리 결재 | K17: KCS 47 10 25 토공 시방 | 깎기/성토 토공 유동표 작성 및 3D BIM 도면 대조 | 책임감리원 최종 승인 | L17: 👉 [더블클릭] 표준서 열기 📄 | M17: 1) 토공 깎기/성토 유동표 작성 ➔ 2) 3D BIM 모델 표고 대조 ➔ 3) 사면 안성성 계산서 부착 ➔ 4) 토공 시공계획서 감리 최종 결재 | N17: 👉 [더블클릭] 수행지침 열기 📄 | O17: 토공 깎기/성토 유동표 작성, 3D BIM 모델 표고 대조 및 사면 안전성 계산서 감리 결재 | P17: 👉 [더블클릭] 체크리스트 열기 📄 | R17: ● 토공사 표준시방서 준수 | S17: 1) 👉 [더블클릭] 체크리스트 열기 📄
A18: 9000 | B18: 9000-5 | C18: 사전토공사 | D18: 9000-5-17 | E18: D-30 | F18: 후행공종 요구조건 반영 설계변경 검토 | G18: 현장 공무팀/공사팀 | H18: 건진법 설계변경 수칙 | 궤도/구조물 후행 공종 요구 표고 오차(±10mm) 반영 | 설계변경 실정보고서 작성 | I18: 1) 궤도/구조물 후행 요구 조건 수집 ➔ 2) 마무리면 표고 오차(±10mm) 반영 ➔ 3) 설계변경 실정보고서 작성 ➔ 4) 책임감리원 기술 승인 | J18: 궤도/구조물 후행 요구 조건 반영, 마무리면 표고 오차(±10mm) 반영 및 설계변경 실정보고 | K18: 건진법 설계변경 수칙 | 궤도/구조물 후행 공종 요구 표고 오차(±10mm) 반영 | 설계변경 실정보고서 작성 | L18: 👉 [더블클릭] 표준서 열기 📄 | M18: 1) 궤도/구조물 후행 요구 조건 수집 ➔ 2) 마무리면 표고 오차(±10mm) 반영 ➔ 3) 설계변경 실정보고서 작성 ➔ 4) 책임감리원 기술 승인 | N18: 👉 [더블클릭] 수행지침 열기 📄 | O18: 궤도/구조물 후행 요구 조건 반영, 마무리면 표고 오차(±10mm) 반영 및 설계변경 실정보고 | P18: 👉 [더블클릭] 체크리스트 열기 📄 | R18: ● 인터페이스 조건 만족 | S18: 1) 👉 [더블클릭] 체크리스트 열기 📄
A19: 9000 | B19: 9000-5 | C19: 사전토공사 | D19: 9000-5-18 | E19: D-30 | F19: 설계변경 (착수전) | G19: 현장 공무팀/공사팀 | H19: 지방계약법 정산 수칙 | 착수 전 토종 변경 및 수량 증감 실정보고 작성 | 총사업비 변경 승인 수속 | I19: 1) 토질 변경 & 수량 증감 실정보고 작성 ➔ 2) 단가 비교표 작성 ➔ 3) 설계변경 도서 제출 ➔ 4) 총사업비 변경 승인 결재 | J19: 토질 변경 & 수량 증감 실정보고서 작성, 단가 비교표 작성 및 총사업비 변경 승인 결재 | K19: 지방계약법 정산 수칙 | 착수 전 토종 변경 및 수량 증감 실정보고 작성 | 총사업비 변경 승인 수속 | L19: 👉 [더블클릭] 표준서 열기 📄 | M19: 1) 토질 변경 & 수량 증감 실정보고 작성 ➔ 2) 단가 비교표 작성 ➔ 3) 설계변경 도서 제출 ➔ 4) 총사업비 변경 승인 결재 | N19: 👉 [더블클릭] 수행지침 열기 📄 | O19: 토질 변경 & 수량 증감 실정보고서 작성, 단가 비교표 작성 및 총사업비 변경 승인 결재 | P19: 👉 [더블클릭] 체크리스트 열기 📄 | R19: ● 설계변경 절차 규정 준수 | S19: 1) 👉 [더블클릭] 체크리스트 열기 📄
... A31: 9000 | B31: 9000-5 | C31: 사전토공사 | D31: 9000-5-30 | E31: D+75일 이후 | F31: 강화노반 인계 | G31: 현장 공사팀 / 품질팀 | H31: KCS 47 10 25 인계인수 수칙 | 토공-강화노반 시공팀 3자 합동 레벨 측량 | 마무리면 인계인수서 서명 | I31: 1) 토공-강화노반 시공팀 3자 합동 현측 ➔ 2) 마무리면 레벨 오차(±10mm) 확인 ➔ 3) 인계인수 합의서 서명 ➔ 4) 토공 마무리면 인계 완료 | J31: 토공-강화노반 시공팀 3자 합동 레벨 측량, 마무리면 레벨 오차(±10mm) 인계인수서 서명 | K31: KCS 47 10 25 인계인수 수칙 | 토공-강화노반 시공팀 3자 합동 레벨 측량 | 마무리면 인계인수서 서명 | L31: 👉 [더블클릭] 표준서 열기 📄 | M31: 1) 토공-강화노반 시공팀 3자 합동 현측 ➔ 2) 마무리면 레벨 오차(±10mm) 확인 ➔ 3) 인계인수 합의서 서명 ➔ 4) 토공 마무리면 인계 완료 | N31: 👉 [더블클릭] 수행지침 열기 📄 | O31: 토공-강화노반 시공팀 3자 합동 레벨 측량, 마무리면 레벨 오차(±10mm) 인계인수서 서명 | P31: 👉 [더블클릭] 체크리스트 열기 📄 | R31: ● 궤도 부설 구간 허용 오차 한계 확인 | S31: 1) 👉 [더블클릭] 체크리스트 열기 📄

Sheet 지장물이설
A1: L2 코드 | B1: L3 코드 | C1: L3 대공종명 | D1: L4 코드 | E1: 일정 (D-Day) | F1: 작업단위 (Level 4 Task/Activity) | G1: 주관 | H1: 목적 | I1: 방법 | J1: 산출물(결과) | K1: 표준서 (Standard) 요약 | L1: 표준서 파일 (HTML) | M1: 수행지침 (Guideline) 요약 | N1: 수행지침 파일 (HTML) | O1: 체크리스트 (Checklist) 요약 | P1: 체크리스트 파일 (HTML) | Q1: 비고 | R1: 첨부서류 연계 상세 설계기준 | S1: 집행단계 리스크 체크리스트 | T1: 협력사 시공/공사관리 자문
A2: 2000 | B2: 2000-1 | C2: 공통 관리 Key Point & 사전 준비 | D2: 2000-1-1 | E2: P-30 | F2: Site Survey Risk 검토 | G2: 토목국내견적팀 | H2: 지하안전관리에 관한 특별법 제23조 | 현장 지반 조사, GPR 탐사 데이터 및 신설 궤도 간섭 리스크 사전 분석 | 지장물 이설 리스크 관리계획 수립 | I2: 1) 지반 조사 주상도 & GPR 데이터 대조 ➔ 2) 신설 궤도 구조물 간섭 관로 추출 ➔ 3) 기관별 이설 우선순위 수립 ➔ 4) 지장물 리스크 보고서 결재 | J2: 지반 시추 주상도, GPR 3D 지중 관로 탐사 데이터 대조 및 신설 궤도 구조물 간섭 관로 사전 현출 점검 | K2: 지하안전관리에 관한 특별법 제23조 | 현장 지반 조사, GPR 탐사 데이터 및 신설 궤도 간섭 리스크 사전 분석 | 지장물 이설 리스크 관리계획 수립 | L2: 👉 [더블클릭] 표준서 열기 📄 | M2: 1) 지반 조사 주상도 & GPR 데이터 대조 ➔ 2) 신설 궤도 구조물 간섭 관로 추출 ➔ 3) 기관별 이설 우선순위 수립 ➔ 4) 지장물 리스크 보고서 결재 | N2: 👉 [더블클릭] 수행지침 열기 📄 | O2: 지반 시추 주상도, GPR 3D 지중 관로 탐사 데이터 대조 및 신설 궤도 구조물 간섭 관로 사전 현출 점검 | P2: 👉 [더블클릭] 체크리스트 열기 📄 | R2: 토목국내견적 지침 및 계약 시방 | S2: 설계도서 불일치로 인한 실행예산 초과 리스크 관리 | T2: 우수 토공업체 Pool 기술 자문
A3: 2000 | B3: 2000-1 | C3: 공통 관리 Key Point & 사전 준비 | D3: 2000-1-2 | E3: P+0 | F3: 발주전략 KOM (도급지분) | G3: 현장소장 | H3: KCS 47 10 25 시방 준수 | 도급분 지장물 이설 발주 시방서 검토 & 3D BIM 도면 대조 | 발주처·감리·시공 3자 킥오프 미팅 결재 | I3: 1) 도급분 이설 시방서 요구조건 검토 ➔ 2) 3D BIM 도면 관로 좌표 대조 ➔ 3) 공기 지연 예비비 수립 ➔ 4) 발주·감리·시공 3자 킥오프 결재 | J3: KCS 47 10 25 시방 요구조건, 도급분 지장물 이설 수량 및 3D BIM 도면 간섭 zero 검증 | K3: KCS 47 10 25 시방 준수 | 도급분 지장물 이설 발주 시방서 검토 & 3D BIM 도면 대조 | 발주처·감리·시공 3자 킥오프 미팅 결재 | L3: 👉 [더블클릭] 표준서 열기 📄 | M3: 1) 도급분 이설 시방서 요구조건 검토 ➔ 2) 3D BIM 도면 관로 좌표 대조 ➔ 3) 공기 지연 예비비 수립 ➔ 4) 발주·감리·시공 3자 킥오프 결재 | N3: 👉 [더블클릭] 수행지침 열기 📄 | O3: KCS 47 10 25 시방 요구조건, 도급분 지장물 이설 수량 및 3D BIM 도면 간섭 zero 검증 | P3: 👉 [더블클릭] 체크리스트 열기 📄 | R3: CML 토목사무지침 및 도급 계약 시방 | S3: 부적격 업체 선정에 따른 공기 지연 리스크 방지 | T3: 본사외주부서 및 컴플라이언스RM 자문
A4: 2000 | B4: 2000-1 | C4: 공통 관리 Key Point & 사전 준비 | D4: 2000-1-3 | E4: P+0 | F4: 지장물 이설 요청 (위수탁고) | G4: 공사팀 / 발주기관 | H4: 지방계약법 및 관할 점용기관 규정 | 위수탁 지장물 이설 협약서 작성 & 공문 발송 | 기관별 이설 소요 기간 및 예산 확보 | I4: 1) 관할 점용기관 이설 요청 공문 작성 ➔ 2) 이설 협약서 정산 조건 수속 ➔ 3) 기관별 이설 소요 기간 협의 ➔ 4) 위수탁 이설 확약 공문 수령 | J4: 위수탁 이설 요청 공문 부착, 점용기관 협약 조건 수속 및 이설 예비비 계상 서약 | K4: 지방계약법 및 관할 점용기관 규정 | 위수탁 지장물 이설 협약서 작성 & 공문 발송 | 기관별 이설 소요 기간 및 예산 확보 | L4: 👉 [더블클릭] 표준서 열기 📄 | M4: 1) 관할 점용기관 이설 요청 공문 작성 ➔ 2) 이설 협약서 정산 조건 수속 ➔ 3) 기관별 이설 소요 기간 협의 ➔ 4) 위수탁 이설 확약 공문 수령 | N4: 👉 [더블클릭] 수행지침 열기 📄 | O4: 위수탁 이설 요청 공문 부착, 점용기관 협약 조건 수속 및 이설 예비비 계상 서약 | P4: 👉 [더블클릭] 체크리스트 열기 📄 | R4: 지자체 위수탁 협약 처리 기준 | S4: 위수탁 기관 이설 착수 지연 리스크 관리 | T4: 관련 유관기관 전담 자문
A5: 2000 | B5: 2000-1 | C5: 공통 관리 Key Point & 사전 준비 | D5: 2000-1-4 | E5: P+5 | F5: 도급자분 이설업체 선정(상/하수) | G5: 현장소장 | H5: 건설산업기본법 제29조 | 상하수도 설비 전문건설업 면허 및 적정성(≥ 82%) 평가 | 노무비 전용계좌 지정 및 계약 승인 | I5: 1) 상하수도 전문건설업 면허 심사 ➔ 2) 하도급 적정성(≥ 82%) 평가 ➔ 3) 노무비 전용계좌 개설 ➔ 4) 하도급 계약 승인 통보서 결재 | J5: 상하수도 전문건설업 면허/실적 심사, 하도급 적정성 평가(≥ 82%) 및 노무비 전용계좌 지정 | K5: 건설산업기본법 제29조 | 상하수도 설비 전문건설업 면허 및 적정성(≥ 82%) 평가 | 노무비 전용계좌 지정 및 계약 승인 | L5: 👉 [더블클릭] 표준서 열기 📄 | M5: 1) 상하수도 전문건설업 면허 심사 ➔ 2) 하도급 적정성(≥ 82%) 평가 ➔ 3) 노무비 전용계좌 개설 ➔ 4) 하도급 계약 승인 통보서 결재 | N5: 👉 [더블클릭] 수행지침 열기 📄 | O5: 상하수도 전문건설업 면허/실적 심사, 하도급 적정성 평가(≥ 82%) 및 노무비 전용계좌 지정 | P5: 👉 [더블클릭] 체크리스트 열기 📄 | R5: 하도급거래 공정화에 관한 법률 및 계약 규정 | S5: 저가 하도급으로 인한 부실 시공 리스크 예방 | T5: 외주계약팀 전문 자문
A6: 2000 | B6: 2000-1 | C6: 공통 관리 Key Point & 사전 준비 | D6: 2000-1-5 | E6: P+10 | F6: 지장물 조사 (위탁기관 합동) | G6: 현장 공사팀 | H6: 지하안전법 수칙 | 한국전력, 도시가스, 수자원공사 1:1 현장 합동 조사 | 매설 위치, 관경(mm), 깊이 3D BIM 매핑 | I6: 1) 한전/가스/수자원공사 1:1 현장 입회 ➔ 2) 관로 위치, 관경(mm), 깊이 현측 ➔ 3) 3D BIM 매설 관로 매핑 ➔ 4) 지장물 조사서 감리 서면 승인 | J6: 한국전력, 도시가스, 수자원공사 1:1 현장 입회 및 지하 매설물 관경(mm), 심도 깊이 3D BIM 매핑 | K6: 지하안전법 수칙 | 한국전력, 도시가스, 수자원공사 1:1 현장 합동 조사 | 매설 위치, 관경(mm), 깊이 3D BIM 매핑 | L6: 👉 [더블클릭] 표준서 열기 📄 | M6: 1) 한전/가스/수자원공사 1:1 현장 입회 ➔ 2) 관로 위치, 관경(mm), 깊이 현측 ➔ 3) 3D BIM 매설 관로 매핑 ➔ 4) 지장물 조사서 감리 서면 승인 | N6: 👉 [더블클릭] 수행지침 열기 📄 | O6: 한국전력, 도시가스, 수자원공사 1:1 현장 입회 및 지하 매설물 관경(mm), 심도 깊이 3D BIM 매핑 | P6: 👉 [더블클릭] 체크리스트 열기 📄 | R6: 지하안전관리에 관한 특별법 및 측량 규정 | S6: 도면 상이로 인한 신규 지장물 불시 도출 리스크 방지 | T6: 지장물 이설업체 및 유관기관 담당자
A7: 2000 | B7: 2000-1 | C7: 공통 관리 Key Point & 사전 준비 | D7: 2000-1-6 | E7: P+15 | F7: 지장물 이설 계획 수립 | G7: 현장 공사팀 | H7: KCS 47 10 25 배수 및 관체 수칙 | 지장물 이설 공정표, 가설 방호 및 교통 우회 계획 수립 | 공사 착수 14일 전 감리 서면 승인 | I7: 1) 지장물 이설 공정표 수립 ➔ 2) 가설 매달기 방호 & 우회 차선 설계 ➔ 3) 착공 14일 전 감리단 제출 ➔ 4) 이설 계획서 책임감리원 승인 | J7: 지장물 이설 공정표 수립, 가설 매달기 방호/우회 차선 설계 및 착공 14일 전 감리 서면 승인 | K7: KCS 47 10 25 배수 및 관체 수칙 | 지장물 이설 공정표, 가설 방호 및 교통 우회 계획 수립 | 공사 착수 14일 전 감리 서면 승인 | L7: 👉 [더블클릭] 표준서 열기 📄 | M7: 1) 지장물 이설 공정표 수립 ➔ 2) 가설 매달기 방호 & 우회 차선 설계 ➔ 3) 착공 14일 전 감리단 제출 ➔ 4) 이설 계획서 책임감리원 승인 | N7: 👉 [더블클릭] 수행지침 열기 📄 | O7: 지장물 이설 공정표 수립, 가설 매달기 방호/우회 차선 설계 및 착공 14일 전 감리 서면 승인 | P7: 👉 [더블클릭] 체크리스트 열기 📄 | R7: 동탄트램 지장물 이설 종합 지침 | S7: 이설 순서 혼선으로 인한 재굴착 리스크 방지 | T7: 지장물 전문가 및 공무팀
A8: 2000 | B8: 2000-1 | C8: 공통 관리 Key Point & 사전 준비 | D8: 2000-1-7 | E8: P+20 | F8: 최고의 팀 만들기 지원 | G8: 외주관리팀 | H8: 건산법 상생협력 규정 | 지장물 전담 기술자 1:1 현장 배치 | 주간 3자 소통 회의 및 일일 TBM/안전교육 시행 | I8: 1) 지장물 전담 기술자 1:1 배치 ➔ 2) 3자 주간 소통 회의 개최 ➔ 3) 근로자 환경 개선 & TBM ➔ 4) One-Team 조직표 감리 서면 승인 | J8: 지장물 전담 기술자 1:1 현장 배치, 발주·감리·시공 3자 주간 소통 회의 및 일일 TBM/음주 측정(0.00%) | K8: 건산법 상생협력 규정 | 지장물 전담 기술자 1:1 현장 배치 | 주간 3자 소통 회의 및 일일 TBM/안전교육 시행 | L8: 👉 [더블클릭] 표준서 열기 📄 | M8: 1) 지장물 전담 기술자 1:1 배치 ➔ 2) 3자 주간 소통 회의 개최 ➔ 3) 근로자 환경 개선 & TBM ➔ 4) One-Team 조직표 감리 서면 승인 | N8: 👉 [더블클릭] 수행지침 열기 📄 | O8: 지장물 전담 기술자 1:1 현장 배치, 발주·감리·시공 3자 주간 소통 회의 및 일일 TBM/음주 측정(0.00%) | P8: 👉 [더블클릭] 체크리스트 열기 📄 | R8: 외주 하도급 관리 규정 | S8: 시공 미숙 작업반 투입으로 인한 사고 리스크 방지 | T8: 외주계약 전문 자문
A9: 2000 | B9: 2000-1 | C9: 공통 관리 Key Point & 사전 준비 | D9: 2000-1-8 | E9: D-60 | F9: 착수전 Big Room 회의 | G9: 현장소장 | H9: 현장 통합 관리 지침 | 발주처·감리·지자체·시공사 합동 빅룸 회의 | 지장물 간섭 Zero 및 마일스톤 연동 확정 | I9: 1) 4자(발주·감리·지자체·시공) 빅룸 결성 ➔ 2) 지장물 이설 마일스톤 연동 ➔ 3) 간섭 리스크 즉시 해소 ➔ 4) 빅룸 회의록 4자 서명 완수 | J9: 4자(발주·감리·지자체·시공) 빅룸 회의 결성, 지장물 간섭 Zero 및 마일스톤 연동 회의록 서명 | K9: 현장 통합 관리 지침 | 발주처·감리·지자체·시공사 합동 빅룸 회의 | 지장물 간섭 Zero 및 마일스톤 연동 확정 | L9: 👉 [더블클릭] 표준서 열기 📄 | M9: 1) 4자(발주·감리·지자체·시공) 빅룸 결성 ➔ 2) 지장물 이설 마일스톤 연동 ➔ 3) 간섭 리스크 즉시 해소 ➔ 4) 빅룸 회의록 4자 서명 완수 | N9: 👉 [더블클릭] 수행지침 열기 📄 | O9: 4자(발주·감리·지자체·시공) 빅룸 회의 결성, 지장물 간섭 Zero 및 마일스톤 연동 회의록 서명 | P9: 👉 [더블클릭] 체크리스트 열기 📄 | R9: 동탄트램 사업관리 지침 | S9: 유관기관 간 공정 중복으로 인한 중복 굴착 리스크 방지 | T9: 유관기관 관리자 및 분야별 전문가
A10: 2000 | B10: 2000-1S | C10: 사전준비: 공동 대응 방안 수립 | D10: 2000-1S-1 | E10: D-50 | F10: 인허가 절차 진행 | G10: 현장 공무팀 | H10: 도로법 및 하천법 준수 | 지자체 도로점용 허가 및 하천점용 허가서 접수 | 관련 부서 협의 및 법정 인허가 필증 수속 | I10: 1) 지자체 도로/하천점용 허가서 작성 ➔ 2) 관련 부서 서류 제출 & 심의 ➔ 3) 보증보험 증권 부착 ➔ 4) 법정 인허가 필증 감리 수속 | J10: 지자체 도로점용 허가 & 하천점용 허가서 수속, 보증보험 증권 제출 및 법정 인허가 필증 검수 | K10: 도로법 및 하천법 준수 | 지자체 도로점용 허가 및 하천점용 허가서 접수 | 관련 부서 협의 및 법정 인허가 필증 수속 | L10: 👉 [더블클릭] 표준서 열기 📄 | M10: 1) 지자체 도로/하천점용 허가서 작성 ➔ 2) 관련 부서 서류 제출 & 심의 ➔ 3) 보증보험 증권 부착 ➔ 4) 법정 인허가 필증 감리 수속 | N10: 👉 [더블클릭] 수행지침 열기 📄 | O10: 지자체 도로점용 허가 & 하천점용 허가서 수속, 보증보험 증권 제출 및 법정 인허가 필증 검수 | P10: 👉 [더블클릭] 체크리스트 열기 📄 | R10: 인허가 관련 행정법 및 도로법 | S10: 인허가 지연으로 인한 공사 중단 리스크 방지 | T10: 인허가 전문 자문
A11: 2000 | B11: 2000-1S | C11: 사전준비: 공동 대응 방안 수립 | D11: 2000-1S-2 | E11: D-45 | F11: 교통처리대책 협의 및 승인 | G11: 현장 공무팀/안전팀 | H11: 도로교통법 제69조 | 관할 경찰서 교통안전 심의 및 점용 허가 수령 | 우회 차선 도면 작성 및 안전 신호수 배치 | I11: 1) 교통 우회 도면 & 차선 설계 ➔ 2) 동탄경찰서 도로점용 허가 ➔ 3) 전담 신호수(2인 2조) 배치 ➔ 4) 교통소통 대책서 감리 서면 승인 | J11: 동탄경찰서 도로점용 허가, 우회 차선 설계 및 전담 안전 신호수(2인 2조)/LED 경광등 배치 | K11: 도로교통법 제69조 | 관할 경찰서 교통안전 심의 및 점용 허가 수령 | 우회 차선 도면 작성 및 안전 신호수 배치 | L11: 👉 [더블클릭] 표준서 열기 📄 | M11: 1) 교통 우회 도면 & 차선 설계 ➔ 2) 동탄경찰서 도로점용 허가 ➔ 3) 전담 신호수(2인 2조) 배치 ➔ 4) 교통소통 대책서 감리 서면 승인 | N11: 👉 [더블클릭] 수행지침 열기 📄 | O11: 동탄경찰서 도로점용 허가, 우회 차선 설계 및 전담 안전 신호수(2인 2조)/LED 경광등 배치 | P11: 👉 [더블클릭] 체크리스트 열기 📄 | R11: 도로교통법 및 교통영향평가 지침 | S11: 교통 혼잡민원 및 안전사고 발생 리스크 예방 | T11: 교통영향평가 전문 기술자
A12: 2000 | B12: 2000-1S | C12: 사전준비: 공동 대응 방안 수립 | D12: 2000-1S-3 | E12: D-40 | F12: 민원 저감 대책 수립 | G12: 현장 공무팀/민원팀 | H12: 대기환경보전법 및 소음진동관리법 | 야간 공사 소음 억제 방음벽(H=3m) 및 세륜기 가동 | 단수/단전 사전 안내 및 민원 대응반 가동 | I12: 1) 야간 공사 소음 방음벽(H=3m) 설치 ➔ 2) 세륜기 가동 & 분무 살수 ➔ 3) 단수/단전 사전 주민 공지 ➔ 4) 민원 대응반 서면 승인 | J12: 야간 공사 소음 방음벽(H=3m) 가동, 이동식 세륜기(깊이 1.2m) 가동 및 단수 사전 주민 알림 | K12: 대기환경보전법 및 소음진동관리법 | 야간 공사 소음 억제 방음벽(H=3m) 및 세륜기 가동 | 단수/단전 사전 안내 및 민원 대응반 가동 | L12: 👉 [더블클릭] 표준서 열기 📄 | M12: 1) 야간 공사 소음 방음벽(H=3m) 설치 ➔ 2) 세륜기 가동 & 분무 살수 ➔ 3) 단수/단전 사전 주민 공지 ➔ 4) 민원 대응반 서면 승인 | N12: 👉 [더블클릭] 수행지침 열기 📄 | O12: 야간 공사 소음 방음벽(H=3m) 가동, 이동식 세륜기(깊이 1.2m) 가동 및 단수 사전 주민 알림 | P12: 👉 [더블클릭] 체크리스트 열기 📄 | R12: 환경보전법 및 소음진동관리법 | S12: 집단 민원에 따른 현장 봉쇄 및 집회 리스크 방지 | T12: 민원 전담 현장 대리인
A13: 2000 | B13: 2000-1S | C13: 사전준비: 공동 대응 방안 수립 | D13: 2000-1S-4 | E13: D-35 | F13: 용지보상 Risk 파악 | G13: 현장 공무팀 / 토목계약관리팀 | H13: 토지보상법 준수 | 지장물 이설 부지 용지보상 현황 및 점용 경계 실측 | 미보상 사유지 가설 펜스 차단 및 우회 동선 | I13: 1) 미보상 사유지 경계 현출 ➔ 2) 가설 펜스(H=1.8m) 차단 ➔ 3) 3D 우회 토공 동선 수립 ➔ 4) 용지 보상 리스크 대책 승인 | J13: 미보상 사유지 경계 현출, 가설 펜스(H=1.8m) 차단 및 3D 우회 토공 동선 마일스톤 연동 | K13: 토지보상법 준수 | 지장물 이설 부지 용지보상 현황 및 점용 경계 실측 | 미보상 사유지 가설 펜스 차단 및 우회 동선 | L13: 👉 [더블클릭] 표준서 열기 📄 | M13: 1) 미보상 사유지 경계 현출 ➔ 2) 가설 펜스(H=1.8m) 차단 ➔ 3) 3D 우회 토공 동선 수립 ➔ 4) 용지 보상 리스크 대책 승인 | N13: 👉 [더블클릭] 수행지침 열기 📄 | O13: 미보상 사유지 경계 현출, 가설 펜스(H=1.8m) 차단 및 3D 우회 토공 동선 마일스톤 연동 | P13: 👉 [더블클릭] 체크리스트 열기 📄 | R13: 토지보상법 및 용지 보상 조례 | S13: 사유지 무단 침범에 따른 형사 고소 리스크 방지 | T13: 토지 보상 전문 행정사 자문
... A39: 2000 | B39: 2000-6 | C39: 공사 선행/후행 공종 요구사항 연계 | D39: 2000-6-2 | E39: D+100 | F39: 공사중 챙겨야할 후행공종의 요구사항 | G39: 현장 공사팀 / 강화노반팀 | H39: 공정 간섭 관리 지침 | 선행 토공 및 측량 기준점 성과 인수 대장 작성 | 3자 인계인수서 서명 완료 | I39: 1) 선행 토공 & 측량 성과 인수 ➔ 2) 현장 지장물 인계인수 ➔ 3) 3자 합동 현측 실시 ➔ 4) 인계인수서 3자 서명 완료 | J39: 선행 토공 및 측량 성과 인수 대장 작성, 3자 합동 현측 및 인계인수서 서명 완료 | K39: 공정 간섭 관리 지침 | 선행 토공 및 측량 기준점 성과 인수 대장 작성 | 3자 인계인수서 서명 완료 | L39: 👉 [더블클릭] 표준서 열기 📄 | M39: 1) 선행 토공 & 측량 성과 인수 ➔ 2) 현장 지장물 인계인수 ➔ 3) 3자 합동 현측 실시 ➔ 4) 인계인수서 3자 서명 완료 | N39: 👉 [더블클릭] 수행지침 열기 📄 | O39: 선행 토공 및 측량 성과 인수 대장 작성, 3자 합동 현측 및 인계인수서 서명 완료 | P39: 👉 [더블클릭] 체크리스트 열기 📄 | R39: 후행 공종 연계 인계 지침 | S39: 후행 궤도 시공 시 신규 이설 관로 재간섭 리스크 방지 | T39: 후행 강화노반 및 궤도 기술사

Sheet 상부강화노반
A1: L2 코드 | B1: L3 코드 | C1: L3 대공종명 | D1: L4 코드 | E1: 일정 (D-Day) | F1: 작업단위 (Level 4 Task/Activity) | G1: 주관 | H1: 목적 | I1: 방법 | J1: 산출물(결과) | K1: 표준서 (Standard) 요약 | L1: 표준서 파일 (HTML) | M1: 수행지침 (Guideline) 요약 | N1: 수행지침 파일 (HTML) | O1: 체크리스트 (Checklist) 요약 | P1: 체크리스트 파일 (HTML) | Q1: 비고 | R1: 첨부서류 연계 상세 설계기준 | S1: 집행단계 리스크 체크리스트 | T1: 협력사 시공/공사관리 자문
A2: 9000 | B2: 9000-7 | C2: 상부강화노반 | D2: 9000-7-1 | E2: D-100 | F2: 지반조사 상세검토 | G2: 현장 공사팀 | H2: KDS 47 10 00 철도지반 설계기준 준수 | 시추 주상도, GPR 3D 매핑 및 N치 < 4 연약지반 층후 경출 | PVD/DCM 개량 공법 확정 | I2: 1) 시추 주상도 & GPR 3D 매핑 분석 ➔ 2) N치 < 4 연약지반 심도 경계 추출 ➔ 3) PVD/DCM 개량 공법 검토 ➔ 4) 기술사 서명 지반조사 보고서 감리 승인 | J2: 시추 주상도 대조, GPR 지중 탐사 3D 매핑 및 N치 < 4 연약지반 층후 경출 (PVD/DCM 개량 승인) | K2: KDS 47 10 00 철도지반 설계기준 준수 | 시추 주상도, GPR 3D 매핑 및 N치 < 4 연약지반 층후 경출 | PVD/DCM 개량 공법 확정 | L2: 👉 [더블클릭] 표준서 열기 📄 | M2: 1) 시추 주상도 & GPR 3D 매핑 분석 ➔ 2) N치 < 4 연약지반 심도 경계 추출 ➔ 3) PVD/DCM 개량 공법 검토 ➔ 4) 기술사 서명 지반조사 보고서 감리 승인 | N2: 👉 [더블클릭] 수행지침 열기 📄 | O2: 시추 주상도 대조, GPR 지중 탐사 3D 매핑 및 N치 < 4 연약지반 층후 경출 (PVD/DCM 개량 승인) | P2: 👉 [더블클릭] 체크리스트 열기 📄 | R2: ● 설계 지반 정수 및 지층 상태 적합성 검토 | S2: 1) 👉 [더블클릭] 체크리스트 열기 📄
A3: 9000 | B3: 9000-7 | C3: 상부강화노반 | D3: 9000-7-2 | E3: D-70 | F3: 발주전략 KOM | G3: 현장소장 | H3: KCS 47 10 25 시방 검토 | 쇄석 입도 50mm 및 다짐도 ≥ 95% 명시 | 3D BIM 도면 대조 & 리스크 예비비 수립 킥오프 승인 | I3: 1) 발주처 시방서 요구조건 분석 ➔ 2) 3D BIM 도면 표고/구배 검증 ➔ 3) 지장물/용지 리스크 예비비 수립 ➔ 4) 발주·감리·시공 3자 킥오프 결재 | J3: KCS 47 10 25 시방 검토, 쇄석 입도 50mm/다짐도 95% 명시 및 3D BIM 도면 대조 (발주전략 킥오프 결재) | K3: KCS 47 10 25 시방 검토 | 쇄석 입도 50mm 및 다짐도 ≥ 95% 명시 | 3D BIM 도면 대조 & 리스크 예비비 수립 킥오프 승인 | L3: 표준서 보기 (HTML) | M3: 1) 발주처 시방서 요구조건 분석 ➔ 2) 3D BIM 도면 표고/구배 검증 ➔ 3) 지장물/용지 리스크 예비비 수립 ➔ 4) 발주·감리·시공 3자 킥오프 결재 | N3: 수행지침 보기 (HTML) | O3: KCS 47 10 25 시방 검토, 쇄석 입도 50mm/다짐도 95% 명시 및 3D BIM 도면 대조 (발주전략 킥오프 결재) | P3: 체크리스트 보기 (HTML) | R3: ● 본사 유관부서 발주 조달 기준 만족 | S3: 1) 👉 [더블클릭] 체크리스트 열기 📄
A4: 9000 | B4: 9000-7 | C4: 상부강화노반 | D4: 9000-7-3 | E4: D-60 (D-70~D-60) | F4: 철도보호지구에서의 행위신고(필요시) | G4: 현장 공사팀 | H4: 철도안전법 제45조 준수 | 궤도 중심 30m 법정 경계 측량(오차 ≤ 5mm) | 행위신고서 작성 및 운행선안전관리자 1:1 배치 | I4: 1) 궤도 중심 30m 법정 경계 측량 ➔ 2) 행위신고서/안전계획서 접수 ➔ 3) 관할 철도운영기관 기술 심의 ➔ 4) 운행선안전관리자 현장 1:1 배치 | J4: 궤도 중심 30m 법정 경계 측량(오차 ≤ 5mm), 행위신고서 접수 및 운행선안전관리자 1:1 현장 배치 | K4: 철도안전법 제45조 준수 | 궤도 중심 30m 법정 경계 측량(오차 ≤ 5mm) | 행위신고서 작성 및 운행선안전관리자 1:1 배치 | L4: 표준서 보기 (HTML) | M4: 1) 궤도 중심 30m 법정 경계 측량 ➔ 2) 행위신고서/안전계획서 접수 ➔ 3) 관할 철도운영기관 기술 심의 ➔ 4) 운행선안전관리자 현장 1:1 배치 | N4: 수행지침 보기 (HTML) | O4: 궤도 중심 30m 법정 경계 측량(오차 ≤ 5mm), 행위신고서 접수 및 운행선안전관리자 1:1 현장 배치 | P4: 체크리스트 보기 (HTML) | R4: ● 철도안전법 제45조 | S4: 1) 👉 [더블클릭] 체크리스트 열기 📄
A5: 9000 | B5: 9000-7 | C5: 상부강화노반 | D5: 9000-7-4 | E5: D-35 (D-60~D-35) | F5: 착수전 측량 Data 확인 | G5: 현장 공사팀 | H5: 공공측량 작업규정 준수 | 국가 CP/TBM 기준점 인수 및 GRS80 수준측량(폐합오차 ≤ 5mm√K) | 현장 인조점 3개소 매설 성과 확보 | I5: 1) 국가 CP/TBM 기준점 인수 ➔ 2) GRS80 수준측량(폐합오차 ≤ 5mm√K) ➔ 3) 현장 인조점 3개소 매설 ➔ 4) 측량 성과표 작성 & 3D BIM 승인 | J5: 국가 CP/TBM 기준점 인수, GRS80 수준측량(폐합오차 ≤ 5mm√K) 및 현장 인조점 3개소 매설 성과 | K5: 공공측량 작업규정 준수 | 국가 CP/TBM 기준점 인수 및 GRS80 수준측량(폐합오차 ≤ 5mm√K) | 현장 인조점 3개소 매설 성과 확보 | L5: 표준서 보기 (HTML) | M5: 1) 국가 CP/TBM 기준점 인수 ➔ 2) GRS80 수준측량(폐합오차 ≤ 5mm√K) ➔ 3) 현장 인조점 3개소 매설 ➔ 4) 측량 성과표 작성 & 3D BIM 승인 | N5: 수행지침 보기 (HTML) | O5: 국가 CP/TBM 기준점 인수, GRS80 수준측량(폐합오차 ≤ 5mm√K) 및 현장 인조점 3개소 매설 성과 | P5: 체크리스트 보기 (HTML) | R5: ● 시공측량 기준 공차 만족 | S5: 1) 👉 [더블클릭] 체크리스트 열기 📄
A6: 9000 | B6: 9000-7 | C6: 상부강화노반 | D6: 9000-7-5 | E6: D-40 (D-60~D-40) | F6: 지장물이설 협의 | G6: 현장 공사팀 | H6: 지하안전관리에 관한 특별법 제23조 | GPR 지중 탐사 & 인력 줄파기(깊이 1.5m) | 점용기관 입회 매달기 방호 및 이설 완료 승인 | I6: 1) GPR 3D 지중 관로 탐사 ➔ 2) 인력 시탐 줄파기(깊이 1.5m) ➔ 3) 관할 점용기관 1:1 현장 입회 ➔ 4) 매달기 방호 & 지장물 이설 완료 승인 | J6: GPR 3D 관로 탐사, 인력 시탐 줄파기(깊이 1.5m) 및 점용기관 1:1 현장 입회 매달기 방호 | K6: 지하안전관리에 관한 특별법 제23조 | GPR 지중 탐사 & 인력 줄파기(깊이 1.5m) | 점용기관 입회 매달기 방호 및 이설 완료 승인 | L6: 표준서 보기 (HTML) | M6: 1) GPR 3D 지중 관로 탐사 ➔ 2) 인력 시탐 줄파기(깊이 1.5m) ➔ 3) 관할 점용기관 1:1 현장 입회 ➔ 4) 매달기 방호 & 지장물 이설 완료 승인 | N6: 수행지침 보기 (HTML) | O6: GPR 3D 관로 탐사, 인력 시탐 줄파기(깊이 1.5m) 및 점용기관 1:1 현장 입회 매달기 방호 | P6: 체크리스트 보기 (HTML) | R6: ● 지장물 이설 관련 인허가 요건 | S6: 1) 👉 [더블클릭] 체크리스트 열기 📄
A7: 9000 | B7: 9000-7 | C7: 상부강화노반 | D7: 9000-7-6 | E7: D-40 (D-60~D-40) | F7: 용지보상RISK 검토 | G7: 현장 공사팀 | H7: 토지보상법 준수 | 미보상 사유지 경계 현출 및 가설 펜스(H=1.8m) 설치 | 3D 우회 토공 동선 수립 및 마일스톤 연동 | I7: 1) 미보상 사유지 필지 추출 ➔ 2) 경계 가설 펜스(H=1.8m) 차단 ➔ 3) 3D 우회 토공 동선 수립 ➔ 4) 용지 보상 리스크 대책 감리 승인 | J7: 미보상 사유지 경계 현출, 가설 펜스(H=1.8m) 차단 및 3D 우회 토공 동선 마일스톤 연동 | K7: 토지보상법 준수 | 미보상 사유지 경계 현출 및 가설 펜스(H=1.8m) 설치 | 3D 우회 토공 동선 수립 및 마일스톤 연동 | L7: 표준서 보기 (HTML) | M7: 1) 미보상 사유지 필지 추출 ➔ 2) 경계 가설 펜스(H=1.8m) 차단 ➔ 3) 3D 우회 토공 동선 수립 ➔ 4) 용지 보상 리스크 대책 감리 승인 | N7: 수행지침 보기 (HTML) | O7: 미보상 사유지 경계 현출, 가설 펜스(H=1.8m) 차단 및 3D 우회 토공 동선 마일스톤 연동 | P7: 체크리스트 보기 (HTML) | R7: ● 공정 지연 리스크 평가 기준 | S7: 1) 👉 [더블클릭] 체크리스트 열기 📄
A8: 9000 | B8: 9000-7 | C8: 상부강화노반 | D8: 9000-7-7 | E8: D-50 (D-60~D-50) | F8: 최고의 팀 만들기 지원 | G8: 현장 공사팀 | H8: 건산법 상생협력 규정 | 토공 전문 기술자 1:1 전담 배치 | 발주·감리·시공 3자 주간 소통 회의 및 일일 TBM 시행 | I8: 1) 전담 기술자 1:1 배치 ➔ 2) 3자 주간 소통 회의 개최 ➔ 3) 근로자 환경 개선 & TBM ➔ 4) One-Team 전담 조직표 서면 승인 | J8: 토공 전담 기술자 1:1 배치, 발주·감리·시공 3자 주간 소통 회의 및 일일 TBM/복지 지원 | K8: 건산법 상생협력 규정 | 토공 전문 기술자 1:1 전담 배치 | 발주·감리·시공 3자 주간 소통 회의 및 일일 TBM 시행 | L8: 표준서 보기 (HTML) | M8: 1) 전담 기술자 1:1 배치 ➔ 2) 3자 주간 소통 회의 개최 ➔ 3) 근로자 환경 개선 & TBM ➔ 4) One-Team 전담 조직표 서면 승인 | N8: 수행지침 보기 (HTML) | O8: 토공 전담 기술자 1:1 배치, 발주·감리·시공 3자 주간 소통 회의 및 일일 TBM/복지 지원 | P8: 체크리스트 보기 (HTML) | R8: ● 협력사 검증 및 풀(Pool) 운영 기준 | S8: 1) 👉 [더블클릭] 체크리스트 열기 📄
A9: 9000 | B9: 9000-7 | C9: 상부강화노반 | D9: 9000-7-8 | E9: D-35 (D-60~D-40) | F9: 연약지반 처리공법 검토(필요시) | G9: 현장 공사팀 | H9: 건진법 시행령 제89조 | KCS 47 10 25 다짐 수칙(다짐도 ≥ 95%, K30 ≥ 110) 명시 | 착공 14일 전 책임감리단 기술 승인 | I9: 1) 시공계획서 표준 8대 목차 작성 ➔ 2) KCS 47 10 25 수치 명시 ➔ 3) 착공 14일 전 감리단 제출 ➔ 4) 책임감리원 최종 서면 승인 | J9: 시공계획서 표준 8대 목차, KCS 47 10 25 다짐 수칙 수록 및 착공 14일 전 감리 서면 승인 | K9: 건진법 시행령 제89조 | KCS 47 10 25 다짐 수칙(다짐도 ≥ 95%, K30 ≥ 110) 명시 | 착공 14일 전 책임감리단 기술 승인 | L9: 표준서 보기 (HTML) | M9: 1) 시공계획서 표준 8대 목차 작성 ➔ 2) KCS 47 10 25 수치 명시 ➔ 3) 착공 14일 전 감리단 제출 ➔ 4) 책임감리원 최종 서면 승인 | N9: 수행지침 보기 (HTML) | O9: 시공계획서 표준 8대 목차, KCS 47 10 25 다짐 수칙 수록 및 착공 14일 전 감리 서면 승인 | P9: 체크리스트 보기 (HTML) | R9: ● 지반 개량 기술 시방 만족 | S9: 1) 👉 [더블클릭] 체크리스트 열기 📄
A10: 9000 | B10: 9000-7 | C10: 상부강화노반 | D10: 9000-7-9 | E10: D-35 (D-45~D-35) | F10: 토공 유동표 확인 | G10: 현장 공사팀 | H10: 건설근로자법 준수 | 공종별 기술 수첩 및 장비 조종원 면허 1:1 현측 | 일일 음주 측정(0.00%) 및 작업조 조직표 승인 | I10: 1) 토공 롤러/그레이더 조종원 자격 검증 ➔ 2) 건설기계 면허증 1:1 대조 ➔ 3) 일일 음주 측정 & Safety TBM ➔ 4) 작업조 편성표 감리 승인 | J10: 조종원/기술자 자격 수첩 1:1 대조, 건설기계 면허증 검증 및 일일 음주 측정(0.00%)/TBM | K10: 건설근로자법 준수 | 공종별 기술 수첩 및 장비 조종원 면허 1:1 현측 | 일일 음주 측정(0.00%) 및 작업조 조직표 승인 | L10: 표준서 보기 (HTML) | M10: 1) 토공 롤러/그레이더 조종원 자격 검증 ➔ 2) 건설기계 면허증 1:1 대조 ➔ 3) 일일 음주 측정 & Safety TBM ➔ 4) 작업조 편성표 감리 승인 | N10: 수행지침 보기 (HTML) | O10: 조종원/기술자 자격 수첩 1:1 대조, 건설기계 면허증 검증 및 일일 음주 측정(0.00%)/TBM | P10: 체크리스트 보기 (HTML) | R10: ● 건설기계 조합 선정 기준 | S10: 1) 👉 [더블클릭] 체크리스트 열기 📄
A11: 9000 | B11: 9000-7 | C11: 상부강화노반 | D11: 9000-7-10 | E11: D-30 (D-50~D-30) | F11: 기공승낙 적정성 검토 | G11: 현장 공사팀 | H11: 건설기계관리법 제13조 | 자중 10t+ 강동/타이어 롤러 및 3D GPS 모터그레이더 정기검사 검수 | 후방 센서 점검 및 반입 허가 | I11: 1) 10t+ 강동/타이어 롤러 사양 확정 ➔ 2) 정기검사증 & 등록증 검수 ➔ 3) 3D GPS 수신기/후방 카메라 점검 ➔ 4) 장비 반입 승인서 감리 결재 | J11: 자중 10t+ 강동/타이어 롤러 정기검사증, 3D GPS 수신기/후방 카메라 센서 테스트 및 반입 승인 | K11: 건설기계관리법 제13조 | 자중 10t+ 강동/타이어 롤러 및 3D GPS 모터그레이더 정기검사 검수 | 후방 센서 점검 및 반입 허가 | L11: 표준서 보기 (HTML) | M11: 1) 10t+ 강동/타이어 롤러 사양 확정 ➔ 2) 정기검사증 & 등록증 검수 ➔ 3) 3D GPS 수신기/후방 카메라 점검 ➔ 4) 장비 반입 승인서 감리 결재 | N11: 수행지침 보기 (HTML) | O11: 자중 10t+ 강동/타이어 롤러 정기검사증, 3D GPS 수신기/후방 카메라 센서 테스트 및 반입 승인 | P11: 체크리스트 보기 (HTML) | R11: ● 토지 사용 동의 및 합의 조건 검토 | S11: 1) 👉 [더블클릭] 체크리스트 열기 📄
A12: 9000 | B12: 9000-7 | C12: 상부강화노반 | D12: 9000-7-11 | E12: D-30 (D-40~D-30) | F12: 폐기물처리계획 수립 | G12: 현장 공사팀 | H12: KCS 47 10 25 쇄석 입도 규정 | 최대입경 50mm 이하, #200체 통과량 ≤ 5% | 수정다짐 CBR ≥ 30% 성적 산출 및 입도 DB 구축 | I12: 1) 석산 공급원 사전 승인 수속 ➔ 2) 쇄석 입도(Dmax 50mm) 체가름 시험 ➔ 3) 수정다짐 CBR(≥30%) 성적 산출 ➔ 4) 노반 재료 입도 DB 감리 승인 | J12: 쇄석 최대입경(Dmax ≤ 50mm), #200체 통과량(≤ 5%) 및 수정다짐 CBR(≥ 30%) 성적서 DB | K12: KCS 47 10 25 쇄석 입도 규정 | 최대입경 50mm 이하, #200체 통과량 ≤ 5% | 수정다짐 CBR ≥ 30% 성적 산출 및 입도 DB 구축 | L12: 표준서 보기 (HTML) | M12: 1) 석산 공급원 사전 승인 수속 ➔ 2) 쇄석 입도(Dmax 50mm) 체가름 시험 ➔ 3) 수정다짐 CBR(≥30%) 성적 산출 ➔ 4) 노반 재료 입도 DB 감리 승인 | N12: 수행지침 보기 (HTML) | O12: 쇄석 최대입경(Dmax ≤ 50mm), #200체 통과량(≤ 5%) 및 수정다짐 CBR(≥ 30%) 성적서 DB | P12: 체크리스트 보기 (HTML) | R12: ● 폐기물관리법 규정 준수 | S12: 1) 👉 [더블클릭] 체크리스트 열기 📄
A13: 9000 | B13: 9000-7 | C13: 상부강화노반 | D13: 9000-7-12 | E13: D-30 (D-40~D-30) | F13: 철도운행협의(필요시) | G13: 현장 공사팀 | H13: 토양환경보전법 준수 | 화성시 정식 사토장 인허가 확인 | 최대건조밀도 γd max ≥ 1.90g/cm³ & 토양오염 8개 항목 검사 완수 | I13: 1) 화성시 정식 사토장 허가 검증 ➔ 2) γd max ≥ 1.90g/cm³ & 오염 시험 ➔ 3) 덤프 운행 송장 일일 집계 ➔ 4) 사토 계획서 감리 서면 승인 | J13: 화성시 정식 사토장 인허가, 최대건조밀도 γd max ≥ 1.90g/cm³ 및 토양오염 8개 항목 검사 합격 | K13: 토양환경보전법 준수 | 화성시 정식 사토장 인허가 확인 | 최대건조밀도 γd max ≥ 1.90g/cm³ & 토양오염 8개 항목 검사 완수 | L13: 표준서 보기 (HTML) | M13: 1) 화성시 정식 사토장 허가 검증 ➔ 2) γd max ≥ 1.90g/cm³ & 오염 시험 ➔ 3) 덤프 운행 송장 일일 집계 ➔ 4) 사토 계획서 감리 서면 승인 | N13: 수행지침 보기 (HTML) | O13: 화성시 정식 사토장 인허가, 최대건조밀도 γd max ≥ 1.90g/cm³ 및 토양오염 8개 항목 검사 합격 | P13: 체크리스트 보기 (HTML) | R13: ● 철도 안전 및 운행 협의 지침 준수 | S13: 1) 👉 [더블클릭] 체크리스트 열기 📄
... A37: 9000 | B37: 9000-7 | C37: 상부강화노반 | D37: 9000-7-36 | E37: D+55~240 | F37: 토공 마무리면 인계 | G37: 현장 공사팀 | H37: KCS 47 10 25 최종 인계인수 | 토공-궤도-감리 3자 합동 현측(표고 ±10mm, K30 ≥ 110) | 인계인수 합의서 서명 및 노반 완공 통보 | I37: 1) 3자(토공-궤도-감리) 합동 현측 ➔ 2) 표고(±10mm) & K30(≥110) 재검측 ➔ 3) 인계인수 합의서 3자 서명 ➔ 4) 상부강화노반 최종 완공 통보 | J37: 토공-궤도-감리 3자 합동 현측(표고 ±10mm, K30 ≥ 110), 인계인수 합의서 서명 및 완공 통보 | K37: KCS 47 10 25 최종 인계인수 | 토공-궤도-감리 3자 합동 현측(표고 ±10mm, K30 ≥ 110) | 인계인수 합의서 서명 및 노반 완공 통보 | L37: 표준서 보기 (HTML) | M37: 1) 3자(토공-궤도-감리) 합동 현측 ➔ 2) 표고(±10mm) & K30(≥110) 재검측 ➔ 3) 인계인수 합의서 3자 서명 ➔ 4) 상부강화노반 최종 완공 통보 | N37: 수행지침 보기 (HTML) | O37: 토공-궤도-감리 3자 합동 현측(표고 ±10mm, K30 ≥ 110), 인계인수 합의서 서명 및 완공 통보 | P37: 체크리스트 보기 (HTML) | R37: ● 후속 공종 인도 기준 오차 관리 | S37: 1) 👉 [더블클릭] 체크리스트 열기 📄

Sheet 콘크리트도상
A1: L2 코드 | B1: L3 코드 | C1: L3 대공종명 | D1: L4 코드 | E1: 일정 (D-Day) | F1: 작업단위 (Level 4 Task/Activity) | G1: 주관 | H1: 목적 | I1: 방법 | J1: 산출물(결과) | K1: 표준서 (Standard) 요약 | L1: 표준서 파일 (HTML) | M1: 수행지침 (Guideline) 요약 | N1: 수행지침 파일 (HTML) | O1: 체크리스트 (Checklist) 요약 | P1: 체크리스트 파일 (HTML) | Q1: 비고 | R1: 첨부서류 연계 상세 설계기준 | S1: 집행단계 리스크 체크리스트 | T1: 협력사 시공/공사관리 자문
A2: 9000 | B2: 9000-6 | C2: 콘크리트도상분야 | D2: 9000-6-1 | E2: D-120 (D-150~D-120) | F2: 설계적정성 검토 | G2: 현장소장 | H2: 노반부/궤도부 선형 및 종단 일치 등 설계오류 및 누락 확인 | I2: 노반부/궤도부 선형 및 종단 도면 및 설계 자료 비교 검토 실시 - 궤도 부속자재(체결구, 침목 등) 소요비 비용 설계반영 확인 - 유사시공사례 Case Study - 지원: 본사담당팀(설계/수행/품질/외주) | J2: 설계도면 검토서, 선형대조표 | K2: KDS 47 30 00 궤도 설계기준 및 국토교통부 트램 건설 규칙을 엄격히 준수한다. 노반부-궤도부 선형 및 종단 계획고 일치 오차 0mm 검토. | L2: 👉 [더블클릭] 표준서 열기 📄 | M2: 1) 하부 HBS 강화노반 지지력(K70 ≥ 150 MPa/m) 및 평탄성 사전 검측 확인 2) 궤도 정밀 검측: 궤간(1435mm), 캔트(±2mm), 수평(±2mm), 고저(±2mm/10m), 비틀림(1.5mm/3m) 실시간 검측 | N2: 👉 [더블클릭] 수행지침 열기 📄 | O2: 설계 도면 간섭 검속, 궤도 중심선 계획 표고 대조, 종단 구배 한계치 준수 확인 | P2: 👉 [더블클릭] 체크리스트 열기 📄 | R2: ● 노반부 및 궤도 선형 기하학적 설계 기준 일치성 | S2: 1) 👉 [더블클릭] 체크리스트 열기 📄
A3: 9000 | B3: 9000-6 | C3: 콘크리트도상분야 | D3: 9000-6-2 | E3: D-100 (D-120~D-100) | F3: 자재 야적장 선정 | G3: 현장 공무팀 | H3: 콘크리트도상 시공에 필요한 침목, 체결구 등 자재야적 부지 선정 | I3: - 야적장소는 반입자재 및 노반 구조물 파손 방지를 위해 연약지반, 방호벽의 침하 예상부위를 피해서 선정 - 타 분야(전철전력, 송변전, 건축, 신호통신) 간섭사항을 고려하여 동선이 겹치지 않도록 선정 | J3: 부지사용계약서, 가설야적장 평면도 | K3: 침목, 체결구, 홈레일 등 궤도 주요 자재의 현장 보관 기준 수립. 배수 경사 2% 및 지반 다짐도 95% 이상 야적장 확보. | L3: 👉 [더블클릭] 표준서 열기 📄 | M3: 1) 야적 부지 지반재하시험(K70 ≥ 150 MPa/m)을 실시하여 하중 침하 여부 사전 검증 2) 장대레일 운반 트레일러(길이 30m 이상) 회전반경 및 크레인 인양 진입로 확보 | N3: 👉 [더블클릭] 수행지침 열기 📄 | O3: 야적장 지반 다짐도 95% 이상, 배수 경사 2% 이상 확보, 자재 천막 덮개 구비 | P3: 👉 [더블클릭] 체크리스트 열기 📄 | R3: ● 궤도 자재의 환경 보호 및 보관 관리 지침 | S3: 1) 👉 [더블클릭] 체크리스트 열기 📄
A4: 9000 | B4: 9000-6 | C4: 콘크리트도상분야 | D4: 9000-6-3 | E4: D-100 (D-120~D-100) | F4: 레일 용접장 선정 | G4: 현장 공무팀 | H4: 정척레일 15본을 용접하여 200m 이상의 장대레일 제작하는 작업장을 선정 (타분야 인터페이스 고려) | I4: - 용접기 설치, 정척레일 및 장대레일 보관장소를 고려, 최소 400m 이상의 공간을 확보하고 장대레일 분출 범위를 고려, 본선 용접장 선정 - 타 분야(전철전력, 송변전, 건축, 신호통신) 인터페이스 간섭사항 고려 | J4: 용접장 임시지정서, NDT 검사실 계획서 | K4: EN 14730 테르밋 및 EN 14587 가스압접 용접을 위한 작업 공간 확보. 정척레일(25m)을 200m 장대로 용접하는 평탄 작업대 수평 오차 ±1mm 이내 확보. | L4: 👉 [더블클릭] 표준서 열기 📄 | M4: 1) m 장대레일 일직선 이송을 위한 롤러대 기반 수평 정밀 측량 (오차 ±0.5mm/10m 이내) 2) 가스압접/플래시버트 용접용 대용량 전력 및 아세틸렌/산소 가스 안전 저장소 확보 | N4: 👉 [더블클릭] 수행지침 열기 📄 | O4: 용접장 평탄성 오차 ±1mm 이내, 전력 공급 및 방풍 시설 완비, NDT(비파괴) 대기 공간 확보 | P4: 👉 [더블클릭] 체크리스트 열기 📄 | R4: ● 장대레일 제작장 확보 및 공간 레이아웃 만족 | S4: 1) 👉 [더블클릭] 체크리스트 열기 📄
A5: 9000 | B5: 9000-6 | C5: 콘크리트도상분야 | D5: 9000-6-4 | E5: D-90 (D-120~D-90) | F5: 발주전략 KOM | G5: 현장 공무팀 | H5: 궤도공사 발주전략 수립 / 발주조건 CP적합 여부 검토 | I5: - 가시공 B/P 적정성 검토 - 발주시기, 발주내역, 현설조건, 현장여건 고려 발주전략 분석 - 사전검토한 설계 및 공법 반영 - 현설설명서 작성 (하자관리방안이 포함된 특기사항 체크리스트 반영) - 노선 공정계획(구간별 인도시기 고려) - 궤도설치 후 합동점검시 레일 및 틀어짐 허용오차 이상 발생시 보수 의무사항 안내 - 지원: 본사담당팀(외주/수행/견적) | J5: KOM 의사록, 품질 보증 합의서 | K5: KCS 47 30 00 시방 기준 준수. 궤도 자재 품질 확인서 및 외산 홈레일 조달 리스크 대응 전략 수립. | L5: 👉 [더블클릭] 표준서 열기 📄 | M5: 1) 제조사 공장검사(FAT) 항목 및 궤도 정밀 검측 공차 기준 전파 2) KDS 47 30 00 및 KS 규격 만족 자재 목록 및 세부 발주 물량 확정 | N5: 👉 [더블클릭] 수행지침 열기 📄 | O5: 품질 요구조건 특기시방서 의결, 외산 홈레일 선적일정 검토, 자재 인도 시점 확약 | P5: 👉 [더블클릭] 체크리스트 열기 📄 | R5: ● 본사 외주/수행 부서 및 토목견적팀 협의 지침 준수 | S5: 1) 👉 [더블클릭] 체크리스트 열기 📄
A6: 9000 | B6: 9000-6 | C6: 콘크리트도상분야 | D6: 9000-6-5 | E6: D-60 (D-90~D-60) | F6: 최고의 팀 만들기 지원 | G6: 외주관리팀 | H6: 우수 협력사 및 작업반 선정 | I6: - 동일 환경조건 시공경험 보유 여부 검토 - 투입인원 경력, 현장이해도, 관리역량, 파트너 업체 검증 | J6: 협력사 적격성 심사표, 노무안전서약철 | K6: EN ISO 9606-1 용접 자격자 및 궤도 정밀 검측원(Track Master 운용원) 확보 심사 기준. | L6: 👉 [더블클릭] 표준서 열기 📄 | M6: 1) EN ISO 14730 용접원 자격증 및 광학 측량 기술자 자격 검증 2) 스핀들 게이지 조정, 캔트 달성구배, 테르밋 산화반응 제어 사전 모의 훈련 | N6: 👉 [더블클릭] 수행지침 열기 📄 | O6: 용접공 자격증 원본 대조, 정밀 검측 장비 검교정 확인, 궤도 전문 기술사 면허 검토 | P6: 👉 [더블클릭] 체크리스트 열기 📄 | R6: ● 협력업체 역량 평가 및 등록 관리 기준 만족 | S6: 1) 👉 [더블클릭] 체크리스트 열기 📄
A7: 9000 | B7: 9000-6 | C7: 콘크리트도상분야 | D7: 9000-6-6 | E7: D-70 (D-70~D-60) | F7: 콘크리트 타설방법/계획 검토 | G7: 현장 공사팀 | H7: 현장여건에 따른 구간/위치별 적정 타설방법 및 계획 검토 | I7: - 펌프카 타설: 공간이 넓거나, 교량 하부에서 타설이 가능한 경우 적용 - 압송관 타설: 교량이나 터널 (L=300~500m)에 적합 - 개조장비 타설: 개조 믹서트럭을 이용하여 타설 | J7: 콘크리트 타설공정 계획서, 펌프카 배치도 | K7: KCS 47 30 00 콘크리트 궤도 시방 준수. 펌프카 타설압력에 의한 궤광 변위 방지 지지 계획 수립. | L7: 👉 [더블클릭] 표준서 열기 📄 | M7: 1) TCL 콘크리트(f_ck ≥ 30 MPa) 및 PST 충전재(f_ck ≥ 45 MPa) 배합 성적서 확인 2) 레미콘 운반시간(60분 이내) 및 펌프카 배치 공간 사전 확보 | N7: 👉 [더블클릭] 수행지침 열기 📄 | O7: 구간별 펌프카 배치도 작성, 타설 시 궤광 고정 잭 지지 계획 승인, 콘크리트 슬럼프 품질 확인 | P7: 👉 [더블클릭] 체크리스트 열기 📄 | R7: ● 콘크리트 연속타설 및 콜드조인트 방지 기준 | S7: 1) 👉 [더블클릭] 체크리스트 열기 📄
A8: 9000 | B8: 9000-6 | C8: 콘크리트도상분야 | D8: 9000-6-7 | E8: D-60 | F8: 작수전 Big Room 회의 | G8: 현장소장 | H8: 궤도공사 수행 시 공정계획 수립 / 수행 시 예상가능한 Risk 검토 | I8: 본사/현장/협력사 협의체 구축 후 상세검토 1) 궤도공사 공정계획 수립: - 자재, 장비 반입로/반입구 사용가능 시기에 따른 자재반입 계획 수립, - 노선 Handover 시기에 따른 시공계획 수립 2) 타설계획 수립: -현장여건을 고려한 타설방법 선정 3) 공종별 Risk Hedge방안 검토: - 외산자재 반입일정 확정 - 플래시버트 장비 임대 또는 특수용접사 확보 ※ 참석: 현장소장, 공무/공사/품질/안전 Part담당자, 궤도협력업체, 선후행 공종 협력업체, 본사 담당팀(견적/설계/수행(공정)/품질/안전) | J8: 빅룸 회의록, 인터페이스 대장 | K8: 노반-궤도 간 인터페이스, 신호 루프 센서 및 누설 전류(Stray Current) 부식 방지 디오드 접지선 매설 계획 의결. | L8: 👉 [더블클릭] 표준서 열기 📄 | M8: 1) 노반-궤도 인수인계 높이 공차 및 신호 루프센서 위치 취합 2) 도로 매설 궤도 표면과 도로 포장 표면 마감 높이 일치성 확정 | N8: 👉 [더블클릭] 수행지침 열기 📄 | O8: 신호 센서 매설 위치 철근 간섭 해결, 접지선 용접부 연속성 확인, 부서 합동 서명 날인 | P8: 👉 [더블클릭] 체크리스트 열기 📄 | R8: ● 유관 공종(토목, 전기, 신호) 인터페이스 검토 | S8: 1) 👉 [더블클릭] 체크리스트 열기 📄
A9: 9000 | B9: 9000-6 | C9: 콘크리트도상분야 | D9: 9000-6-8 | E9: D-60 | F9: 장비,자재 반입로/반입구 간섭 검토 | G9: 현장공사팀 | H9: 장비, 자재의 반입로/반입구의 타공종 간섭 검토 | I9: - 자재반입 시 노반 시공 간섭 검토 - 자재반입로/반입구 사용가능 시기 검토 | J9: 반입로 시뮬레이션 보고서, 도로점용 허가서 | K9: 장대레일 운반 트레일러(길이 25m 이상) 도로 회전 반경 R=15m 확보 및 타공종 가설재 간섭 배제. | L9: 👉 [더블클릭] 표준서 열기 📄 | M9: 1) 상부 신호등/가공전선 이격거리(5m 이상) 및 도로점용 허가 구역 조사 2) 전담 신호수 배치 및 대형 레일 운반 차량 유도 | N9: 👉 [더블클릭] 수행지침 열기 📄 | O9: 트레일러 회전 시뮬레이션 승인, 가설 비계 간섭 범위 해제, 도로 점용 허가 필증 확인 | P9: 👉 [더블클릭] 체크리스트 열기 📄 | R9: ● 궤도 시공 가설 동선 적합성 검토 | S9: 1) 👉 [더블클릭] 체크리스트 열기 📄
A10: 9000 | B10: 9000-6 | C10: 콘크리트도상분야 | D10: 9000-6-9 | E10: D-60 | F10: 자재조달계획 검토 | G10: 현장관리팀, 현장공사팀 | H10: 외산자재 검수 및 반입일정 검토 / 노반 공정에 따른 반입 시기 검토 | I10: - 외산자재 수량 및 위치, 야적장 규모 등을 고려하여 주문 시기 검토 - 노반 인도 구역 및 규모에 따른 자재 조달계획 수립 | J10: 자재수급스케줄표, 조달 승인서 | K10: 홈레일, 체결구, 탄성 충전재 등 주요 자재의 해상 운송 및 국내 보관 일정 검토. OMC 품질 시방 확보. | L10: 👉 [더블클릭] 표준서 열기 📄 | M10: 1) 특수 홈레일 및 PST 패널 조달 마스터 일정표 검토 2) PST 슬래브 공장 생산 강도 및 홈레일 단면 검수 | N10: 👉 [더블클릭] 수행지침 열기 📄 | O10: 선적 서류 및 통관 승인서 구비, 국내 야적장 2차 보관 상태 점검, 자재 공급 승인서 확인 | P10: 👉 [더블클릭] 체크리스트 열기 📄 | R10: ● 주요 외산 자재 공급 및 선적 일정 확인 | S10: 1) 👉 [더블클릭] 체크리스트 열기 📄
A11: 9000 | B11: 9000-6 | C11: 콘크리트도상분야 | D11: 9000-6-10 | E11: D-50 (D-60~50) | F11: 자재 발주 요청 | G11: 현장 공무팀 | H11: 시공에 필요한 자재 발주 | I11: - 자재 규격 및 반입 일정 계획 수립 - 시공에 필요한 당사 지급자재에 대한 발주 요청 - 지원: GP/SRM팀 | J11: 자재청구서, 공급원 승인요청철 | K11: KDS 47 30 00 및 EN 규격 기준 자재 발주서 승인. 공급원 검토 승인 요청서 작성 요령 준수. | L11: 👉 [더블클릭] 표준서 열기 📄 | M11: 1) kg/m 레일, 51R1 홈레일, PST 패널 산출 물량 검증 2) 공장 검사(FAT) 조건 및 성적서 첨부 명시 | N11: 👉 [더블클릭] 수행지침 열기 📄 | O11: 자재 발주 수량 설계 대조, 공급원 승인 필증 원본 확인, 발주 공문 승인 요청 | P11: 👉 [더블클릭] 체크리스트 열기 📄 | R11: ● 조달 지침 및 품질 규격 검토 | S11: 1) 👉 [더블클릭] 체크리스트 열기 📄
A12: 9000 | B12: 9000-6 | C12: 콘크리트도상분야 | D12: 9000-6-11 | E12: D-30 (D-60~D-30) | F12: 시공계획 수립 | G12: 현장 공사팀/공무팀/안전팀/품질팀 | H12: 궤도공 전반에 대한 수행 계획 공유 | I12: - 공사 위치, 공사 수행 순서, 공사 수행방법 설명 회의를 통한 공유 - 주요 공정별 시공/안전/장비/자재관련 유의사항 토의 - 문제점 발굴 및 대책 마련 브레인 스토밍 | J12: 궤도공사 시공계획서, 안전보건계획서 | K12: 콘크리트도상 시공 절차 및 공정 스케줄 작성. 궤간(+3,-1mm), 캔트(±2mm) 관리계획 수립. | L12: 👉 [더블클릭] 표준서 열기 📄 | M12: 1) HBS 노반 지지력 검증 및 궤도 정밀 CP 측량 시공계획 수립 2) 스핀들 게이지 조정, 테르밋 용접(EN 14730) 및 TCL 콘크리트 타설 수칙 수립 | N12: 👉 [더블클릭] 수행지침 열기 📄 | O12: 시공계획서 감리단 최종 승인, 선형 관리 한계선 설정 확인, 품질보증계획서 제출 | P12: 👉 [더블클릭] 체크리스트 열기 📄 | R12: ● 궤도 공사 표준시방서 만족 | S12: 1) 👉 [더블클릭] 체크리스트 열기 📄
A13: 9000 | B13: 9000-6 | C13: 콘크리트도상분야 | D13: 9000-6-12 | E13: D-0 (D-30~D-0) | F13: 자재 반입 | G13: 현장 공사팀/자재팀 | H13: 매립형 궤도/반-PC슬래브용 주요 자재 반입 | I13: - 그루브드레일, 레일고정액상수지, 분기기, 특수 분기기는 외산 자재이며 콘크리트도상 시공 60일 전 공장검수 및 반입 일정을 결정 (체결장치는 국내 생산) - 주로 25Ton 장축 트레일러가 운반장비로 투입되며, 대형차량 이동에 따른 도로 차단계획, 싸인카 투입, 신호수 배치 와 같은 교통관리 계획에 대하여 경찰서, 구청과 사전협의 | J13: 자재인수검사 대장, 불량재 처리부 | K13: 반입 자재의 공장 성적서 대조 및 감리 입회 자재 인수 검사 수행. 변형/균열 자재 전량 반출. | L13: 👉 [더블클릭] 표준서 열기 📄 | M13: 1) 송장, 공장 시험성적서 및 KCS 시방 사양 대조 2) 레일 표면 흠집 및 PST 패널 치수 오차(±2mm) 측정 | N13: 👉 [더블클릭] 수행지침 열기 📄 | O13: 인수 검서 보고서 감리 서명, 자재 고유 마킹 대조, 손상 자재 반출 대장 기록 | P13: 👉 [더블클릭] 체크리스트 열기 📄 | R13: ● 자재 시험성적서 및 외산 자재 수입 적격 증명 | S13: 1) 👉 [더블클릭] 체크리스트 열기 📄
... A24: 9000 | B24: 9000-6 | C24: 콘크리트도상분야 | D24: 9000-6-23 | E24: D+75일 이후 | F24: 후속공사 인수인계 | G24: 현장 공사팀/품질팀 | H24: 완료구간 후속공사 인수인계 | I24: 완료된 궤도 구간에 대해 후속 분야(전기, 신호 등)가 공사를 진행할 수 있도록 인계 | J24: 궤도 완공 인수서명부, 절연저항 성적철 | K24: 전기/신호/노반 담당자 입회 하에 궤도 회로 절연 저항 ≥ 100MΩ 검속. 준공 도면 일치 서명. | L24: 👉 [더블클릭] 표준서 열기 📄 | M24: 1) 궤도 회로 절연 및 궤간 오차 현장 합동 확인 2) 구간별 NDT 용접 성과표, 강도 성적서 및 궤도 정열표 대조 | N24: 👉 [더블클릭] 수행지침 열기 📄 | O24: 3자 공동 인수 서명 날인, 절연 저항 테스트 결과표 첨부, CAD 준공 대장 제출 | P24: 👉 [더블클릭] 체크리스트 열기 📄 | R24: ● 후속 공종 인수인계 표준 지침 | S24: 1) 👉 [더블클릭] 체크리스트 열기 📄

Sheet 건축
A1: L2 코드 | B1: L3 코드 | C1: L3 대공종명 | D1: L4 코드 | E1: 작업단위 (Level 4 Task/Activity) | F1: 주관 | G1: 목적 | H1: 방법 | I1: 산출물(결과) | J1: 표준서 (Standard) 요약 | K1: 표준서 파일 (HTML) | L1: 수행지침 (Guideline) 요약 | M1: 수행지침 파일 (HTML) | N1: 체크리스트 (Checklist) 요약 | O1: 체크리스트 파일 (HTML) | P1: 비고 | Q1: 첨부서류 연계 상세 설계기준 | R1: 집행단계 리스크 체크리스트 | S1: 협력사 시공/공사관리 자문
A2: 9000 | B2: 9000-4 | C2: 건축 | D2: 9000-4-1 | E2: 설계 적정성 검토 | F2: 현장 공무팀 | G2: 건축 설계 오류 및 누락사항 검토 | H2: - 시공성 검토: 구조물, 마감, 가시설 등 - 기계설비/전기/통신 등 인터페이스: 개구부/슬리브 반영 유무 및 확인 - 관련규정(법규지침) 최신 개정사항이 설계 반영되었는지 확인 - 신기술/특허 반영 유무 검토 - 품질/안전 Risk 검토 및 관리방안 검토 | I2: 설계변경 예상 List, 회의록 | J2: 1) 설계 적정성 검토 (WBS 9000-4-1) 관련 시공성 검토: 구조물, 마감, 가시설 등 수칙 및 법적 이행 의무를 1:1 준수한다. 또한 KDS 41 00 00 (건축구조기준), KDS 41 17 00 (내진설계기준) 및 KCS 41 00 00 (건축공사 표준시방서) 기술기준을 100% 충족한다. 2) 설계 적정성 검토 달성을 위한 필수 시공 방법(시공성 검토: 구조물, 마감, 가시설 등 기계설비/전기/통신 등 인터페이스: 개구부/슬리브 반영 유무 및 확...) 및 국가 기술 규격을 엄격히 보장한다. 이에 따라 구조 안전성 100% 입증, 누수/균열 하자 0건 달성 및 책임감리원 최종 결재를 완료하여 지자체 건축물 사용승인(준공) 필증을 획득한다. | K2: 👉 [더블클릭] 표준서 열기 📄 | L2: 1) 설계 적정성 검토 (WBS 9000-4-1) 사전 건축 인허가 서식 제출(관할 지자체/소방서), 3D BIM 도서 대조 및 기계·전기·통신 4대 인터페이스 개구부를 확정한다. 2) 실무 작업방법 수칙(시공성 검토: 구조물, 마감, 가시설 등 기계설비/전기/통신 등 인터페이스: 개구부/슬리브 반...)에 따라 철근 이음/피복두께 검측, 거푸집 다짐 양생 및 현장 3대 금기 수칙(피복 미달, 무단 타설)을 완수한다. | M2: 👉 [더블클릭] 수행지침 열기 📄 | N2: 1) 건축법 제11조 및 KDS 41 00 00 건축구조기준에 따라 설계 적정성 검토 사전 검토를 수행하였는가? 또한 레미콘 규격(24~30MPa), 철근 시험성적서 및 방수자재 KCS 표준 품질 적격성을 검수하였는가? 2) 미검측 및 정량 시방 미달에 따른 설계 적정성 검토 (WBS 9000-4-1) 구조 균열/누수 하자 발생, 개구부 누락 재시공 손실 및 최종 설계변경 예상 List, 회의록 승인 반려 리스크를 전면 차단한다. | O2: 👉 [더블클릭] 체크리스트 열기 📄 | Q2: ● 건축법 및 관련 소방, 정보통신 등 인터페이스 설계기준 준수 | R2: 1) 👉 [더블클릭] 체크리스트 열기 📄
A3: 9000 | B3: 9000-4 | C3: 건축 | D3: 9000-4-2 | E3: 발주전략 KOM | F3: 현장소장 | G3: 건축 구조물 및 내부, 마감공사 발주 전략 수립 | H3: - 가시공 B/P 적정성 검토 - 현설조건 검토 - 공법 및 공기 검토 - 예산 적정성 검토 - 현장 여건 및 지반상태(기초, 말뚝등) 검토 | I3: KOM 검토결과서, 현설서 | J3: 1) 발주전략 KOM (WBS 9000-4-2) 관련 가시공 B/P 적정성 검토 수칙 및 법적 이행 의무를 1:1 준수한다. 또한 KDS 41 00 00 (건축구조기준), KDS 41 17 00 (내진설계기준) 및 KCS 41 00 00 (건축공사 표준시방서) 기술기준을 100% 충족한다. 2) 발주전략 KOM 달성을 위한 필수 시공 방법(가시공 B/P 적정성 검토 현설조건 검토 공법 및 공기 검토 예산 적정성 검토 현장 여건 및 지반상태(기초,...) 및 국가 기술 규격을 엄격히 보장한다. 이에 따라 구조 안전성 100% 입증, 누수/균열 하자 0건 달성 및 책임감리원 최종 결재를 완료하여 지자체 건축물 사용승인(준공) 필증을 획득한다. | K3: 👉 [더블클릭] 표준서 열기 📄 | L3: 1) 발주전략 KOM (WBS 9000-4-2) 사전 건축 인허가 서식 제출(관할 지자체/소방서), 3D BIM 도서 대조 및 기계·전기·통신 4대 인터페이스 개구부를 확정한다. 2) 실무 작업방법 수칙(가시공 B/P 적정성 검토 현설조건 검토 공법 및 공기 검토 예산 적정성 검토 현장 여건 및 ...)에 따라 철근 이음/피복두께 검측, 거푸집 다짐 양생 및 현장 3대 금기 수칙(피복 미달, 무단 타설)을 완수한다. | M3: 👉 [더블클릭] 수행지침 열기 📄 | N3: 1) 건축법 제11조 및 KDS 41 00 00 건축구조기준에 따라 발주전략 KOM 사전 검토를 수행하였는가? 또한 레미콘 규격(24~30MPa), 철근 시험성적서 및 방수자재 KCS 표준 품질 적격성을 검수하였는가? 2) 미검측 및 정량 시방 미달에 따른 발주전략 KOM (WBS 9000-4-2) 구조 균열/누수 하자 발생, 개구부 누락 재시공 손실 및 최종 KOM 검토결과서, 현설서 승인 반려 리스크를 전면 차단한다. | O3: 👉 [더블클릭] 체크리스트 열기 📄 | Q3: ● 본사외주부서, 수행부서, 토목견적팀 협의사항 준수 | R3: 1) 👉 [더블클릭] 체크리스트 열기 📄
A4: 9000 | B4: 9000-4 | C4: 건축 | D4: 9000-4-3 | E4: 착공전 건축 인허가 | F4: 현장소장 | G4: 관련법에 따라 착수전 건축인허가 추진 | H4: - 건축허가 요청(->관할 지자체) - 착공신고서 제출(->관할 지자체) - 소방시설공사 착공신고서 제출 (->관할 소방서) - 정보통신공사 착공전 설계도 확인(->관할 지자체) | I4: 인허가 신고/승인 문서 | J4: 1) 착공전 건축 인허가 (WBS 9000-4-3) 관련 건축허가 요청(->관할 지자체) 수칙 및 법적 이행 의무를 1:1 준수한다. 또한 KDS 41 00 00 (건축구조기준), KDS 41 17 00 (내진설계기준) 및 KCS 41 00 00 (건축공사 표준시방서) 기술기준을 100% 충족한다. 2) 착공전 건축 인허가 달성을 위한 필수 시공 방법(건축허가 요청(->관할 지자체) 착공신고서 제출(->관할 지자체) 소방시설공사 착공신고서 제출 (->관할 소...) 및 국가 기술 규격을 엄격히 보장한다. 이에 따라 구조 안전성 100% 입증, 누수/균열 하자 0건 달성 및 책임감리원 최종 결재를 완료하여 지자체 건축물 사용승인(준공) 필증을 획득한다. | K4: 👉 [더블클릭] 표준서 열기 📄 | L4: 1) 착공전 건축 인허가 (WBS 9000-4-3) 사전 건축 인허가 서식 제출(관할 지자체/소방서), 3D BIM 도서 대조 및 기계·전기·통신 4대 인터페이스 개구부를 확정한다. 2) 실무 작업방법 수칙(건축허가 요청(->관할 지자체) 착공신고서 제출(->관할 지자체) 소방시설공사 착공신고서 제출...)에 따라 철근 이음/피복두께 검측, 거푸집 다짐 양생 및 현장 3대 금기 수칙(피복 미달, 무단 타설)을 완수한다. | M4: 👉 [더블클릭] 수행지침 열기 📄 | N4: 1) 건축법 제11조 및 KDS 41 00 00 건축구조기준에 따라 착공전 건축 인허가 사전 검토를 수행하였는가? 또한 레미콘 규격(24~30MPa), 철근 시험성적서 및 방수자재 KCS 표준 품질 적격성을 검수하였는가? 2) 미검측 및 정량 시방 미달에 따른 착공전 건축 인허가 (WBS 9000-4-3) 구조 균열/누수 하자 발생, 개구부 누락 재시공 손실 및 최종 인허가 신고/승인 문서 승인 반려 리스크를 전면 차단한다. | O4: 👉 [더블클릭] 체크리스트 열기 📄 | Q4: ● 건축법, 소방시설공사업법, 정보통신공사업법 규정 준수 | R4: 1) 👉 [더블클릭] 체크리스트 열기 📄
A5: 9000 | B5: 9000-4 | C5: 건축 | D5: 9000-4-4 | E5: 건축허가 요청 | F5: 건축설계사, 현장준비팀 | G5: 건축허가요청 | H5: 건축설계사, 현장준비팀 -> 관할지자체 - 건축법 제11조(건축허가) - 서식: 별지 제1호의4서식 - 관할지자체(시,군,구) 2일~15일 | I5: 건축허가 통보 문서 | J5: 1) 건축허가 요청 (WBS 9000-4-4) 관련 건축설계사, 현장준비팀 -> 관할지자체 수칙 및 법적 이행 의무를 1:1 준수한다. 또한 KDS 41 00 00 (건축구조기준), KDS 41 17 00 (내진설계기준) 및 KCS 41 00 00 (건축공사 표준시방서) 기술기준을 100% 충족한다. 2) 건축허가 요청 달성을 위한 필수 시공 방법(건축설계사, 현장준비팀 -> 관할지자체 건축법 제11조(건축허가) 서식: 별지 제1호의4서식 관할지자체(시,...) 및 국가 기술 규격을 엄격히 보장한다. 이에 따라 구조 안전성 100% 입증, 누수/균열 하자 0건 달성 및 책임감리원 최종 결재를 완료하여 지자체 건축물 사용승인(준공) 필증을 획득한다. | K5: 👉 [더블클릭] 표준서 열기 📄 | L5: 1) 건축허가 요청 (WBS 9000-4-4) 사전 건축 인허가 서식 제출(관할 지자체/소방서), 3D BIM 도서 대조 및 기계·전기·통신 4대 인터페이스 개구부를 확정한다. 2) 실무 작업방법 수칙(건축설계사, 현장준비팀 -> 관할지자체 건축법 제11조(건축허가) 서식: 별지 제1호의4서식 ...)에 따라 철근 이음/피복두께 검측, 거푸집 다짐 양생 및 현장 3대 금기 수칙(피복 미달, 무단 타설)을 완수한다. | M5: 👉 [더블클릭] 수행지침 열기 📄 | N5: 1) 건축법 제11조 및 KDS 41 00 00 건축구조기준에 따라 건축허가 요청 사전 검토를 수행하였는가? 또한 레미콘 규격(24~30MPa), 철근 시험성적서 및 방수자재 KCS 표준 품질 적격성을 검수하였는가? 2) 미검측 및 정량 시방 미달에 따른 건축허가 요청 (WBS 9000-4-4) 구조 균열/누수 하자 발생, 개구부 누락 재시공 손실 및 최종 건축허가 통보 문서 승인 반려 리스크를 전면 차단한다. | O5: 👉 [더블클릭] 체크리스트 열기 📄 | Q5: ● 건축법 제11조 | R5: 1) 👉 [더블클릭] 체크리스트 열기 📄
A6: 9000 | B6: 9000-4 | C6: 건축 | D6: 9000-4-5 | E6: 착공신고서 제출 | F6: 현장소장, 건축 설계사 | G6: 착공신고서 제출 | H6: 현장 -> 관할지자체 - 건축법 제21조(착공신고등) - 서식: 별지 제13호 서식 - 제출후 지자체 처리기간 3일 이내 | I6: 착공신고서 승인 통보 문서 | J6: 1) 착공신고서 제출 (WBS 9000-4-5) 관련 현장 -> 관할지자체 수칙 및 법적 이행 의무를 1:1 준수한다. 또한 KDS 41 00 00 (건축구조기준), KDS 41 17 00 (내진설계기준) 및 KCS 41 00 00 (건축공사 표준시방서) 기술기준을 100% 충족한다. 2) 착공신고서 제출 달성을 위한 필수 시공 방법(현장 -> 관할지자체 건축법 제21조(착공신고등) 서식: 별지 제13호 서식 제출후 지자체 처리기간 3일 이...) 및 국가 기술 규격을 엄격히 보장한다. 이에 따라 구조 안전성 100% 입증, 누수/균열 하자 0건 달성 및 책임감리원 최종 결재를 완료하여 지자체 건축물 사용승인(준공) 필증을 획득한다. | K6: 👉 [더블클릭] 표준서 열기 📄 | L6: 1) 착공신고서 제출 (WBS 9000-4-5) 사전 건축 인허가 서식 제출(관할 지자체/소방서), 3D BIM 도서 대조 및 기계·전기·통신 4대 인터페이스 개구부를 확정한다. 2) 실무 작업방법 수칙(현장 -> 관할지자체 건축법 제21조(착공신고등) 서식: 별지 제13호 서식 제출후 지자체 처...)에 따라 철근 이음/피복두께 검측, 거푸집 다짐 양생 및 현장 3대 금기 수칙(피복 미달, 무단 타설)을 완수한다. | M6: 👉 [더블클릭] 수행지침 열기 📄 | N6: 1) 건축법 제11조 및 KDS 41 00 00 건축구조기준에 따라 착공신고서 제출 사전 검토를 수행하였는가? 또한 레미콘 규격(24~30MPa), 철근 시험성적서 및 방수자재 KCS 표준 품질 적격성을 검수하였는가? 2) 미검측 및 정량 시방 미달에 따른 착공신고서 제출 (WBS 9000-4-5) 구조 균열/누수 하자 발생, 개구부 누락 재시공 손실 및 최종 착공신고서 승인 통보 문서 승인 반려 리스크를 전면 차단한다. | O6: 👉 [더블클릭] 체크리스트 열기 📄 | Q6: ● 건축법 제21조 | R6: 1) 👉 [더블클릭] 체크리스트 열기 📄
A7: 9000 | B7: 9000-4 | C7: 건축 | D7: 9000-4-6 | E7: 소방시설공사 착공 신고서 제출 | F7: 현장소장 | G7: 소방시설공사 착공신고서 제출 | H7: 현장 -> 관할소방서, 소방시설공사업법 제13조(착공신고) - 서식: 별지 제14호 서식 - 제출후 처리기간 2일 이내 | I7: 소방시설공사 착공신고필증 | J7: 1) 소방시설공사 착공 신고서 제출 (WBS 9000-4-6) 관련 현장 -> 관할소방서, 소방시설공사업법 제13조(착공신고) 수칙 및 법적 이행 의무를 1:1 준수한다. 또한 KDS 41 00 00 (건축구조기준), KDS 41 17 00 (내진설계기준) 및 KCS 41 00 00 (건축공사 표준시방서) 기술기준을 100% 충족한다. 2) 소방시설공사 착공 신고서 제출 달성을 위한 필수 시공 방법(현장 -> 관할소방서, 소방시설공사업법 제13조(착공신고) 서식: 별지 제14호 서식 제출후 처리기간 2일 ...) 및 국가 기술 규격을 엄격히 보장한다. 이에 따라 구조 안전성 100% 입증, 누수/균열 하자 0건 달성 및 책임감리원 최종 결재를 완료하여 지자체 건축물 사용승인(준공) 필증을 획득한다. | K7: 👉 [더블클릭] 표준서 열기 📄 | L7: 1) 소방시설공사 착공 신고서 제출 (WBS 9000-4-6) 사전 건축 인허가 서식 제출(관할 지자체/소방서), 3D BIM 도서 대조 및 기계·전기·통신 4대 인터페이스 개구부를 확정한다. 2) 실무 작업방법 수칙(현장 -> 관할소방서, 소방시설공사업법 제13조(착공신고) 서식: 별지 제14호 서식 제출후 ...)에 따라 철근 이음/피복두께 검측, 거푸집 다짐 양생 및 현장 3대 금기 수칙(피복 미달, 무단 타설)을 완수한다. | M7: 👉 [더블클릭] 수행지침 열기 📄 | N7: 1) 건축법 제11조 및 KDS 41 00 00 건축구조기준에 따라 소방시설공사 착공 신고서 제출 사전 검토를 수행하였는가? 또한 레미콘 규격(24~30MPa), 철근 시험성적서 및 방수자재 KCS 표준 품질 적격성을 검수하였는가? 2) 미검측 및 정량 시방 미달에 따른 소방시설공사 착공 신고서 제출 (WBS 9000-4-6) 구조 균열/누수 하자 발생, 개구부 누락 재시공 손실 및 최종 소방시설공사 착공신고필증 승인 반려 리스크를 전면 차단한다. | O7: 👉 [더블클릭] 체크리스트 열기 📄 | Q7: ● 소방시설공사업법 제13조 | R7: 1) 👉 [더블클릭] 체크리스트 열기 📄
A8: 9000 | B8: 9000-4 | C8: 건축 | D8: 9000-4-7 | E8: 정보통신공사 착공전 설계도 확인 (신청서 제출 및 결과 접수) | F8: 현장소장 | G8: 정보통신공사 착공전 설계도 확인 신청 및 제출 | H8: 현장 -> 관할지자체, 정보통신공사업법 시행령 제35조의 2 - 서식: 별지 제7호 서식 - 제출후 처리기간 14일 이내 | I8: 정보통신공사 착공전 설계도 확인결과 통보서 | J8: 1) 정보통신공사 착공전 설계도 확인 (신청서 제출 및 결과 접수) (WBS 9000-4-7) 관련 현장 -> 관할지자체, 정보통신공사업법 시행령 제35조의 2 수칙 및 법적 이행 의무를 1:1 준수한다. 또한 KDS 41 00 00 (건축구조기준), KDS 41 17 00 (내진설계기준) 및 KCS 41 00 00 (건축공사 표준시방서) 기술기준을 100% 충족한다. 2) 정보통신공사 착공전 설계도 확인 (신청서 제출 및 결과 접수) 달성을 위한 필수 시공 방법(현장 -> 관할지자체, 정보통신공사업법 시행령 제35조의 2 서식: 별지 제7호 서식 제출후 처리기간 14일...) 및 국가 기술 규격을 엄격히 보장한다. 이에 따라 구조 안전성 100% 입증, 누수/균열 하자 0건 달성 및 책임감리원 최종 결재를 완료하여 지자체 건축물 사용승인(준공) 필증을 획득한다. | K8: 👉 [더블클릭] 표준서 열기 📄 | L8: 1) 정보통신공사 착공전 설계도 확인 (신청서 제출 및 결과 접수) (WBS 9000-4-7) 사전 건축 인허가 서식 제출(관할 지자체/소방서), 3D BIM 도서 대조 및 기계·전기·통신 4대 인터페이스 개구부를 확정한다. 2) 실무 작업방법 수칙(현장 -> 관할지자체, 정보통신공사업법 시행령 제35조의 2 서식: 별지 제7호 서식 제출후 ...)에 따라 철근 이음/피복두께 검측, 거푸집 다짐 양생 및 현장 3대 금기 수칙(피복 미달, 무단 타설)을 완수한다. | M8: 👉 [더블클릭] 수행지침 열기 📄 | N8: 1) 건축법 제11조 및 KDS 41 00 00 건축구조기준에 따라 정보통신공사 착공전 설계도 확인 (신청서 제출 및 결과 접수) 사전 검토를 수행하였는가? 또한 레미콘 규격(24~30MPa), 철근 시험성적서 및 방수자재 KCS 표준 품질 적격성을 검수하였는가? 2) 미검측 및 정량 시방 미달에 따른 정보통신공사 착공전 설계도 확인 (신청서 제출 및 결과 접수) (WBS 9000-4-7) 구조 균열/누수 하자 발생, 개구부 누락 재시공 손실 및 최종 정보통신공사 착공전 설계도 확인결과 통보서 승인 반려 리스크를 전면 차단한다. | O8: 👉 [더블클릭] 체크리스트 열기 📄 | Q8: ● 정보통신공사업법 시행령 제35조의 2 | R8: 1) 👉 [더블클릭] 체크리스트 열기 📄
A9: 9000 | B9: 9000-4 | C9: 건축 | D9: 9000-4-8 | E9: 선행공종 인수사항 확인 | F9: 현장공사팀 | G9: 선행공종 인수인계 | H9: - 부지경계 측량 확인 - 업체간 현장확인+좌표화 Data 인수 - 지장물, 지반상태, 진입로, 작업장 현황 | I9: 회의록, 인수사항 List | J9: 1) 선행공종 인수사항 확인 (WBS 9000-4-8) 관련 부지경계 측량 확인 수칙 및 법적 이행 의무를 1:1 준수한다. 또한 KDS 41 00 00 (건축구조기준), KDS 41 17 00 (내진설계기준) 및 KCS 41 00 00 (건축공사 표준시방서) 기술기준을 100% 충족한다. 2) 선행공종 인수사항 확인 달성을 위한 필수 시공 방법(부지경계 측량 확인 업체간 현장확인+좌표화 Data 인수 지장물, 지반상태, 진입로, 작업장 현황...) 및 국가 기술 규격을 엄격히 보장한다. 이에 따라 구조 안전성 100% 입증, 누수/균열 하자 0건 달성 및 책임감리원 최종 결재를 완료하여 지자체 건축물 사용승인(준공) 필증을 획득한다. | K9: 👉 [더블클릭] 표준서 열기 📄 | L9: 1) 선행공종 인수사항 확인 (WBS 9000-4-8) 사전 건축 인허가 서식 제출(관할 지자체/소방서), 3D BIM 도서 대조 및 기계·전기·통신 4대 인터페이스 개구부를 확정한다. 2) 실무 작업방법 수칙(부지경계 측량 확인 업체간 현장확인+좌표화 Data 인수 지장물, 지반상태, 진입로, 작업장 현황)에 따라 철근 이음/피복두께 검측, 거푸집 다짐 양생 및 현장 3대 금기 수칙(피복 미달, 무단 타설)을 완수한다. | M9: 👉 [더블클릭] 수행지침 열기 📄 | N9: 1) 건축법 제11조 및 KDS 41 00 00 건축구조기준에 따라 선행공종 인수사항 확인 사전 검토를 수행하였는가? 또한 레미콘 규격(24~30MPa), 철근 시험성적서 및 방수자재 KCS 표준 품질 적격성을 검수하였는가? 2) 미검측 및 정량 시방 미달에 따른 선행공종 인수사항 확인 (WBS 9000-4-8) 구조 균열/누수 하자 발생, 개구부 누락 재시공 손실 및 최종 회의록, 인수사항 List 승인 반려 리스크를 전면 차단한다. | O9: 👉 [더블클릭] 체크리스트 열기 📄 | Q9: ● 선행공종(토공, 지반개량 등) 인수 및 좌표 검증 | R9: 1) 👉 [더블클릭] 체크리스트 열기 📄
A10: 9000 | B10: 9000-4 | C10: 건축 | D10: 9000-4-9 | E10: 인터페이스 사항 검토 및 지원 | F10: 토목수행팀 / 현장 공사, 공무 Part | G10: 후행공정 설계오류 및 변경검토 | H10: - 설계도서 검토를 통한 공종간 인터페이스 사항에 대한 사전검토(오픈구 등) - 유사공종 경험자 현장 지원 파견검토 - 콘크리트 타설전(기계설비, 전기, 통신) 사전 매입해야 할 배관,슬리브위치 타공정 확인 | I10: 회의록, 시공상세도 | J10: 1) 인터페이스 사항 검토 및 지원 (WBS 9000-4-9) 관련 설계도서 검토를 통한 공종간 인터페이스 사항에 대한 사전검토(오픈구 등) 수칙 및 법적 이행 의무를 1:1 준수한다. 또한 KDS 41 00 00 (건축구조기준), KDS 41 17 00 (내진설계기준) 및 KCS 41 00 00 (건축공사 표준시방서) 기술기준을 100% 충족한다. 2) 인터페이스 사항 검토 및 지원 달성을 위한 필수 시공 방법(설계도서 검토를 통한 공종간 인터페이스 사항에 대한 사전검토(오픈구 등) 유사공종 경험자 현장 지원 파견검토...) 및 국가 기술 규격을 엄격히 보장한다. 이에 따라 구조 안전성 100% 입증, 누수/균열 하자 0건 달성 및 책임감리원 최종 결재를 완료하여 지자체 건축물 사용승인(준공) 필증을 획득한다. | K10: 👉 [더블클릭] 표준서 열기 📄 | L10: 1) 인터페이스 사항 검토 및 지원 (WBS 9000-4-9) 사전 건축 인허가 서식 제출(관할 지자체/소방서), 3D BIM 도서 대조 및 기계·전기·통신 4대 인터페이스 개구부를 확정한다. 2) 실무 작업방법 수칙(설계도서 검토를 통한 공종간 인터페이스 사항에 대한 사전검토(오픈구 등) 유사공종 경험자 현장...)에 따라 철근 이음/피복두께 검측, 거푸집 다짐 양생 및 현장 3대 금기 수칙(피복 미달, 무단 타설)을 완수한다. | M10: 👉 [더블클릭] 수행지침 열기 📄 | N10: 1) 건축법 제11조 및 KDS 41 00 00 건축구조기준에 따라 인터페이스 사항 검토 및 지원 사전 검토를 수행하였는가? 또한 레미콘 규격(24~30MPa), 철근 시험성적서 및 방수자재 KCS 표준 품질 적격성을 검수하였는가? 2) 미검측 및 정량 시방 미달에 따른 인터페이스 사항 검토 및 지원 (WBS 9000-4-9) 구조 균열/누수 하자 발생, 개구부 누락 재시공 손실 및 최종 회의록, 시공상세도 승인 반려 리스크를 전면 차단한다. | O10: 👉 [더블클릭] 체크리스트 열기 📄 | Q10: ● 공종간 간섭 최소화 | R10: 1) 👉 [더블클릭] 체크리스트 열기 📄
A11: 9000 | B11: 9000-4 | C11: 건축 | D11: 9000-4-10 | E11: 품질/안전 LL 공유 | F11: 현장 품질팀, 현장 안전팀 | G11: 품질/안전 하자 최소화 | H11: 시공시 발생가능 품질, 안전 하자 최소화 | I11: 시공계획수립시 반영 | J11: 1) 품질/안전 LL 공유 (WBS 9000-4-10) 관련 시공시 발생가능 품질, 안전 하자 최소화 수칙 및 법적 이행 의무를 1:1 준수한다. 또한 KDS 41 00 00 (건축구조기준), KDS 41 17 00 (내진설계기준) 및 KCS 41 00 00 (건축공사 표준시방서) 기술기준을 100% 충족한다. 2) 품질/안전 LL 공유 달성을 위한 필수 시공 방법(시공시 발생가능 품질, 안전 하자 최소화...) 및 국가 기술 규격을 엄격히 보장한다. 이에 따라 구조 안전성 100% 입증, 누수/균열 하자 0건 달성 및 책임감리원 최종 결재를 완료하여 지자체 건축물 사용승인(준공) 필증을 획득한다. | K11: 👉 [더블클릭] 표준서 열기 📄 | L11: 1) 품질/안전 LL 공유 (WBS 9000-4-10) 사전 건축 인허가 서식 제출(관할 지자체/소방서), 3D BIM 도서 대조 및 기계·전기·통신 4대 인터페이스 개구부를 확정한다. 2) 실무 작업방법 수칙(시공시 발생가능 품질, 안전 하자 최소화)에 따라 철근 이음/피복두께 검측, 거푸집 다짐 양생 및 현장 3대 금기 수칙(피복 미달, 무단 타설)을 완수한다. | M11: 👉 [더블클릭] 수행지침 열기 📄 | N11: 1) 건축법 제11조 및 KDS 41 00 00 건축구조기준에 따라 품질/안전 LL 공유 사전 검토를 수행하였는가? 또한 레미콘 규격(24~30MPa), 철근 시험성적서 및 방수자재 KCS 표준 품질 적격성을 검수하였는가? 2) 미검측 및 정량 시방 미달에 따른 품질/안전 LL 공유 (WBS 9000-4-10) 구조 균열/누수 하자 발생, 개구부 누락 재시공 손실 및 최종 시공계획수립시 반영 승인 반려 리스크를 전면 차단한다. | O11: 👉 [더블클릭] 체크리스트 열기 📄 | Q11: ● 기존 하자사례 및 Lesson Learned 반영 | R11: 1) 👉 [더블클릭] 체크리스트 열기 📄
A12: 9000 | B12: 9000-4 | C12: 건축 | D12: 9000-4-11 | E12: 자재공급원승인 및 자재발주 | F12: 현장 공무팀 | G12: 공사에 필요한 자재 발주 | H12: - 자재 규격 및 반입 일정 계획 수립 - 시공에 필요한 당사 지급자재에 대한 발주 요청 - 자재공급원 승인 제출 및 확인 | I12: 구매 의뢰 승인, 자재공급원 승인서류 | J12: 1) 자재공급원승인 및 자재발주 (WBS 9000-4-11) 관련 자재 규격 및 반입 일정 계획 수립 수칙 및 법적 이행 의무를 1:1 준수한다. 또한 KDS 41 00 00 (건축구조기준), KDS 41 17 00 (내진설계기준) 및 KCS 41 00 00 (건축공사 표준시방서) 기술기준을 100% 충족한다. 2) 자재공급원승인 및 자재발주 달성을 위한 필수 시공 방법(자재 규격 및 반입 일정 계획 수립 시공에 필요한 당사 지급자재에 대한 발주 요청 자재공급원 승인 제출 및 ...) 및 국가 기술 규격을 엄격히 보장한다. 이에 따라 구조 안전성 100% 입증, 누수/균열 하자 0건 달성 및 책임감리원 최종 결재를 완료하여 지자체 건축물 사용승인(준공) 필증을 획득한다. | K12: 👉 [더블클릭] 표준서 열기 📄 | L12: 1) 자재공급원승인 및 자재발주 (WBS 9000-4-11) 사전 건축 인허가 서식 제출(관할 지자체/소방서), 3D BIM 도서 대조 및 기계·전기·통신 4대 인터페이스 개구부를 확정한다. 2) 실무 작업방법 수칙(자재 규격 및 반입 일정 계획 수립 시공에 필요한 당사 지급자재에 대한 발주 요청 자재공급원 ...)에 따라 철근 이음/피복두께 검측, 거푸집 다짐 양생 및 현장 3대 금기 수칙(피복 미달, 무단 타설)을 완수한다. | M12: 👉 [더블클릭] 수행지침 열기 📄 | N12: 1) 건축법 제11조 및 KDS 41 00 00 건축구조기준에 따라 자재공급원승인 및 자재발주 사전 검토를 수행하였는가? 또한 레미콘 규격(24~30MPa), 철근 시험성적서 및 방수자재 KCS 표준 품질 적격성을 검수하였는가? 2) 미검측 및 정량 시방 미달에 따른 자재공급원승인 및 자재발주 (WBS 9000-4-11) 구조 균열/누수 하자 발생, 개구부 누락 재시공 손실 및 최종 구매 의뢰 승인, 자재공급원 승인서류 승인 반려 리스크를 전면 차단한다. | O12: 👉 [더블클릭] 체크리스트 열기 📄 | Q12: ● 자재 규격 및 기준 만족 | R12: 1) 👉 [더블클릭] 체크리스트 열기 📄
A13: 9000 | B13: 9000-4 | C13: 건축 | D13: 9000-4-12 | E13: 착수전 Big Room 회의 | F13: 현장소장 | G13: 선후행공정 지원사항 도출, 수행시 예상가능 Risk 검토 및 대책 수립 | H13: 본사/현장/협력사 협의체 구축 후 상세검토 - 건축인허가 사항 체크 (건축허가, 착공계제출, 소방착공신고, 정보통신 착공신고 등) - 가설계획수립(장비이동 동선, 철근가공장, 울타리 등) - 공종별 간섭검토: 토목/기계/시스템 인터페이스 - 진입로/자재야적장/사토장 및 토취장 운영계획 - 공사중 배수계획(임시배수로, 배수펌프 운영 등) - 장비 투입계획, 양중장비 운영계획 검토 및 안전검사 확인 - 측량 기준점 및 공사예정 부지 확인 / 인원 및 자재 투입 계획 검토 - 건설기술진흥법에 따른 정기안전점검 대상 / 점검 계획 공유 - 공종별 Risk Hedge방안 검토 (안전/품질 Risk, 민원 대응) | I13: Big Room 회의록(참석자 전원 서명) | J13: 1) 착수전 Big Room 회의 (WBS 9000-4-12) 관련 본사/현장/협력사 협의체 구축 후 상세검토 수칙 및 법적 이행 의무를 1:1 준수한다. 또한 KDS 41 00 00 (건축구조기준), KDS 41 17 00 (내진설계기준) 및 KCS 41 00 00 (건축공사 표준시방서) 기술기준을 100% 충족한다. 2) 착수전 Big Room 회의 달성을 위한 필수 시공 방법(본사/현장/협력사 협의체 구축 후 상세검토 건축인허가 사항 체크 (건축허가, 착공계제출, 소방착공신고, 정보...) 및 국가 기술 규격을 엄격히 보장한다. 이에 따라 구조 안전성 100% 입증, 누수/균열 하자 0건 달성 및 책임감리원 최종 결재를 완료하여 지자체 건축물 사용승인(준공) 필증을 획득한다. | K13: 👉 [더블클릭] 표준서 열기 📄 | L13: 1) 착수전 Big Room 회의 (WBS 9000-4-12) 사전 건축 인허가 서식 제출(관할 지자체/소방서), 3D BIM 도서 대조 및 기계·전기·통신 4대 인터페이스 개구부를 확정한다. 2) 실무 작업방법 수칙(본사/현장/협력사 협의체 구축 후 상세검토 건축인허가 사항 체크 (건축허가, 착공계제출, 소방...)에 따라 철근 이음/피복두께 검측, 거푸집 다짐 양생 및 현장 3대 금기 수칙(피복 미달, 무단 타설)을 완수한다. | M13: 👉 [더블클릭] 수행지침 열기 📄 | N13: 1) 건축법 제11조 및 KDS 41 00 00 건축구조기준에 따라 착수전 Big Room 회의 사전 검토를 수행하였는가? 또한 레미콘 규격(24~30MPa), 철근 시험성적서 및 방수자재 KCS 표준 품질 적격성을 검수하였는가? 2) 미검측 및 정량 시방 미달에 따른 착수전 Big Room 회의 (WBS 9000-4-12) 구조 균열/누수 하자 발생, 개구부 누락 재시공 손실 및 최종 Big Room 회의록(참석자 전원 서명) 승인 반려 리스크를 전면 차단한다. | O13: 👉 [더블클릭] 체크리스트 열기 📄 | Q13: ● 유관부서(견적/엔지니어링/공정/품질/안전) 협의 | R13: 1) 👉 [더블클릭] 체크리스트 열기 📄
... A51: 9000 | B51: 9000-4 | C51: 건축 | D51: 9000-4-50 | E51: 후속 구조물 인계 | F51: 현장소장 | G51: 유지관리기관에 인계 | H51: 건축 인허가 서류 및 준공도서 인계 - 건축인허가 서류: 승강기 사용필증, 소방시설 완공검사 증명서, 전기사용전 검사 필증 등 - 준공도서: 준공도면, 시방서, 내역서, 각종 계산서(구조 등), 유지관리 지침서 등 - 유지관리기관 준공전 검사 수행 및 잔손보기(지적 조치 등) | I51: 유지관리기관 인수인계서, 건축 인허가 서류, 준공도서 | J51: 1) 후속 구조물 인계 (WBS 9000-4-50) 관련 건축 인허가 서류 및 준공도서 인계 수칙 및 법적 이행 의무를 1:1 준수한다. 또한 KDS 41 00 00 (건축구조기준), KDS 41 17 00 (내진설계기준) 및 KCS 41 00 00 (건축공사 표준시방서) 기술기준을 100% 충족한다. 2) 후속 구조물 인계 달성을 위한 필수 시공 방법(건축 인허가 서류 및 준공도서 인계 건축인허가 서류: 승강기 사용필증, 소방시설 완공검사 증명서, 전기사용전...) 및 국가 기술 규격을 엄격히 보장한다. 이에 따라 구조 안전성 100% 입증, 누수/균열 하자 0건 달성 및 책임감리원 최종 결재를 완료하여 지자체 건축물 사용승인(준공) 필증을 획득한다. | K51: 👉 [더블클릭] 표준서 열기 📄 | L51: 1) 후속 구조물 인계 (WBS 9000-4-50) 사전 건축 인허가 서식 제출(관할 지자체/소방서), 3D BIM 도서 대조 및 기계·전기·통신 4대 인터페이스 개구부를 확정한다. 2) 실무 작업방법 수칙(건축 인허가 서류 및 준공도서 인계 건축인허가 서류: 승강기 사용필증, 소방시설 완공검사 증명...)에 따라 철근 이음/피복두께 검측, 거푸집 다짐 양생 및 현장 3대 금기 수칙(피복 미달, 무단 타설)을 완수한다. | M51: 👉 [더블클릭] 수행지침 열기 📄 | N51: 1) 건축법 제11조 및 KDS 41 00 00 건축구조기준에 따라 후속 구조물 인계 사전 검토를 수행하였는가? 또한 레미콘 규격(24~30MPa), 철근 시험성적서 및 방수자재 KCS 표준 품질 적격성을 검수하였는가? 2) 미검측 및 정량 시방 미달에 따른 후속 구조물 인계 (WBS 9000-4-50) 구조 균열/누수 하자 발생, 개구부 누락 재시공 손실 및 최종 유지관리기관 인수인계서, 건축 인허가 서류, 준공도서 승인 반려 리스크를 전면 차단한다. | O51: 👉 [더블클릭] 체크리스트 열기 📄 | Q51: ● 인수인계 및 시설물 유지관리 기준 준수 | R51: 1) 👉 [더블클릭] 체크리스트 열기 📄

Sheet 신호
A1: L2 코드 | B1: L3 코드 | C1: L3 대공종명 | D1: L4 코드 | E1: 작업단위 (Level 4 Task/Activity) | F1: 주관 | G1: 목적 | H1: 방법 | I1: 산출물(결과) | J1: 표준서 (Standard) 요약 | K1: 표준서 파일 (HTML) | L1: 수행지침 (Guideline) 요약 | M1: 수행지침 파일 (HTML) | N1: 체크리스트 (Checklist) 요약 | O1: 체크리스트 파일 (HTML) | P1: 비고 | Q1: 첨부서류 연계 상세 설계기준 | R1: 집행단계 리스크 체크리스트 | S1: 협력사 시공/공사관리 자문
A2: 9000 | B2: 9000-1 | C2: 신호분야 | D2: 9000-1-1 | E2: 설계적정성 검토 | F2: 현장 공무팀 | G2: 설계적정성 및 시공성 검토 설계오류 확인 및 수량, 내역의 오류확인 | H2: - 입찰 요구사항에 대한 설계 반영여부 검토 - 설계도서 및 표준 자재(트램신호, 도로신호) 반영여부 확인 - 본선 및 차량기지 규모에 맞는 시스템 및 전자연동장치 구성의 적정성 검토 - 본선 및 차량기지에 맞는 트램신호, 도로신호 설비 배치의 적정성 검토 - SIL 인증제품 및 철도형식승인 제품적용, 경찰정 표준에 부합하는 제품 여부 확인 - 독과점 / 외산 / 특허 여부 확인 - 현장설치 시공성 및 원가 Risk 검토 - 공정계획의 적정성 검토 | I2: 회의록, 설계검토보고서 | J2: 1) 설계적정성 검토(WBS 9000-1-1) 과업 달성을 위해 SIL 4 전자연동장치 및 응답지연(≤100ms) 성능 사양의 설계도서 대조를 완료하라. 2) 철도 표준 자재(KRS) 및 분산형 CBI 용량, 선로전환기(4.5~6.0kN) 적정성을 검증하고 승인 보고서를 완수하라. | K2: 👉 [더블클릭] 표준서 열기 📄 | L2: 1) 입찰 요구사항 상의 기술 스펙 및 자재 규격을 시방서와 사전 대조하십시오. 2) 분산형 CBI 및 선로전환기 용량의 현장 시공성 및 원가 Risk를 철저히 검토하여 승인을 획득하십시오. | M2: 👉 [더블클릭] 수행지침 열기 📄 | N2: 1) 입찰 안내서 상의 SIL 4 등급 및 무선지연(≤100ms) 사양이 설계 도서에 반영되었는가? 2) 철도 표준 자재(KRS) 규격 및 매립 선로전환기 전환력(4.5~6.0kN) 기준을 적격 확인하였는가? | O2: 👉 [더블클릭] 체크리스트 열기 📄 | Q2: ● 관련분야 설계기준서 준수 | R2: 1) 👉 [더블클릭] 체크리스트 열기 📄
A3: 9000 | B3: 9000-1 | C3: 신호분야 | D3: 9000-1-2 | E3: 착수준비 KOM | F3: 현장소장 | G3: 신호(트램신호, 도로신호)공사 발주 전 착수수립 신호공사 발주전략 수립 발주조건 CP 사항 검토 | H3: - 설계(트램신호, 도로신호) 및 현장여건 검토 - 신호설비 공사 시공성 및 하자발생 리스크 검토 - 본사 실무 협의를 거쳐 현장에 전파토록 현장공무 검토 1) 공통계획 및 보완지침 계획 수립 2) 외주 발주/수급 사전 준비 및 기술 지원 3) 시공전 신호자재 확인 및 기술 지원 4) 예상내역 및 누락 아이템 보완 - 신호설비 공사 시공실적 업체Pool 검토 - 현설조건 검토 1) 공정계획 및 신호자재 제작 기간 2) 안전성 검증을 위한 SIL 인증보유 3) 철도안전용품 인증 및 경찰청 표준규격 4) 예비품 및 소모품 확인 5) 시운전 신호자재 운전 및 교육 지원 6) 예산내역서 누락 아이템 여부 | I3: 본사 외주/수행/협의 부서, 착수 KOM 결과보고서, 현장설명서 | J3: 1) 착수준비 KOM(WBS 9000-1-2) 과업을 위해 신호(트램/도로) 공사 발주전략 수립 및 CP사항 사전 검토를 완료하라. 2) 외주 수급, 신기술자재 확인, 내역 누락 방지 조치 및 SIL 인증보유 적격 업체 Pool을 확정하라. | K3: 👉 [더블클릭] 표준서 열기 📄 | L3: 1) 신호공사 발주 전 착수 수립 시 본사 실무 협의를 거쳐 현장 전파 및 시공성 리스크를 점검하십시오. 2) 공정계획, 안전성 SIL 인증, 무상 A/S 및 철도안전법 준수 자재 투입 계획을 사전에 확인하십시오. | M3: 👉 [더블클릭] 수행지침 열기 📄 | N3: 1) 신호공사 발주 조건 CP 사항 및 하자발생 리스크 사전 검토 수칙을 수행하였는가? 2) 적격 업체 Pool 검토 및 내역 누락 방지 조치, SIL 인증 보유 여부를 확인하였는가? | O3: 👉 [더블클릭] 체크리스트 열기 📄 | R3: 1) 👉 [더블클릭] 체크리스트 열기 📄
A4: 9000 | B4: 9000-1 | C4: 신호분야 | D4: 9000-1-3 | E4: 착수전 Big Room 회의 | F4: 현장소장 | G4: 신규공사 수행 시, 선행공정 간섭 및 공종 Risk에 대해 대책 수립 | H4: 본사(신호/토목/노반/전기/건축/기계/통신) 및 분야별 세부설계 검토 - 토목/궤도 I/F 사항 검토(시공계획 확인, 궤도 시공전 블록아웃 I/F 협의) - 전기/통신/차량 I/F 사항 검토(분야별 I/F 사항 정리) - 시운전 I/F 사항 검토(시운전 계획, 시험항목, 시험기간, 배치인원, 사전점검사항 등) - 관제 및 운영사 I/F 사항 검토(관제분야 및 운영사 요구사항등) - 인원, 자재, 장비 투입계획, 양중장비 운영계획 검토 - 분야별 인터페이스 협의(궤도, 토목, 건축, 기계설비) 표준 지침서 배포 - 현장 및 본사 Risk 요인 도출 및 대책 수립 - 타 공정 및 분야별 Risk 분석 대안(도로/궤도/신호공사 수행 공동조정/안전) - 본사/현장/협력사 협의체 구축을 통한 세부내용 검토 - 신호자재/기자재 반입로 및 야적장/제작사 공장 검토 - 신호자재 성능보증: 유사사례 적용실적 및 성능보증 사항 검토 - 하자 예방: 타 프로젝트 하자사례 검토 후, 동일제품 적용 방지방안 수립 - SIL(Safety Integration Level) 인증제품 도입: 전자연동장치, 차상신호장치, 차축검지기, 선로전환기 - 당사의 장비 안전검사 기준 공유, 장비검사 계획 확인 - 관계기관 인허가 및 협의 1) 화성시/수원시 교통센터, 경찰청 교차로 신호 운영 체계 및 연계 협의 | I4: Big Room 회의록(지침 전파 서명) | J4: 1) 착수전 Big Room 회의(WBS 9000-1-3)를 통해 본사 및 각 분야(토목/궤도/전기/건축/기계/통신) 간 시공 인터페이스를 대조하라. 2) 궤도 시공 전 블록아웃, 배수로, 선로전환기, 차축검지기 설치 I/F 항목을 사전 확정하라. | K4: 👉 [더블클릭] 표준서 열기 📄 | L4: 1) 신규공사 수행 시 선행공정 간섭 및 공종 Risk 대책 회의를 주관하십시오. 2) 궤도 시공 전 블록아웃 및 선로전환기 설치 I/F에 대해 각 분야 담당자와의 협의록을 작성하십시오. | M4: 👉 [더블클릭] 수행지침 열기 📄 | N4: 1) 본사 및 분야별(토목/궤도/전기/건축/통신) 세부설계 인터페이스를 검토하였는가? 2) 궤도 시공 전 블록아웃 및 차축검지기 설치 I/F 사전 대책을 수립하였는가? | O4: 👉 [더블클릭] 체크리스트 열기 📄 | R4: 1) 👉 [더블클릭] 체크리스트 열기 📄
A5: 9000 | B5: 9000-1 | C5: 신호분야 | D5: 9000-1-4 | E5: 전기 / 통신 / 건축 / 도로 / 궤도 / 차량 등 인터페이스 협의 | F5: 현장 시스템팀 | G5: 완벽한 시스템 조율 및 인터페이스 협의 | H5: - 토목/궤도분야 인터페이스 1) 단계별 시공계획 확인 2) 궤도 시공전 블록아웃, 배수로, 선로전환기, 융설장치, 차축검지기 설치 I/F - 전기/통신/도로/차량 인터페이스 1) (전기) 상용전원투입 및 접지단자함 설치 2) (통신) 통신망 연결을 위한 회선제공 3) (통신) 공용Pole 사용에 따른 인터페이스(굴착공사/공용 배관 배선 활용 등) 4) (차량) 차상신호 및 열차종합제어장치(TCMS) 인터페이스 협의 5) (차량) 지상신호설비 및 선형에 따른 지상/차상 장치 연계방안 협의 6) (전기/통신) UPS 통합 사용 관련 Feeder 공급 또는 할당 7) (건축) 기계실 및 관제실 A/F 설치, 면척 및 기기 배치, 출입문 크기 등 | I5: 인터페이스 회의록 및 관리대장 | J5: 1) 시스템 조율(WBS 9000-1-4)을 위해 전기/통신/건축/도로/궤도/차량 분야 간 시공 인터페이스를 조율하라. 2) 궤도 시공 전 블록아웃, 배수로, 융설장치, 차축검지기 설치 I/F 승인서를 완수하라. | K5: 👉 [더블클릭] 표준서 열기 📄 | L5: 1) 토목/궤도 단계별 시공계획을 확인하고 기계실 배선 및 현장 장치 설치 I/F를 조율하십시오. 2) 차축검지기 및 융설장치 체결 부위의 치수 적정성을 서면으로 확인하십시오. | M5: 👉 [더블클릭] 수행지침 열기 📄 | N5: 1) 토목/궤도 시공 전 블록아웃 및 배수로 설치 I/F를 사전 확인하였는가? 2) 차량기지 및 본선 선로전환기/차축검지기 체결 인터페이스를 조율하였는가? | O5: 👉 [더블클릭] 체크리스트 열기 📄 | R5: 1) 👉 [더블클릭] 체크리스트 열기 📄
A6: 9000 | B6: 9000-1 | C6: 신호분야 | D6: 9000-1-5 | E6: 도로 / 궤도 인터페이스 협의 | F6: 현장 시스템팀 | G6: 선로선형 설계를 위한 사전조정 및 트램 운행 최적화 | H6: - 유관기관 피드백 수렴/조정 및 요구사항 확인 - 궤도 분기기 통과 요구사항 검토 및 확인 - 궤도/토목 단계별 시공계획 확인 - 궤도 시공전 블록아웃 등 I/F사항 협의 - 선로전환기 어스박스 설치, 차축검지기 설치, 궤도 천공위치등 협의 - 배수설비 설치 관련 사항 협의 | I6: 궤도/신호 요구사항 및 회의록 | J6: 1) 도로/궤도 I/F(WBS 9000-1-5) 달성을 위해 선로선형 및 궤도 분기기 통과 요구사항을 검토하라. 2) 도심 매립 궤도용 선로전환기(전환력 4.5~6.0kN, 유격 ≤1.5mm) 설치 조건 및 유관기관 피드백을 반영하라. | K6: 👉 [더블클릭] 표준서 열기 📄 | L6: 1) 유관기관 피드백 수렴 및 궤도 분기기 통과 요구사항을 사전 조정하십시오. 2) 도로 교차로 노면 매립 궤도 시공계획과 선로전환기 설치 위치 적정성을 확인하십시오. | M6: 👉 [더블클릭] 수행지침 열기 📄 | N6: 1) 궤도 분기기 통과 요구사항 및 선로선형 사전조정 결과를 확인하였는가? 2) 노면 매립형 선로전환기(전환력 4.5~6.0kN, 유격 ≤1.5mm) 시공조건을 검토하였는가? | O6: 👉 [더블클릭] 체크리스트 열기 📄 | R6: 1) 👉 [더블클릭] 체크리스트 열기 📄
A7: 9000 | B7: 9000-1 | C7: 신호분야 | D7: 9000-1-6 | E7: 시공전 인터페이스 협의 | F7: 현장 시스템팀 | G7: 시스템의 설계 보완 검토를 진행하고 완벽한 연계를 위한 설계 | H7: - 토목/궤도분야 인터페이스 1) 단계별 시공계획 확인 2) 궤도 시공전 블록아웃, 배수로, 선로전환기, 융설장치, 차축검지기 설치 I/F - 전기/통신/도로/차량 인터페이스 1) (전기) 상용전원투입 및 접지단자함 설치 2) (통신) 통신망 연결을 위한 회선제공 3) (통신) 공용Pole 사용에 따른 인터페이스(굴착공사/공용 배관 배선 활용 등) 4) (차량) 차상신호 및 열차종합제어장치(TCMS) 인터페이스 협의 5) (차량) 지상신호설비 및 선형에 따른 지상/차상 장치 연계방안 협의 6) (전기/통신) UPS 통합 사용 관련 Feeder 공급 또는 할당 7) (건축) 기계실 및 관제실 A/F 설치, 면척 및 기기 배치, 출입문 크기 등 | I7: 인터페이스 보고서 및 인터페이스 회의록 | J7: 1) 시공전 인터페이스(WBS 9000-1-6)를 통해 시스템 설계 보완 및 연계 방안을 정밀 검토하라. 2) 배관배선 인입구, 구조물 간섭 및 궤도 시공 전 설치 항목을 개시 전 차단하라. | K7: 👉 [더블클릭] 표준서 열기 📄 | L7: 1) 시스템 설계 보완검토를 통해 연계 시공 시 발생 가능한 간섭을 사전에 제거하십시오. 2) 궤도 시공 전 블록아웃 및 케이블 인입 배관의 간섭 여부를 정밀 확인하십시오. | M7: 👉 [더블클릭] 수행지침 열기 📄 | N7: 1) 시스템 설계 보완 검토를 통해 연계 설치 방안을 확정하였는가? 2) 케이블 인입 배관 및 궤도 블록아웃 간섭을 사전 제거하였는가? | O7: 👉 [더블클릭] 체크리스트 열기 📄 | R7: 1) 👉 [더블클릭] 체크리스트 열기 📄
A8: 9000 | B8: 9000-1 | C8: 신호분야 | D8: 9000-1-7 | E8: 시스템 장비검토 사전 협의사항 도출 및 검토 | F8: 현장 시스템팀 | G8: 완벽한 시스템 연계 및 동작성 확보를 위한 가이드라인 제공 | H8: - 성능보증 기능성 신호자재 단품 Spec 검토 - 제조사 자체 시험 및 인증 확인 - 설치 시공대장 및 제작도서 승인 서명 | I8: 자체 검증서 및 제작도서 승인 서류 | J8: 1) 장비 사전검토(WBS 9000-1-7)를 위해 기능성 신호자재 단품 Spec 및 성능보증 사양을 검토하라. 2) 제조사 자체 시험 성적서, KRS 표준 규격 및 제작도서 승인 서명을 완수하라. | K8: 👉 [더블클릭] 표준서 열기 📄 | L8: 1) 신호자재 단품 Spec 검토 및 제조사 자체 시험성적서를 확인하십시오. 2) 제작도서 승인 서명 및 현장 투입 전 성능보증 기능을 검증하십시오. | M8: 👉 [더블클릭] 수행지침 열기 📄 | N8: 1) 성능보증 기능성 신호자재 단품 Spec 검토를 완료하였는가? 2) 제조사 공장검수 성적서 및 제작도서 승인 서명을 확인하였는가? | O8: 👉 [더블클릭] 체크리스트 열기 📄 | R8: 1) 👉 [더블클릭] 체크리스트 열기 📄
A9: 9000 | B9: 9000-1 | C9: 신호분야 | D9: 9000-1-8 | E9: 관제 및 운영사 인터페이스 협의 | F9: 현장 시스템팀 | G9: 관제 및 운영사 요구사항 사전 반영 및 시공신뢰 확보 | H9: - 시운전시 조율사항 및 예비사항 도출 - 신호제어 운영사 실무 조율 및 협의 - 철도관제를 위한 관제사 조작반 및 화면표시 정보에 대한 사전협의 항목 도출 - 설계내용 중 신호설비 운영 및 유지보수자 편의성 향상을 위한 기능추가 / 불필요 기능 삭제 사전협의 | I9: 인터페이스 회의록 및 관리대장 | J9: 1) 관제/운영사 I/F(WBS 9000-1-8) 달성을 위해 종합관제실(OCC) 요구사항을 시공 전 반영하라. 2) 철도관제를 위한 관제사 조작반 MMI 및 예비관제 1:1 실시간 DB 동기화를 검증하라. | K9: 👉 [더블클릭] 표준서 열기 📄 | L9: 1) 관제 및 운영사 실무 조율을 거쳐 시운전 시 예비사항 및 조작반 화면표시 정보를 도출하십시오. 2) 관제센터 MMI 화면 및 조작반 정보의 실시간 동기화 상태를 확인하십시오. | M9: 👉 [더블클릭] 수행지침 열기 📄 | N9: 1) 시운전 시 조율사항 및 예비사항 도출을 완료하였는가? 2) 철도관제를 위한 관제사 조작반 MMI 표시 정보를 사전 검토하였는가? | O9: 👉 [더블클릭] 체크리스트 열기 📄 | R9: 1) 👉 [더블클릭] 체크리스트 열기 📄
A10: 9000 | B10: 9000-1 | C10: 신호분야 | D10: 9000-1-9 | E10: 자재 / 인원 / 장비 및 투입 사전 검토 | F10: 현장 시스템팀 / 협력사 / 관리감독자 | G10: 자재/인원/장비 투입 계획 수립 | H10: 현장 여건 및 수량을 기준으로 투입 인원, 장비 계획 규명 - 현장여건 및 궤도 시공계획 검토에 따른 시공계획 작성 - 시공계획 작성에 따른 인력투입계획, 자재수급계획, 장비투입계획 작성 - 시공계획 작성에 따른 관계기관(경찰청, 지자체 교통센터) 협의사항 도출 - 공사에 따른 민원 또는 발주처 관계기관 요구사항 점검 | I10: 세부 공정계획 수립 및 보고 | J10: 1) 자재/인원/장비 계획(WBS 9000-1-9) 수립을 위해 현장 수량 기준 투입 계획을 승인하라. 2) 현장 여건 및 궤도 시공계획 맞춤형 투입 schedule 작성 및 수급 조정을 완수하라. | K10: 👉 [더블클릭] 표준서 열기 📄 | L10: 1) 현장 여건 및 수량을 기준으로 투입 인원, 장비 계획서를 작성하여 감리단 승인을 받으십시오. 2) 궤도 시공계획과 연계된 자재 반입 및 작업원 투입 스케줄을 조정하십시오. | M10: 👉 [더블클릭] 수행지침 열기 📄 | N10: 1) 현장 수량 기준 투입 인원 및 장비 계획 규명서를 작성하였는가? 2) 궤도 시공계획 연계 투입 스케줄 감리단 승인을 획득하였는가? | O10: 👉 [더블클릭] 체크리스트 열기 📄 | R10: 1) 👉 [더블클릭] 체크리스트 열기 📄
A11: 9000 | B11: 9000-1 | C11: 신호분야 | D11: 9000-1-10 | E11: 장비반입 및 안전교육 | F11: 현장 시스템팀 / 안전팀 | G11: 장비 반입 준비 및 안전교육 완료 | H11: - 도로 굴착장비, 고속작업 시 사용할 장비, 인양장비등 관련 장비 계획 검토 - 장비 spec 확인, 장비 성능 점검 - 작업원 안전교육 실시 | I11: 측정기록서, 안전교육 결과서 | J11: 1) 장비안전(WBS 9000-1-10) 확보를 위해 굴착/고속작업/인양 장비 Spec 점검 및 성능 검사를 시행하라. 2) 작업원 특별 안전교육 및 위험성평가 이행 확인서를 승인 완수하라. | K11: 👉 [더블클릭] 표준서 열기 📄 | L11: 1) 도로 굴착 및 인양 장비 Spec 확인과 장비 성능 점검을 반입 전 수행하십시오. 2) 신호 공사 작업원에 대한 특별 안전교육 및 보호구 착용 상태를 확인하십시오. | M11: 👉 [더블클릭] 수행지침 열기 📄 | N11: 1) 도로 굴착 및 인양 장비 Spec 점검 및 성능 검사를 완료하였는가? 2) 신호 공사 작업원 특별 안전교육 실시 기록을 확인하였는가? | O11: 👉 [더블클릭] 체크리스트 열기 📄 | R11: 1) 👉 [더블클릭] 체크리스트 열기 📄
A12: 9000 | B12: 9000-1 | C12: 신호분야 | D12: 9000-1-11 | E12: 자재 반입 및 검수 | F12: 현장소장 및 발주청/공동감리단 | G12: 공장제품 품질 확보를 위한 자재 검수 및 검사 | H12: - 자재공급승인원 제출 및 승인 - 공장검수 계획 제출 및 승인 - 각종 자재 사양 확인(KS, 표준규격, 독/과점 규격 등) - 자재 현지 반입 및 반입동선, 반입기간, 반입장소 검토 - 승인된 자재 상세사양 확인(Serial number 등록) - 제품의 규격, 수량 도면과 일치하는지 검토 | I12: 자재검수요청서 / 자재수입검사서 | J12: 1) 자재검수(WBS 9000-1-11) 강화를 위해 자재공급승인원(MAR) 제출 및 공장검수를 시행하라. 2) 반입 자재의 KS/KRS 규격 시험성적서 대조 검수 및 품질 보증을 완수하라. | K12: 👉 [더블클릭] 표준서 열기 📄 | L12: 1) 자재공급승인원(MAR) 및 공장검수 계획서를 제출하여 감리단 승인을 획득하십시오. 2) 자재 현지 반입 시 사양서, 시험성적서 및 표준규격 부합 여부를 인수 검수하십시오. | M12: 👉 [더블클릭] 수행지침 열기 📄 | N12: 1) 자재공급승인원(MAR) 제출 및 공장검수 승인을 획득하였는가? 2) 반입 자재 사양 확인(KS, KRS 표준규격) 및 수량 검수를 시행하였는가? | O12: 👉 [더블클릭] 체크리스트 열기 📄 | R12: 1) 👉 [더블클릭] 체크리스트 열기 📄
A13: 9000 | B13: 9000-1 | C13: 신호분야 | D13: 9000-1-12 | E13: 시스템설비 설치 (현장/기능실) | F13: 현장소장 및 분야별 전담팀 | G13: 현장설비 및 기기실의 자체 최적의 설치작업 | H13: - 기계 장치 위치 및 마감 동선 확인 - 승인된 자재 상세사양 확인 (Serial number 등록) - 제품의 규격, 수량 도면과 일치하는지 검토 - 배선/기능실 배선 상태 및 신호 인터페이스 확인 - 배선/기능실 케이블 및 전선 배선을 시운전 및 계측기 결과에 준하여 시행 - 케이블 단선부 및 배선 등 내부 배선 및 배선 결과 검수서 | I13: 검사 결과서 | J13: 1) 시스템설비 설치(WBS 9000-1-12)를 위해 기계실 랙 마감 동선 및 승인 자재 상세 사양을 확인하라. 2) 현장 신호기, 선로전환기 기초 볼트 체결 및 도면 일치 여부를 정밀 시공하라. | K13: 👉 [더블클릭] 표준서 열기 📄 | L13: 1) 기계실 장치 위치, 마감 동선 및 승인 자재 Serial Number 등록을 확인하십시오. 2) 현장 설치 설비의 규격, 수량 및 도면 일치 여부를 정밀 측정하여 시공하십시오. | M13: 👉 [더블클릭] 수행지침 열기 📄 | N13: 1) 기계실 장치 위치, 마감 동선 및 승인 자재 사양을 확인하였는가? 2) 현장 신호기/선로전환기 기초 볼트 체결 및 규격 일치 여부를 시공하였는가? | O13: 👉 [더블클릭] 체크리스트 열기 📄 | Q13: ● 관련분야 설계기준서 준수 | R13: 1) 👉 [더블클릭] 체크리스트 열기 📄
A14: 9000 | B14: 9000-1 | C14: 신호분야 | D14: 9000-1-14 | E14: 시스템 단위시험 | F14: 현장 시스템팀 | G14: 철도안전법상 신호시스템 규정에 대한 설치 후 현황시험 및 기능 확보 | H14: - 자체단독시험 및 관계부서 공동 시험수행 여부 - 지상신호장치 및 관계부서 단위시험 결과서 - 감리단이 승인한 검사 및 시험 점검표 (ITP/ITC) 절차에 따라 수행 - 지상신호설비 단위시험 항목 1) 신호기장치 / 선로전환기 장치 / 전자연동장치 / 열차자동방호장치 / 신호전원장치 / 전선로 / 안전설비 / 기타설비 / 트램신호기 / TPD 등 - 관제설비 1) 서버설치 / 네트워크 장치 / 콘솔장치 / 대형표시반 / LDTS | I14: 자체단독시험 및 시험결과서 (단독단위) | J14: 1) 단위시험(WBS 9000-1-14) 수행을 위해 철도안전법 규정에 따른 설치 후 단독 현황시험을 시행하라. 2) 신호기, 선로전환기, 전원장치, 차축검지기 개별 ITP/ITC 시험 결과서를 승인 완수하라. | K14: 👉 [더블클릭] 표준서 열기 📄 | L14: 1) 자체 단독시험 및 관계부서 공동 시험수행 여부를 확인하십시오. 2) 감리단 승인 점검표(ITP/ITC) 절차에 따라 지상신호장치 단위시험 결과서를 작성하십시오. | M14: 👉 [더블클릭] 수행지침 열기 📄 | N14: 1) 지상신호장치 및 관계부서 단위시험 결과서를 확인하였는가? 2) 감리단 승인 점검표(ITP/ITC) 절차에 따라 개별 단독 현황시험을 수행하였는가? | O14: 👉 [더블클릭] 체크리스트 열기 📄 | Q14: ● 관련분야 설계기준서 준수 | R14: 1) 👉 [더블클릭] 체크리스트 열기 📄
A15: 9000 | B15: 9000-1 | C15: 신호분야 | D15: 9000-1-15 | E15: 신호시스템 통합시험 | F15: 현장 시스템팀 | G15: 신호시스템 단독시험 완료 후 타 분야 연계 및 시설 유효성 확인 | H15: - 관계성과 연계 인터페이스 시험 - 지상 및 차량 인터페이스 - 지상 및 차량 인터페이스 시 시험 결과표 - 감리단이 승인한 검사 및 시험 점검표 (ITP/ITC) 절차에 따라 수행 1) 관제실 및 현장 연동장치간 인터페이스 시험 2) 지상 및 차상 인터페이스 시험 3) 도로신호/트램신호 인터페이스 시험(우선신호 시험) | I15: 자체단독시험 및 시험결과서 (단독단위) | J15: 1) 통합시험(WBS 9000-1-15)을 통해 단독시험 완료 후 관제 ➔ CBI 전자연동장치 통합 연동을 검증하라. 2) 차상-지상 무선(LTE-R) 도로-트램 우선신호 연계 시험 결과표를 승인 완수하라. | K15: 👉 [더블클릭] 표준서 열기 📄 | L15: 1) 관제실 및 현장 연동장치 간 인터페이스 통합시험을 시행하십시오. 2) 지상-차상 인터페이스 및 도로/트램 우선신호 무선 연계시험 결과표를 작성하십시오. | M15: 👉 [더블클릭] 수행지침 열기 📄 | N15: 1) 관제실 및 현장 연동장치 간 인터페이스 시험을 수행하였는가? 2) 지상-차상 인터페이스 및 도로-트램 우선신호 연계 시험을 검증하였는가? | O15: 👉 [더블클릭] 체크리스트 열기 📄 | Q15: ● 관련분야 설계기준서 준수 | R15: 1) 👉 [더블클릭] 체크리스트 열기 📄
A16: 9000 | B16: 9000-1 | C16: 신호분야 | D16: 9000-1-16 | E16: 공종별 시험 | F16: 현장 시스템팀 | G16: 철도안전기준에 따른 법정 / 설계기준 / 신기술 / 시운전 등의 요구사항의 적합성 검증 | H16: - 신기술공법 등 신공법 적용 - 자료정리 및 단위 시험 - 신기술공법/기능성/현장성 단위 시험 결과서 - 현장설비 시험 1) 신호기 장치: 신호기 설치 / 투시거리 및 정상 동작시험 2) 신호부속기(진로표시기): 진로표시기 설치 및 정상 동작시험 3) 차축검지기 설치 및 정상 동작시험 4) 선로전환기 설치상태 확인시험 5) 트램신호기, TPD, 설치 및 동작시험 6) 교차로 영상유고 시스템 설치 및 동작시험 - 신호기계실 설비 시험 1) 전원공급장치 이중화 확인 및 절체 시험 수행 2) 전자연동장치 설치 및 정상 동작시험 3) 전자열쇠 정상 작동상태 확인 4) 차축검지기부 설치 및 정상 동작시험 - 관제설비 시험 1) 관제실: 운영관제실 MMI 장치 동작상태 2) 신호컴퓨터실: 신호컴퓨터실 서버 및 네트워크 정상 동작상태 확인 3) 전원장치 정상 동작상태 확인 | I16: 공종별 시험 결과보고서 | J16: 1) 공종별 시험(WBS 9000-1-16)을 위해 신호기, 진로표시기, 선로전환기, 차축검지기 현장 동작시험을 시행하라. 2) 신호기계실 전원 2중화 절체 시험 및 관제 CTC 서버 정상 동작 시험을 완수하라. | K16: 👉 [더블클릭] 표준서 열기 📄 | L16: 1) 현장설비(신호기 투시거리, 선로전환기 쇄정, 차축검지기) 동작시험을 시행하십시오. 2) 기계실 전원공급장치 이중화 절체 시험 및 관제 서버 정상 동작상태를 확인하십시오. | M16: 👉 [더블클릭] 수행지침 열기 📄 | N16: 1) 신호기 투시거리/진로표시기 및 선로전환기 쇄정 동작시험을 수행하였는가? 2) 기계실 전원공급장치 이중화 절체 시험 및 관제 서버 동작을 검증하였는가? | O16: 👉 [더블클릭] 체크리스트 열기 📄 | Q16: ● 관련분야 설계기준서 준수 | R16: 1) 👉 [더블클릭] 체크리스트 열기 📄
A17: 9000 | B17: 9000-1 | C17: 신호분야 | D17: 9000-1-17 | E17: 차량 투입 전 점검 | F17: 현장소장 및 시공전담팀 | G17: 차량 시험운행 전 철저한 안전대책 수립 및 품질성 확보 여부 확인 | H17: - 현장의 시설물 설치상태 점검 1) 연동검사(설비동작, 진로취급 및 신호현시 시험 등) 2) 신호 기계실 내 시스템 검사(연동장치, 열차제어시스템 등) 3) 전원장치 시험(UPS 및 배터리) 4) 신호 기계실 내부 방재예방 설비(소화기, 접지저항값 측정결과) 5) 신호기 시공상태(설치 위치의 적정성, 신호기와 건축물과의 건축한계 적정여부 등) 6) 선로전환기 시공상태 확인(선로전환기 전환 및 표시회로 구성 등) 7) 전선류 시공상태 확인(케이블 단말처리 및 접속개소, 선명찰 절연저항 측정값 등) 8) 기구함, 접속함 등 시공상태 확인(기초 시공적정여부, 전선 인입구, 접지설비, 볼트류 체결 상태 등) 9) 본선의 시설물 성능장애 점검 - 건축한계 및 차량한계 - 가공선로: 폭(3,100mm)/높이(3,800mm) 및 차량한계: 폭(2,700mm)/높이(3,600mm) 정렬선 개시 - 수전 및 전압 점검 | I17: 차량 투입 전 점검 결과 보고서 | J17: 1) 차량 투입 전 점검(WBS 9000-1-17)을 통해 연동검사 및 기계실 방재/접지저항 측정을 시행하라. 2) 건축한계/차량한계 이격 정밀 측정 및 전원장치(UPS) 성능을 최종 검증하라. | K17: 👉 [더블클릭] 표준서 열기 📄 | L17: 1) 연동검사(설비동작, 진로취급) 및 신호기 시공상태 적정성을 점검하십시오. 2) 건축한계(폭 3.1m/높이 3.8m) 이격 측정 및 기계실 UPS/방재예방 설비를 확인하십시오. | M17: 👉 [더블클릭] 수행지침 열기 📄 | N17: 1) 연동검사 및 기계실 시스템/UPS 시험을 완료하였는가? 2) 신호기와 건축물 간 건축한계 정밀 측정 및 방재설비를 확인하였는가? | O17: 👉 [더블클릭] 체크리스트 열기 📄 | Q17: ● 관련분야 설계기준서 준수 | R17: 1) 👉 [더블클릭] 체크리스트 열기 📄
A18: 9000 | B18: 9000-1 | C18: 신호분야 | D18: 9000-1-18 | E18: 차량 시운전 | F18: 현장 시스템팀 | G18: 철도안전법상 철도기술기준에 적합하게 시운전 수행 여부(철도노선 규정) | H18: - 철도기술기준(궤도/철도차량 안전성) 준수 여부 1) 속도/제동 테스트수행 여부 2) 차량, 신호, 통신 시스템간 인터페이스 시험 - 철도안전법 제26조(철도차량 형식승인) 기준 준수 1) 주요 외관검사 및 치수검사 2) 주요기기 기능검사(제어전원 투입확인, 집전장치 동작확인, 추진제어장치 동작확인 등) - 차상신호장치 포함시 시행(차상신호장치는 차량제작사 공급 or 신호설비 공급사 공급) 1) 지·차상 연계동작시험 2) 차량, 신호, 통신 시스템간 인터페이스 시험 3) 열차제어 시스템 기능시험 - 센터간 I/F 시험 1) 교통관제센터/트램관제센터간 정보전송 상태 2) 차량 위치검지 시험 | I18: 철도차량 안전성 결과 보고서 | J18: 1) 차량 시운전(WBS 9000-1-18) 수행 시 철도안전법 제26조 형식승인 기준 준수 여부를 검증하라. 2) 속도/제동 테스트, 차상-지상 연계동작 및 열차제어 시스템 기능시험을 완수하라. | K18: 👉 [더블클릭] 표준서 열기 📄 | L18: 1) 철도기술기준에 따라 속도/제동 테스트 및 주요기기 제어전원 투입을 검사하십시오. 2) 차상신호장치 지·차상 연계동작시험 및 열차제어 시스템 기능시험을 시행하십시오. | M18: 👉 [더블클릭] 수행지침 열기 📄 | N18: 1) 철도기술기준 준수 속도/제동 테스트 및 주요기기 검사를 시행하였는가? 2) 차상-지상 연계동작시험 및 차량-신호-통신 I/F 시험을 검증하였는가? | O18: 👉 [더블클릭] 체크리스트 열기 📄 | Q18: ● 관련분야 설계기준서 준수 | R18: 1) 👉 [더블클릭] 체크리스트 열기 📄
A19: 9000 | B19: 9000-1 | C19: 신호분야 | D19: 9000-1-19 | E19: 운영자 교육시행 | F19: 현장 시스템팀 | G19: 운영요원(기관사 및 안전관리)을 위한 주행/유지 교육시행 | H19: - 시스템안전 교육(철도차량 안전점검 요령) - 차량, 신호, 통신 시스템간 인터페이스 사용방법 및 조작 교육 - 관제센터와의 연계 기계실/차량내 장치(DID 보드 등) 운영 및 테스트 - 시스템공급 장비제작사에 의한 운영자 및 유지보수자 교육 1) (관제설비) CTC서버, 콘솔컴퓨터 등 2) (신호 기계실) 전자연동장치, 궤도회로장치 등 3) (현장설비) 신호기, 선로전환기, 튜닝유니트 등 | I19: 운영자훈련 및 기술단계에서 운영지침서 | J19: 1) 운영자 교육(WBS 9000-1-19)을 위해 기관사 및 유지보수 요원 대상 시스템 안전 교육을 시행하라. 2) 장비 제작사에 의한 CTC/CBI/현장설비 조작·정비 기술 교육 완료 이수증을 승인하라. | K19: 👉 [더블클릭] 표준서 열기 📄 | L19: 1) 철도차량 안전점검 요령 및 시스템 간 조작 방법에 대한 운영자 교육을 시행하십시오. 2) CTC 서버, 전자연동장치, 현장 신호기/선로전환기 교육 이수 현황을 확인하십시오. | M19: 👉 [더블클릭] 수행지침 열기 📄 | N19: 1) 기관사 및 유지보수요원 대상 시스템 안전 교육을 시행하였는가? 2) 장비 제작사에 의한 CTC/CBI/현장설비 조작교육을 완료하였는가? | O19: 👉 [더블클릭] 체크리스트 열기 📄 | Q19: ● 관련분야 설계기준서 준수 | R19: 1) 👉 [더블클릭] 체크리스트 열기 📄
A20: 9000 | B20: 9000-1 | C20: 신호분야 | D20: 9000-1-20 | E20: 사전점검 및 철도기술기준 검토 | F20: 현장소장 및 발주처 / 공동감리단 | G20: 철도종합시험운행에 따른 기능 및 성능 사전검증과 철도종합시험운행의 목적 달성의 적합여부 판정 | H20: - 분야외 시설물 성능장치 점검 - (1부)철도종합시험운행 시행지침 제6조(종합시험운행을 위한 사전점검) - 현장점검을 위한 계획 및 체크리스트 수립에 의하여 내 조직 가능한 항목에 대해 사전기재 및 결과 기재 - (기준) 철도종합시험운행 시행지침 제8조(종합시험운행을 위한 사전점검) - 현장점검을 위한 계획 및 체크리스트를 사전에 준비하여 기한 내 조치가능한 점검항목 도출 1) 철도시설물 시공상태 및 기능확인, 공종별시험 결과보고서 검토 2) 철도시설의 기술기준 준수여부 3) 관련 법령에 따른 외부기관의 검사완료 가능여부 확인 4) 시설물검증시험 전까지 대상 철도시설물 완공가능 여부확인 5) 철도시설의 안전성 분석결과 및 분석결과에 따른 안전대책 검토 6) 종합시험운행(시설물검증시험·영업시운전) 시행에 필요한 사항확인 등 | I20: 사전점검 결과표 / 철도안전성검토서 | J20: 1) 사전점검(WBS 9000-1-20)을 위해 철도종합시험운행 시행지침 제6조/제8조 검토 수칙을 이행하라. 2) 시설물 시공상태, 기술기준 준수 및 완공 가능 여부 사전점검 체크리스트를 완수하라. | K20: 👉 [더블클릭] 표준서 열기 📄 | L20: 1) 철도종합시험운행 시행지침 제6조/제8조에 따라 사전점검 체크리스트를 사전에 준비하십시오. 2) 시설물 시공상태, 기술기준 준수 여부 및 공종별시험 결과보고서를 검토하십시오. | M20: 👉 [더블클릭] 수행지침 열기 📄 | N20: 1) 철도종합시험운행 시행지침 제6조/제8조 사전점검 체크리스트를 수립하였는가? 2) 철도시설물 시공상태, 기술기준 준수 및 안전성 분석 결과를 검토하였는가? | O20: 👉 [더블클릭] 체크리스트 열기 📄 | Q20: ● 관련분야 설계기준서 준수 | R20: 1) 👉 [더블클릭] 체크리스트 열기 📄
A21: 9000 | B21: 9000-1 | C21: 신호분야 | D21: 9000-1-21 | E21: 시설물 검증시험 | F21: 현장소장 및 발주처 / 공동감리단 | G21: 시설물검증 노선에 환경에 철도종합시험운행 시행지침에 의거 철도노선 및 관계시설을 검증하여 안전성 확보 여부 판단 | H21: - 철도종합시험운행 시행지침상 검사사항 검증 - 철도종합시험운행 시설물검증시험 점검항목 시행 - 시설물 특성 및 규모에 따른 설계속도 또는 선로 최고운행속도 까지 증속하여 다음의 사항을 점검 1) 신호시설물의 정상 동작상태 2) 신호시설물의 안전상태 3) 철도차량의 운행 적합성 적정여부 4) 신호설비와 차량간 연계성 적정여부 | I21: 시설물 검증시험 시험결과 및 승인원, 완료결과보고서 | J21: 1) 시설물 검증(WBS 9000-1-21)을 위해 최고운행속도 증속 시운전을 시행하고 신호 정상동작을 검증하라. 2) 신호설비와 차량 간 연계성 및 철도차량 운행 적합성 검증 결과표를 승인 완수하라. | K21: 👉 [더블클릭] 표준서 열기 📄 | L21: 1) 설계 최고운행속도까지 단계별 증속하여 신호시설물 정상 동작 및 안전성을 점검하십시오. 2) 신호설비와 차량 간 연계 적정성 및 철도차량 운행 적합 여부를 서면 판정하십시오. | M21: 👉 [더블클릭] 수행지침 열기 📄 | N21: 1) 설계 최고운행속도 증속 시운전 시 신호시설물 정상 동작을 확인하였는가? 2) 신호설비와 차량 간 연계성 및 차량 운행 적합성을 검증하였는가? | O21: 👉 [더블클릭] 체크리스트 열기 📄 | Q21: ● 관련분야 설계기준서 준수 | R21: 1) 👉 [더블클릭] 체크리스트 열기 📄
A22: 9000 | B22: 9000-1 | C22: 신호분야 | D22: 9000-1-22 | E22: 영업 시운전 | F22: 현장소장 및 발주처 / 공동감리단 | G22: 영업 시운전에 의한 수송능력을 파악하고 최종 운영기관과 인터페이스 협의를 통해 시공의 안정성 확보 여부 및 검증 | H22: - 모의 영업 시나리오 기반 100회 정시 운행 성공률 99.8% 이상 확보 - 영업운전과 동일한 조건으로 행사수송 수행 및 영업준비 수행 - 철도안전관련계 체계 및 시운전수행 승인 등 관계 기관에 제출 - 영업조건과 동일한 조건으로 열차운행을 위한 운전분야 및 영업분야 시행 - 열차운행스케쥴 및 영업설비 점검 - 승무원 노선숙지 등 업무숙달 훈련 - 철도시설과 차량과의 인터페이스 최종 점검 | I22: 영업 시운전 및 가동단계에서 운영지침서 및 최종 제출서(가동시험보고서) | J22: 1) 영업 시운전(WBS 9000-1-22)을 위해 모의 영업 시나리오 기반 100회 정시 운행 성공률(≥99.8%)을 달성하라. 2) 영업운전과 동일 조건 열차스케줄 및 승무원 노선숙지 등 최종 영업준비를 완수하라. | K22: 👉 [더블클릭] 표준서 열기 📄 | L22: 1) 모의 영업 시나리오에 따라 100회 정시 운행 성공률(≥99.8%) 이상을 확보하십시오. 2) 영업운전과 동일한 조건으로 열차운행 스케줄 및 영업설비 최종 점검을 완료하십시오. | M22: 👉 [더블클릭] 수행지침 열기 📄 | N22: 1) 모의 영업 시나리오 기반 100회 정시 운행 성공률(≥99.8%)을 달성하였는가? 2) 영업운전 동일 조건 행사수송 및 승무원 노선숙지 훈련을 완수하였는가? | O22: 👉 [더블클릭] 체크리스트 열기 📄 | Q22: ● 관련분야 설계기준서 준수 | R22: 1) 👉 [더블클릭] 체크리스트 열기 📄
A23: 9000 | B23: 9000-1 | C23: 신호분야 | D23: 9000-1-13 | E23: 유지관리 설치 | F23: 현장소장 | G23: 관제 관제실의 장비체계 배치 및 설치 | H23: - 유지 및 보수용 상세 공사 설계배치 확인 - 현장조성 및 유지관리 지침서 이행 여부 | I23: 유지관리 지침 및 관리 이행 보고서 | J23: 1) 유지관리 설치(WBS 9000-1-13)를 위해 관제실 유지보수용 장비 배치 및 상세 공사 설계를 확인하라. 2) 현장조성 및 유지관리 지침서 이행 여부를 확인하고 관제 MMI 보수를 완수하라. | K23: 👉 [더블클릭] 표준서 열기 📄 | L23: 1) 관제실 유지 및 보수용 상세 공사 설계 배치를 확인하고 장비를 시공하십시오. 2) 현장 조성 및 유지관리 지침서 이행 여부를 점검하여 서면 보고하십시오. | M23: 👉 [더블클릭] 수행지침 열기 📄 | N23: 1) 관제실 유지보수용 상세 공사 설계 배치를 확인하였는가? 2) 현장조성 및 유지관리 지침서 이행 여부를 점검 확인하였는가? | O23: 👉 [더블클릭] 체크리스트 열기 📄 | Q23: ● 관련분야 설계기준서 준수 | R23: 1) 👉 [더블클릭] 체크리스트 열기 📄

Sheet 통신
A1: L2 코드 | B1: L3 코드 | C1: L3 대공종명 | D1: L4 코드 | E1: 작업단위 (Level 4 Task/Activity) | F1: 주관 | G1: 목적 | H1: 방법 | I1: 산출물(결과) | J1: 표준서 (Standard) 요약 | K1: 표준서 파일 (HTML) | L1: 수행지침 (Guideline) 요약 | M1: 수행지침 파일 (HTML) | N1: 체크리스트 (Checklist) 요약 | O1: 체크리스트 파일 (HTML) | P1: 비고 | Q1: 첨부서류 연계 상세 설계기준 | R1: 집행단계 리스크 체크리스트 | S1: 협력사 시공/공사관리 자문
A2: 9000 | B2: 9000-2 | C2: 통신분야 | D2: 9000-2-1 | E2: 설계적정성 검토 | F2: 현장 공무팀 | G2: 설계적정성 및 시공성 검토 | H2: - 입찰 요구사항에 대한 설계 반영여부 검토 - 설계도서 및 철도표준 자재 반영여부 확인 - 타 시스템과의 인터페이스 가능 여부, 용량, 성능요구 및 통신 트렌드를 고려한 통신 시스템 선정 - 설계단계에서 통신 음영지역이 있는지를 샘플링 시뮬레이션을 통해 확인하는지 체크 (민원방지 및 롤백 예방을 위한 방안 수립) - 기지/역사/터널 배선 적정성 검토 - 현장설치 시공성 및 공기 Risk 검토 - 공정계획의 적정성 검토 | I2: 회의록, 설계검토 보고서 | J2: 1) 정보통신공사업법, KDS 47 철도설계기준 및 입찰안내서 특기시방 준수 여부 사전 검증 2) LTE-R 무선망, 8대 이종 통신시스템, 타공종 간섭 및 리스크 헷지·기회반영 설계변경 승인 표준 적용 | K2: 👉 [더블클릭] 표준서 열기 📄 | L2: 1) 설계적정성 검토: [도면↔수량산출서↔내역서] 삼각 교차대조, 법령/KDS 매핑 체크리스트 검증 및 통신계통 계산서 검토 2) 시공성 및 설계변경: 현장 지장물 실측 조사, 타공종 3D 간섭 조정, 공법/안전 검토 및 현장 전직원+본사 동시 검토 회의로 설계변경 수립 | M2: 👉 [더블클릭] 수행지침 열기 📄 | N2: 1) 통신 관계 법령, KDS 47 00 00 철도설계기준, 입찰안내서 시방 준수 및 도면·수량·내역 교차 검증을 완료하였는가? 2) LTE-R 무선망, 타공종 3D 간섭조정, 8대 이종 통신시스템, 관제연동 적정성 검토 및 현장전직원+본사 동시 검토 승인을 완료하였는가? | O2: 👉 [더블클릭] 체크리스트 열기 📄 | Q2: ● 관련분야 설계기준서 준수 | R2: 1) 👉 [더블클릭] 체크리스트 열기 📄
A3: 9000 | B3: 9000-2 | C3: 통신분야 | D3: 9000-2-2 | E3: 착수전략 KOM | F3: 현장소장 | G3: 통신설비 공사 발주 전략수립 | H3: - 통신설계 설계 및 변동요인 검토 - 통신공사 공사 시공실적 업체Pool 검토 - 유사사례 영업운행 실적이 확보된 시스템적용 1) 공정계획 및 통신자재 제작 기간 2) 통신설비 구축 실적 보유 (철도, 도시철도, 경전철) 3) 예비품 및 소모품 포함 4) 시공전시 통신설비 운전 및 교육 지원 (비용 포함) 5) 예상내역상 누락 예비품 여부 6) 현장 자재보관 창고 임대 비용 포함 7) 공사용 전기, 물수, 청소 비용 포함 8) 가동 후 현장 기술지원 및 기술 전수 인력기간 및 비용 포함 | I3: KOM 검토결과서, 현장설명서 | J3: 1) 통신공사 발주 착수 전 입찰조건, 적격 시공업체 Pool 분석 및 8대 현장조건 반영 발주전략 수립 2) 주요 통신 자재 납품 수급 계획 및 시공 적격성 평가를 반영한 발주전략 KOM 보고서 승인 표준 적용 | K3: 👉 [더블클릭] 표준서 열기 📄 | L3: 1) 발주조건 & 공법 분석: 공사 범위, 자재 자급/사급 조건, 공기 타당성 및 타공종 인터페이스 선행 공종 분석 2) 전략 수립 및 승인: 리스크 헷지형 계약 조건 도출 및 현장소장/공무팀 주관 발주전략 KOM 보고서 확정 | M3: 👉 [더블클릭] 수행지침 열기 📄 | N3: 1) 통신공사 발주 착수 전 입찰안내서 요구조건 및 현장여건 8대 특기사항을 발주 전략에 반영하였는가? 2) 주요 자재 납품 수급 계획 및 적격 시공업체 평가 기준을 마련하여 발주전략 KOM 승인을 완수하였는가? | O3: 👉 [더블클릭] 체크리스트 열기 📄 | Q3: ● 관련분야 설계기준서 준수 | R3: 1) 👉 [더블클릭] 체크리스트 열기 📄
A4: 9000 | B4: 9000-2 | C4: 통신분야 | D4: 9000-2-3 | E4: 토목 / 건축 인터페이스 협의 | F4: 현장 시스템팀 | G4: 통신설비 설치를 위한 요구사항 검토 | H4: - 자재 반입전/공동구/케이블 인입구 등 확인, 기능실마감 및 출입문 상태 | I4: 인터페이스 회의록 및 관리대장 | J4: 1) 토목·건축 구조물 내 통신 관로, 케이블 트레이, 기계실 배치 및 인입 배관 인터페이스 사전 검토 2) 타공종 구조체 타설 전 통신 매립 배관 위치 검증 및 인터페이스 협의록 작성 표준 적용 | K4: 👉 [더블클릭] 표준서 열기 📄 | L4: 1) 구조체 간섭 검토: 토목·건축 도면 대조를 통한 통신 관로 굴곡율, 트레이 설치 경로 및 기계실 벽체 관통부 실측 조사 2) 협의 수행 및 승인: 타공종 구조체 콘크리트 타설 전 통신 배관 매립 위치 현장 확인 및 3D 간섭 조정 협의록 확정 | M4: 👉 [더블클릭] 수행지침 열기 📄 | N4: 1) 시방 대조[도면 및 여건] 자재 반입 동선/공동구/케이블 인입구 등 확인, 기능실마감 및 출입문 확인 수칙을 사전 대조 확인하였는가? 2) 업체 Pool[적격 업체] 철도/트램 시공 및 영업운행 실적이 입증된 적격 업체 Pool을 검토하였는가? | O4: 👉 [더블클릭] 체크리스트 열기 📄 | Q4: ● 관련분야 설계기준서 준수 | R4: 1) 👉 [더블클릭] 체크리스트 열기 📄
A5: 9000 | B5: 9000-2 | C5: 통신분야 | D5: 9000-2-4 | E5: 전기 / 신호 / 기계 / PSD / 차량 인터페이스 협의 | F5: 현장 시스템팀 / 통신 협력업체 | G5: 연계분야간 사전조율 및 인터페이스 사항 조율로 재작업 예방 | H5: - 연계분야별 조율 및 협의사항 도출 1) 전기: 소요전력 외 2) 신호: 공동관로 포설계획 외 3) 차량: 차량 통신장치-차량간 연계 4) 전기, 신호, 기계, PSD와 통신망 계통 조율 - 일정, 분야별 필요 통신회선 수/종류, 기계실 케이블 및 세부 작업 범위 | I5: 인터페이스 회의록 및 관리대장 | J5: 1) 전기, 신호, PSD, 차량, 관제 등 이종 시스템 간 전원, 신호선 및 데이터 통신 인터페이스 통합 검토 2) 타공종 간 전자기 적합성(EMC/EMI), 전력 케이블 유도장해 차폐 및 서지 보호 표준 적용 | K5: 👉 [더블클릭] 표준서 열기 📄 | L5: 1) 설비 간 인터페이스 기술 검토: 전전류/고전압 케이블 유도장해 이격거리(≥30cm) 및 타공종 신호선 서지 보호 검토 2) 3D/BIM 간섭조정 및 승인: 이종 시스템 간 인터페이스 핀 맵, 데이터 포맷 교차 검증 및 시스템 합동 인터페이스 협의록 작성 | M5: 👉 [더블클릭] 수행지침 열기 📄 | N5: 1) 96Core 광망[통합 포설] 통신(48C)+전기(2C)+신호(12C)를 OF-SM-96Core×2조 통합 포설로 확정하였는가? 2) KEC 점유율[KEC 33%] 전선관 내부 단면적 점유율 33% 이하 및 ELP ø150mm×6개×2조 배관을 확인하였는가? | O5: 👉 [더블클릭] 체크리스트 열기 📄 | Q5: ● 관련분야 설계기준서 준수 | R5: 1) 👉 [더블클릭] 체크리스트 열기 📄
A6: 9000 | B6: 9000-2 | C6: 통신분야 | D6: 9000-2-5 | E6: 통신설비 제작사 인터페이스 협의 | F6: 현장 시스템팀 | G6: 통신설비간 연동방안 검토 | H6: - 내부 인터페이스 및 인허가사항 확인, 보안성검토 요청서 | I6: 인터페이스 회의록 및 관리대장 | J6: 1) 통신 주요 설비(LTE-R, 방송, CCTV, 역무, 관제 등) 제작사 간 프로토콜, 연동 규격 및 인터페이스 검토 2) 제작사 간 데이터 입출력 포맷 및 연동 케이블 사양서 확정 협의록 승인 표준 적용 | K6: 👉 [더블클릭] 표준서 열기 📄 | L6: 1) 프로토콜 & 연동 검토: 제작사 간 데이터 입출력 규격, 네트워크 프로토콜(TCP/IP, RS-485 등) 및 랙 치수 대조 2) 연동 시험 수칙 수립: 제작사 간 신호 연동 핀 배열 확정 및 상호 연동 인터페이스 사양서 감리 승인 절차 수행 | M6: 👉 [더블클릭] 수행지침 열기 📄 | N6: 1) 핀 구멍 대조[연결선 대조] A회사와 B회사 장비 연결선 핀(Pin) 구멍 위치가 똑맞는지 1:1 도면으로 대조하였는가? 2) 전원 잭 확인[코드 잭 준비] 각 장비에 220V 코드를 꽂을지 48V 전기를 줄지 전원 잭을 사전에 확인하였는가? | O6: 👉 [더블클릭] 체크리스트 열기 📄 | Q6: ● 관련분야 설계기준서 준수 | R6: 1) 👉 [더블클릭] 체크리스트 열기 📄
A7: 9000 | B7: 9000-2 | C7: 통신분야 | D7: 9000-2-6 | E7: 관제 및 운영사 인터페이스 협의 | F7: 현장 시스템팀 / 통신 협력업체 | G7: 관제 및 운영사 요구사항 사전 반영 및 시공범위 최적화 | H7: - 시운전 조율사항 및 시운전시 정보 항목도출 - 철도 교통관제(구로/대전)와 연동할 수 있는 무선기능추가(관제/유지보수자 등), 실시간 사진 확인의 편리성 향상을 위한 기능 추가(CCTV카메라 등) - 합동운영자, 운영사 인터페이스 협의 | I7: 인터페이스 회의록 및 관리대장 | J7: 1) 종합관제센터 및 철도운영사 요구조건 반영 관제 화면, 통신 프로토콜 및 비상 제어 인터페이스 검토 2) 관제 서버, 네트워크 스위치 및 운영사 통합 수선 체계 부합성 확인 승인 표준 적용 | K7: 👉 [더블클릭] 표준서 열기 📄 | L7: 1) 관제 연동 요구조건 검토: 종합관제 MMI 화면 구성, 비상 통화 프로토콜 및 운영사 통합 수선 요구사항 반영 조사 2) 관제 인터페이스 승인: 관제 서버-현장 장치 간 제어 데이터 송수신 시험 절차 수립 및 운영사 합동 검토서 확정 | M7: 👉 [더블클릭] 수행지침 열기 📄 | N7: 1) OCC 화면배치[화면 맞추기] 동탄 종합관제실(OCC) 모니터에 트램 운행 상황이 한눈에 들어오도록 화면을 배치하였는가? 2) 4K CCTV 65개[명당 자리] 교차로 4K CCTV 카메라 65개소가 사각지대 없이 보이도록 명당 자리를 배치하였는가? | O7: 👉 [더블클릭] 체크리스트 열기 📄 | Q7: ● 관련분야 설계기준서 준수 | R7: 1) 👉 [더블클릭] 체크리스트 열기 📄
A8: 9000 | B8: 9000-2 | C8: 통신분야 | D8: 9000-2-7 | E8: 발주처 품질 요구사항 검토 | F8: 현장 시스템팀 | G8: 발주처 품질관리 기준/검사방안 확인 | H8: - 감리/감독과 품질검사(ITP/ITC) 항목 검토 | I8: ITP/ITC | J8: 1) 발주처 입찰안내서 및 시방서 상의 통신 품질 시험 기준, 자재 승인 및 시험성적서 요구조건 검토 2) 품질시험계획서 수립 및 발주처 승인 품질 기준 준수서 작성 표준 적용 | K8: 👉 [더블클릭] 표준서 열기 📄 | L8: 1) 품질 기준 실측 수칙: 발주처 특기시방서 상의 품질 시험 항목, 샘플링 검사 비율 및 KS 규격 부합 여부 파악 2) 품질 관리 수립: 현장 품질시험계획서 수립, 불합격 자재 반출 절차 확립 및 발주처 승인 품질 수칙 이행 | M8: 👉 [더블클릭] 수행지침 열기 📄 | N8: 1) [품질 계획] 발주처 품질검사 계획서(ITP)와 공사시방서의 품질 기준을 사전 정밀 대조하였는가? 2) [Hold Point] 감리원 현장 직접 입회 검측 항목(Hold Point)을 사전 분류 지정하였는가? | O8: 👉 [더블클릭] 체크리스트 열기 📄 | Q8: ● 관련분야 설계기준서 준수 | R8: 1) 👉 [더블클릭] 체크리스트 열기 📄
A9: 9000 | B9: 9000-2 | C9: 통신분야 | D9: 9000-2-8 | E9: 자재 / 인원 / 장비 등 투입 사전 검토 | F9: 현장 시스템팀 / 협력업체 / 관리 | G9: 자재 / 인원 / 장비 투입 계획 수립 | H9: - 현장 여건 및 수량을 기준으로 투입(인원, 장비, 자재) 검토 | I9: 세부 공정계획 수립 및 조율 | J9: 1) 통신 공사 착수 전 전문 인력 기술자격, 자재 투입 일정 및 전용 시험장비/공구 사전 검토 2) 예정공정표 대비 인원·장비 투입 수급 타당성 및 안전 수칙 준수 검토 승인 표준 적용 | K9: 👉 [더블클릭] 표준서 열기 📄 | L9: 1) 투입 자원 타당성 분석: 통신 고급/중급 기술자 자격 검증, 광접속기/OTDR 시험장비 보유 상태 및 자재 수급 계획 검토 2) 공정 수급 승인: 예정공정표 대비 적정 투입 인원 산출, 작업 안전 구역 확보 및 현장소장 투입 승인 절차 수행 | M9: 👉 [더블클릭] 수행지침 열기 📄 | N9: 1) [자원 계획] 공정별 통신 인력, 장비 수급 및 자재 수량을 사전 정밀 대조하였는가? 2) [인력 자격] 통신 공종별 특급/고급 기술자 자격증 및 현장 배치 계획을 확인하였는가? | O9: 👉 [더블클릭] 체크리스트 열기 📄 | Q9: ● 관련분야 설계기준서 준수 | R9: 1) 👉 [더블클릭] 체크리스트 열기 📄
A10: 9000 | B10: 9000-2 | C10: 통신분야 | D10: 9000-2-9 | E10: 착수 전 Big Room 회의 | F10: 현장소장 | G10: 통신공사 수행 시, 선행공정 간섭사항 및 각종 Risk에 대한 대책 수립 | H10: 본사/현장/협력사 협의체 구축 후 세부내용 검토 - 공종별 간섭사항 검토: 노반(궤도)/전기/신호/기계/PSD/차량 인터페이스 - 통신자재 반입/토목(도로/궤도)/자재 야적장/제작사 공장 검토 - 통신자재 성능보장, 유사사례 리스크관리 및 성능보증 사항 검토 - 하자 예방, 타 프로젝트 하자사례 검토 후 재발방지방안 수립 - 인원, 자재, 장비 투입계획, 인허가사항 요건계획 검토 - 검사의 각 안전공사 기준 공유, 감리검사 계획 확인 - 공종별 Risk Hedge 방안 검토 1) 안전/품질 Risk 요소 및 대책 수립 2) 민원 대응방안 수립 | I10: Big Room 회의록(참석자 전원 서명) | J10: 1) 공사 착수 전 발주처, 감리단, 시공사 및 타공종 합동 Big Room 회의를 통한 종합 공정 및 위험요인 검토 2) 간섭사항 사전 도출 및 공종 간 공정 마일스톤 협의록 작성 표준 적용 | K10: 👉 [더블클릭] 표준서 열기 📄 | L10: 1) Big Room 공조 기법: 발주처·감리단·타공종 시공사 참사 종합 공정 3D 워크스루 및 선행 공종 마일스톤 점검 2) 간섭 리스크 해소: 공사 착수 전 분야별 간섭 위험 요소를 발굴하여 헷지 방안 수립 및 Big Room 회의록 최종 승인 | M10: 👉 [더블클릭] 수행지침 열기 📄 | N10: 1) [Big Room 체계] 본사/현장/협력사 3자 Big Room 협의체를 구축하고 착수 세부 실행계획을 대조하였는가? 2) [인터페이스] 노반(궤도)/전기/신호/기계/차량 5대 공종 간 관통 경로 및 간섭점을 사전 도출 검출하였는가? | O10: 👉 [더블클릭] 체크리스트 열기 📄 | Q10: ● 관련분야 설계기준서 준수 | R10: 1) 👉 [더블클릭] 체크리스트 열기 📄
A11: 9000 | B11: 9000-2 | C11: 통신분야 | D11: 9000-2-10 | E11: 통신설비 제작 사양서 작성 / 승인 | F11: 현장 시스템팀 | G11: 실제 설치되는 통신설비의 사양서를 확정하고 제작 사양서를 작성/승인 | H11: - 현장여건 및 실시설계계획보고서/포함자재사양서의 요구사항 충족 여부를 확인 - 제작사양서, 제작도면 작성 후 감리단 승인 | I11: 제작사양서, 제작도면 | J11: 1) 통신설비 세부 기술사양서, 랙 배열도(Shop Drawing) 및 전기적/기계적 상세 도면 작성 검토 2) 감리단 및 발주처 승인을 위한 제작사양서 승인 신청서 및 공학적 승인 표준 적용 | K11: 👉 [더블클릭] 표준서 열기 📄 | L11: 1) 제작도서 상세 검토: 통신 랙 배열도(Shop Drawing), 전원 분배기 용량 및 단위 기기 기술 사양서 정밀 분석 2) 공학적 승인 신청: 발주처 입찰시방과 제작사양서 1:1 대조 검증 및 감리단 공학적 승인 제출 절차 수행 | M11: 👉 [더블클릭] 수행지침 열기 📄 | N11: 1) [도서 대조] 기본/실시설계도서(보고서, 도면, 자재사양서)와 현장 기계실·역사 치수를 1:1 대조·확인하였는가? 2) [사양서 정의] 실제 제작·설치될 통신설비의 전기적·기계적 세부 규격 및 제작도면(Shop Drawing)을 작성하였는가? | O11: 👉 [더블클릭] 체크리스트 열기 📄 | Q11: ● 관련분야 설계기준서 준수 | R11: 1) 👉 [더블클릭] 체크리스트 열기 📄
A12: 9000 | B12: 9000-2 | C12: 통신분야 | D12: 9000-2-11 | E12: 시공 계획 수립 / 승인 | F12: 현장 시스템팀 | G12: 안전/품질이 확보된 시공계획 수립 | H12: - 공사계획: 예정공정표, 인원/장비/자재투입 계획, 통신자재 설치 절차서 등 - 안전관리: 위험요인/대책, 안전교육/시설/점검 계획 수립 - 품질관리: 품질하자 Risk 및 대책 수립 - 인허가: 자가전기통신설비 설치신고 접수 | I12: 시공계획서&시공상세도, 자가전기통신설비 신고서/계획서 | J12: 1) 통신공사 공정별 상세 시공절차서, 안전관리계획서, 품질관리계획서 및 세부 공정표 수립 2) 통신설비 설치 공법 타당성 및 감리단 시공계획서 승인 제출 표준 적용 | K12: 👉 [더블클릭] 표준서 열기 📄 | L12: 1) 세부 시공절차 수립: 통신 관로/트레이 포설, 광케이블 접속, 기계실 랙 설치 절차서 및 안전/품질 관리계획 작성 2) 감리 승인 및 이행: 시공상세도(Shop Drawing) 첨부, 현장 안전 위험성 평가 실시 및 감리단 시공계획서 승인 완료 | M12: 👉 [더블클릭] 수행지침 열기 📄 | N12: 1) [도서 대조] 기본/실시설계 보고서, 시방서 수치와 현장 통신기계실 실측 치수를 1:1 대조·확인하였는가? 2) [안전 대책] 통신기계실 DC -48V 감전 방지 및 정거장 고소작업 시 안전대/2인1조 작업 대책을 수립하였는가? | O12: 👉 [더블클릭] 체크리스트 열기 📄 | Q12: ● 관련분야 설계기준서 준수 | R12: 1) 👉 [더블클릭] 체크리스트 열기 📄
A13: 9000 | B13: 9000-2 | C13: 통신분야 | D13: 9000-2-12 | E13: 자재공급원 검토 및 승인 | F13: 현장 시스템팀 | G13: 통신설비의 시공성과 품질, 기능 확보를 위한 자재 공급원 검토 및 승인 | H13: - 통신자재제작능력, 유사사례 납품실적 확인 - 성능보증 가능한 통신자재 업체 Pool 검토 - 통신자재 설치 실적 및 설계능력 확인 - 보안성검토 결과 확인 | I13: 자재공급원/제작도서 승인 서류, 보안성검토 결과서 | J13: 1) 통신 주요 자재 및 기기 자재공급원 승인 서류(KS 인증, 시험성적서, 사업자등록증 등) 검토 2) 성능보증이 가능한 복수 자재공급원 승인 서류 수립 및 감리 승인 표준 적용 | K13: 👉 [더블클릭] 표준서 열기 📄 | L13: 1) 승인 서류 정밀 검토: 제조사 공장등록증, KS/KC 인증서, 최근 3년 납품 실적 및 공인시험기관 시험성적서 확인 2) 자재 승인 및 관리: 복수 공급원 비교 검토서 작성, 불량 자재 차단 헷지 및 감리단 자재공급원 승인 획득 | M13: 👉 [더블클릭] 수행지침 열기 📄 | N13: 1) [서류 수집] 공장등록증, 사업자등록증, 카탈로그, A/S 확약서 등 6대 필수 제출 서류를 수집·확인하였는가? 2) [사양 대조] 설계도서 수치(KCS 31 10 00)와 자재 카탈로그 규격 간 1:1 대조표를 정확히 작성하였는가? | O13: 👉 [더블클릭] 체크리스트 열기 📄 | Q13: ● 관련분야 설계기준서 준수 | R13: 1) 👉 [더블클릭] 체크리스트 열기 📄
... A33: 9000 | B33: 9000-2 | C33: 통신분야 | D33: 9000-2-32 | E33: LTE-R 무선국 준공검사 | F33: 발주처 | G33: 무선국 전파 특성 검증 및 준공 처리 | H33: - 한국방송통신전파진흥원에 준공신고서, 안테나전력/주파수편차/불요발사강도 측정표, 안테나 Pattern 도표 제출 (처리기간 14일) | I33: LTE-R 무선국 준공검사 확인서 | J33: 1) 전파법 제24조에 의거한 KCA 무선국 준공검사 현장 실측 수검 실시 2) 무선 전계강도 및 준공 상태 검사 합격 후 무선국 준공검사 합격증명서 획득 표준 적용 | K33: 👉 [더블클릭] 표준서 열기 📄 | L33: 1) KCA 준공검측 수검: 전파법 제24조에 따른 KCA 무선국 준공검사 현장 무선 전계강도 및 스펙트럼 실측 2) 합격 증명 획득: 준공 실측 합격 판정 수검 및 KCA 무선국 준공검사 합격증명서 최종 발급 획득 | M33: 👉 [더블클릭] 수행지침 열기 📄 | N33: 1) 전파법 시행령 제38조 서식에 맞춘 무선국 준공신고서를 KCA에 제출하였는가? 2) 개설허가서 사본, 기지국 시공 내역서 및 안테나 제원표 구비를 완료하였는가? | O33: 👉 [더블클릭] 체크리스트 열기 📄 | Q33: ● 전파법 제24조 | R33: 1) 👉 [더블클릭] 체크리스트 열기 📄

Sheet 전기
A1: L2 코드 | B1: L3 코드 | C1: L3 대공종명 | D1: L4 코드 | E1: 작업단위 (Level 4 Task/Activity) | F1: 주관 | G1: 목적 | H1: 방법 | I1: 산출물(결과) | J1: 표준서 (Standard) 요약 | K1: 표준서 파일 (HTML) | L1: 수행지침 (Guideline) 요약 | M1: 수행지침 파일 (HTML) | N1: 체크리스트 (Checklist) 요약 | O1: 체크리스트 파일 (HTML) | P1: 비고 | Q1: 첨부서류 연계 상세 설계기준 | R1: 집행단계 리스크 체크리스트 | S1: 협력사 시공/공사관리 자문
A2: 9000 | B2: 9000-3 | C2: 전기분야 | D2: 9000-3-1 | E2: 설계적정성 검토 | F2: 현장 공무팀 | G2: 설계적정성 및 시공성 검토 | H2: - 인접사업 공사기간을 고려한 한전 전력공급설비 계획 적정성 검토 (임시전력설비 등 검토) - 도로점용료가 공사비에 반영되었는지 검토 - 최신 설계기준, 철도표준 반영여부 확인 - 노면전차 전기 부하용량 적정성 검토 - 특고압케이블의 배관/배선 적정성 검토 - 특고압/외산자재 여부 확인 - 공사중 타공종 간섭사항, 원가 Risk 검토 - 공정계획의 적정성 검토 | I2: 회의록, 설계검토 보고서 | J2: "전기공사업법, 전기사업법, 한국전기설비규정(KEC), 도로법(점용허가) 및 산업안전보건법 준수 여부를 1:1 검토한다." | K2: 👉 [더블클릭] 표준서 열기 📄 | L2: 본 지침서는 동탄트램 전기분야 사업 착공 전설계도서의 기술적·법적 적정성 검토 방법과현장 여건, 타공종 간섭, 공법·장비 시공성(Constructability) 검토 절차를 명확히 제시하여, 시공 위험 요소는 사전에 헷지(H... | M2: 👉 [더블클릭] 수행지침 열기 📄 | N2: 본 체크리스트는 철도설계기준(KDS 47 00 00) 및 전기사업법에 의거하여,전기 분야 전반(송변전, 전력, 전차선, 배전, 접지, 인허가 등)에 대한 핵심 설계 적정성을 점검하고, 리스크(Risk) 헷지 및 기회(Oppo... | O2: 👉 [더블클릭] 체크리스트 열기 📄
A3: 9000 | B3: 9000-3 | C3: 전기분야 | D3: 9000-3-2 | E3: 발주전략 KOM | F3: 현장소장 | G3: 노면전차설비 공사 발주 전략수립 | H3: - 노면전차설비 설계 및 현장여건 검토 - 노면전차설비 공사 시공실적 업체Pool 검토 - 유사사례 영업운행 실적이 확보된 시스템적용 - 현설조건 검토 1) 공정계획 및 노면전차 자재 제작 기간 2) 노면전차설비 시공 실적 보유 (철도, 도시철도, 경전철 등) 3) 예비품 및 소모품 포함 4) 시공전시 전기설비 운전 및 교육 지원 (비용 포함) 5) 예상내역상 누락 아이템 여부 6) 현장 자재보관 창고 임대 비용 포함 7) 공사용 전기, 용수, 청소 비용 포함 8) 개통 후 현장 기술지원 상주 인력, 기간 및 비용 포함 | I3: KOM 검토결과서, 현장설명서 | J3: 공정표 대비 노면전차 특수자재(전차선 강성가선, 변압기 등)의 공장 제작/조달 Lead Time을 사전 반영함. | K3: 👉 [더블클릭] 표준서 열기 📄 | L3: 본 지침서는 동탄트램 노면전차설비 공사 발주 전설계 및 현장 여건을 정밀 파악하고 8대 현실조건(자재 제작 Lead Time, 철도/경전철 시공 실적 Pool, 예비품, 시공중/후 운전 및 교육지원, 현장 자재창고 임대료, ... | M3: 👉 [더블클릭] 수행지침 열기 📄 | N3: 본 체크리스트는 동탄트램 노면전차설비 공사 발주 착수 전8대 현실조건(자재 Lead Time, 시공 실적 Pool, 예비품, 시공중/후 교육 및 기술지원, 현장 자재창고 임대료, 가설 전원/용수/청소, 개통 후 상주 기술지원... | O3: 👉 [더블클릭] 체크리스트 열기 📄
A4: 9000 | B4: 9000-3 | C4: 전기분야 | D4: 9000-3-3 | E4: 토목 / 건축 인터페이스 협의 | F4: 현장 전철전력팀 | G4: 전력설비 설치를 위한 요구사항 검토 | H4: - 자재 반출입 동선/공동구/횡단관로/케이블 인입구 등 확인, 기능실마감 및 출입문 확인, 토목분야 선시공 자재관련 적정성 여부 확인 | I4: 인터페이스 회의록 및 관리대장 | J4: "정류기, 변압기, ESS 대형 기자재 반입 동선, 출입문 유효 폭/높이(H x W) 및 양중 훅 위치 실측 검증" | K4: 👉 [더블클릭] 표준서 열기 📄 | L4: 본 지침서는 동탄트램 전기분야 시공 착수 전자재 반입용 동선, 공동구/횡단관로/인입구 좌표, 전기 기능실 마감, 토목 공사용 매립 배관 검측 및 3D BIM 간섭 해소 절차를 명확히 제시하여, 콘크리트 구조체 타설 완료 후 ... | M4: 👉 [더블클릭] 수행지침 열기 📄 | N4: 본 체크리스트는 동탄트램 전기분야 시공 착수 전자재 반입용 동선, 변전실 개구부, 공동구/인입구 3D BIM 좌표, 전기 기능실 마감 및 토목 공사용 매립 배관의 적정성을 사전에 검측하여 구조체 타설 후 굴착/파쇄 재시공 충... | O4: 👉 [더블클릭] 체크리스트 열기 📄
A5: 9000 | B5: 9000-3 | C5: 전기분야 | D5: 9000-3-4 | E5: 신호 / 통신 / 기계 / PSD / 차량 인터페이스 협의 | F5: 현장 전철전력팀 / 전기 협력업체 | G5: 연계분야간 사전조율 및 인터페이스 사항 도출로 재작업 예방 | H5: - 연계분야별 조율 및 협의사항 도출 1) (기계): 부하별 필요전원 및 기동방식 외 2) (신호/통신): 공동관로 포설계획 외 3) (차량): 차량시운전에 필요한 충전설비 가압 일정 수립 4) (전기, 신호, 기계): 위치별 가압일정 - 2차(부하)측 세부 작업범위, 인수인계 이후 작업투입 순서 조율 | I5: 인터페이스 회의록 및 관리대장 | J5: "신호, 통신, 기계, PSD 및 트램 차량 전력 공급 관로, 배선 용량 및 트레이 타공 누락 사항 정밀 추출" | K5: 👉 [더블클릭] 표준서 열기 📄 | L5: 전기분야와 타공종(신호, 통신, 기계, PSD, 트램 차량) 간 인터페이스 설계도서 상 누락 및 협의사항 도출, 관로/배선/트레이/인터록 신호선 사전 조율을 통해 재작업을 원천 예방함 | M5: 👉 [더블클릭] 수행지침 열기 📄 | N5: 본 체크리스트는 동탄트램 전기분야 시공 착수 전전기분야와 타공종(신호, 통신, 기계, PSD, 트램 차량) 간 인터페이스 설계도서 상 누락 및 협의사항 도출, 관로/배선/트레이/인터록 신호선 사전 조율을 통해 재작업을 원천 ... | O5: 👉 [더블클릭] 체크리스트 열기 📄
A6: 9000 | B6: 9000-3 | C6: 전기분야 | D6: 9000-3-5 | E6: 전기설비 제작사 인터페이스 협의 | F6: 현장 전철전력팀 | G6: 전기설비간 연동방안 검토 | H6: - 내부 인터페이스 및 인허가사항 확인 | I6: 인터페이스 회의록 및 관리대장 , 보안성검토 요청서 | J6: "SCADA RTU, 변전소 GIS, 정류기, ESS 릴레이 간 IEC 61850 및 Modbus 통신 핀 맵/신호 주소 1:1 검증" | K6: 👉 [더블클릭] 표준서 열기 📄 | L6: 전기설비(변압기, 정류기, ESS, GIS, SCADA RTU) 제작사 사양 사전 반영, 이종 제작사 간 통신 프로토콜(IEC 61850, Modbus) 핀 맵/제어 랙 치수 조율 및 제작사양서 확정 | M6: 👉 [더블클릭] 수행지침 열기 📄 | N6: 본 체크리스트는 동탄트램 전기분야 시공 착수 전전기설비(변압기, 정류기, ESS, GIS, SCADA RTU) 제작사 사양 사전 반영, 이종 제작사 간 통신 프로토콜(IEC 61850, Modbus) 핀 맵/제어 랙 치수 조... | O6: 👉 [더블클릭] 체크리스트 열기 📄
A7: 9000 | B7: 9000-3 | C7: 전기분야 | D7: 9000-3-6 | E7: 관제 및 운영사 인터페이스 협의 | F7: 현장 전철전력팀 / 전기 협력업체 | G7: 관제 및 운영사 요구사항 사전 반영 및 과업범위 최적화 | H7: - 도로교통관제(수원, 동탄) 인터페이스 협의 - 전기설비 운영 및 유지보수자 편의성 향상을 위한 기능추가 (불필요한 기능을 삭제시에는 사전 협의) - 기기번호, 인터록(InterLock) Logic, 단로기(위치/번호/형태), 예비품 등 확정 * 인터록: 기계의 각 작동부분 상호간을 전기적, 기계적으로 연결해서 정상으로 작동하기 위한 조건이 만족되지 않는 경우 자동적으로 그 기계를 작동할 수 없도록 하는 기구 * 단로기: 차선로에 급전 및 선로 구분을 목적으로 하는 설비 | I7: 인터페이스 회의록 및 관리대장 | J7: "지자체(수원시, 화성시) 도로교통관제 센터와 트램 우선신호 제어기 간 통신 인터페이스 및 연동 협의" | K7: 👉 [더블클릭] 표준서 열기 📄 | L7: 수원시/동탄 도로교통관제 트램 우선신호 연동, 트램관제실(OCC) SCADA MMI 심볼 표준화, 차단기/단로기/접지스위치 안전 인터록 Logic 및 유지보수자 편의 기능 사전 협의 | M7: 👉 [더블클릭] 수행지침 열기 📄 | N7: 본 체크리스트는 동탄트램 전기분야 시공 착수 전수원시/동탄 도로교통관제 트램 우선신호 연동, 트램관제실(OCC) SCADA MMI 심볼 표준화, 차단기/단로기/접지스위치 안전 인터록 Logic 및 유지보수자 편의 기능 사전 ... | O7: 👉 [더블클릭] 체크리스트 열기 📄
A8: 9000 | B8: 9000-3 | C8: 전기분야 | D8: 9000-3-7 | E8: 발주처 품질 요구사항 검토 | F8: 현장 전철전력팀 | G8: 발주처 품질관리 기준/검사방안 확인 | H8: - 감리/감독과 품질검사(ITP/ITC) 항목 검토 | I8: ITP/ITC | J8: "감리/감독원 입회 품질검측계획서(ITP: Inspection & Test Plan) 작성 및 Hold Point(필수정지점) / Witness Point(입회점) 구분 명시" | K8: 👉 [더블클릭] 표준서 열기 📄 | L8: 감리/감독원 품질검사(ITP/ITC) 항목 검토, Hold Point/Witness Point 입회점 구분 수립, 현장 계측기 교정성적서 관리 및 불합격 자재 48시간 내 반출 통제 수칙 | M8: 👉 [더블클릭] 수행지침 열기 📄 | N8: 본 체크리스트는 동탄트램 전기분야 업무 이행에 대해감리/감독원 품질검사(ITP/ITC) 항목 검토, Hold Point/Witness Point 입회점 구분 수립, 현장 계측기 교정성적서 관리 및 불합격 자재 48시간 내 반... | O8: 👉 [더블클릭] 체크리스트 열기 📄
A9: 9000 | B9: 9000-3 | C9: 전기분야 | D9: 9000-3-8 | E9: 자재 / 인원 / 장비 등 투입 사전 검토 | F9: 현장 전철전력팀 / 협력업체 / 관리 | G9: 자재 / 인원 / 장비 투입 계획 수립 | H9: - 현장 여건 및 수량을 기준으로 투입(인력, 장비, 자재)을 검토 | I9: 세부 공정계획 수립 및 조율 | J9: "변압기, GIS, 정류기, ESS, 전차선 등 주요 전기자재 공장 제작 및 수급 소요 기간(Lead Time 30~60일)을 공정표와 사전 연동 통제" | K9: 👉 [더블클릭] 표준서 열기 📄 | L9: 현장 여건 및 공정을 기준으로 주요 자재 Lead Time(30~60일) 사전 발주 검증, 한국전기공사협회 기술자 자격 실물 대조, 고소작업차 안전검사합격증 확인 및 투입계획서 승인 | M9: 👉 [더블클릭] 수행지침 열기 📄 | N9: 본 체크리스트는 동탄트램 전기분야 업무 이행에 대해현장 여건 및 공정을 기준으로 주요 자재 Lead Time(30~60일) 사전 발주 검증, 한국전기공사협회 기술자 자격 실물 대조, 고소작업차 안전검사합격증 확인 및 투입계획... | O9: 👉 [더블클릭] 체크리스트 열기 📄
A10: 9000 | B10: 9000-3 | C10: 전기분야 | D10: 9000-3-9 | E10: 인허가 준비 | F10: 현장 전철전력팀 / 협력업체 | G10: 관련법에 따른 인허가 수행 | H10: - 인허가(전기사용신청, 공사계획신고, 도로점용허가, 도로공사 신고, 전기 사용전검사 등) 추진 계획을 To do list 작성하여 관리 | I10: 인허가 To do list | J10: "관할 한전에 수전 용량 계산서, 건축허가서, 22.9kV 수전 단선도 첨부 전기사용신청서 제출(처리기간 1개월) 및 인수점 지중 맨홀 협의" | K10: 👉 [더블클릭] 표준서 열기 📄 | L10: 한전 22.9kV 수전 전기사용신청, 지자체 전기 공사계획신고, 도로점용허가(도로법 56조), 도로공사신고(도로교통법 69조) 및 KESC 사용전검사 인허가 To-Do List 추적 관리 | M10: 👉 [더블클릭] 수행지침 열기 📄 | N10: 본 체크리스트는 동탄트램 전기분야 업무 이행에 대해한전 22.9kV 수전 전기사용신청, 지자체 전기 공사계획신고, 도로점용허가(도로법 56조), 도로공사신고(도로교통법 69조) 및 KESC 사용전검사 인허가 To-Do Lis... | O10: 👉 [더블클릭] 체크리스트 열기 📄
A11: 9000 | B11: 9000-3 | C11: 전기분야 | D11: 9000-3-10 | E11: 착수 전 Big Room 회의 | F11: 현장소장 | G11: 전철전력공사 수행 시, 선행공정 간섭사항 및 각종 Risk에 대한 대책 수립 | H11: 본사/현장/협력사 협의체 구축 후 상세검토 - 공종별 간섭사항 검토: 노반(궤도)/신호/통신/기계/차량 인터페이스 - 전기 자재 반입로/기자재 반입구/자재 야적장/제작사 공장 검토 - 전기 자재 성능보증 검토: 유사사례 적용실적 및 성능보증 세부사항 등 - 하자 예방: 타 프로젝트 하자사례 검토 후, 재발방지방안 수립 - 인원, 자재, 장비 투입계획, 양중장비 운영계획 검토 - 당사의 장비 안전검사 기준 공유, 장비검사 계획 확인 - 공종별 Risk Hedge 방안 검토 1) 안전/품질 Risk 도출 및 대책 수립 2) 민원 대응방안 수립 • 참석: 현장소장, 공무/공사/품질/안전팀담당자, 전철전력 협력업체, 선후행 공종 협력업체(토목, 시운전 등), 본사 담당팀(견적/엔지니어링/공정/품질/안전), 수행(공정)/품질/안전 | I11: Big Room 회의록(참석자 전원 서명) | J11: "노반(궤도), 신호, 통신, 기계, PSD, 차량 인터페이스 및 3D BIM 공간 간섭을 전면 사전 검토한다." | K11: 👉 [더블클릭] 표준서 열기 📄 | L11: 본 지침서는 동탄트램 전기분야 실공사 착수 전본사, 현장, 협력사 및 토목/신호/차량 3자 협의체 구축 방법,3D BIM 공종 간섭 조율, 자재 반입 동선/야적장 확보, 타 프로젝트 하자사례 분석 및 안전/민원 Risk He... | M11: 👉 [더블클릭] 수행지침 열기 📄 | N11: 본 체크리스트는 동탄트램 전기분야 실공사 착수 전본사, 현장, 협력사 및 토목/신호/차량 3자 협의체를 구축하여 3D BIM 공종 간섭, 자재 반입 동선, 타 현장 하자사례 재발방지책 및 Risk Hedge 방안을 확정하기 ... | O11: 👉 [더블클릭] 체크리스트 열기 📄
A12: 9000 | B12: 9000-3 | C12: 전기분야 | D12: 9000-3-11 | E12: 전기설비 제작 사양서 작성 / 승인 | F12: 현장 시스템팀 | G12: 전기설비의 제작 사양서 작성/승인 | H12: - 현장여건 및 실시설계도서(보고서,도면,자재사양서)의 요구사항 충족 여부를 확인 - 제작사양서, 제작도면 작성 후 감리단 승인 | I12: 제작사양서, 제작도면 | J12: "변압기 용량, 정류기 정격, ESS 배터리 세부 기술사양서 검토 및 시방 규격 1:1 대조 파악" | K12: 👉 [더블클릭] 표준서 열기 📄 | L12: 전기설비(변압기, 정류기, ESS, GIS, SCADA) 공장 제작 착수 전 발주처 특기시방서 및 KDS 47 00 00 철도설계기준에 따른 상세 기술사양서 및 공장 제작 승인도면(Shop Drawing) 검토 | M12: 👉 [더블클릭] 수행지침 열기 📄 | N12: 본 체크리스트는 동탄트램 전기분야 전기설비 제작 사양서 작성 / 승인 업무 이행에 대해전기설비(변압기, 정류기, ESS, GIS, SCADA) 공장 제작 착수 전 발주처 특기시방서 및 KDS 47 00 00 철도설계기준에 따... | O12: 👉 [더블클릭] 체크리스트 열기 📄
A13: 9000 | B13: 9000-3 | C13: 전기분야 | D13: 9000-3-12 | E13: 시공 계획 수립 / 승인 | F13: 현장 시스템팀 | G13: 안전/품질이 확보된 시공계획 수립 | H13: - 공사계획: 예정공정표, 인원/장비/자재투입 계획, 전기자재 설치 절차서 등 - 안전관리: 위험요인/대책, 안전교육/시설/점검 계획 수립 - 품질관리: 품질하자 Risk 및 대책 수립 - 전기공사 수행을 위한 처리계통별 시공계획 수립 : 본선/전기실의 전기설비 설치 방법 및 관리사항, 각종 시험 방법 등 | I13: 시공계획서&시공상세도 | J13: "변전기기 반입, Cable Tray 설치, 전차선 지주 입립 시공 순서 및 3D BIM 공정 수립" | K13: 👉 [더블클릭] 표준서 열기 📄 | L13: 전기분야 공정별(변전소, 전차선, 케이블 포설) 상세 시공계획서 수립, 예정공정표(Critical Path) 검토, 시공 순서 및 안전/품질 관리대책 수립 후 감리단 공학적 승인 완수 | M13: 👉 [더블클릭] 수행지침 열기 📄 | N13: 본 체크리스트는 동탄트램 전기분야 시공 계획 수립 / 승인 업무 이행에 대해전기분야 공정별(변전소, 전차선, 케이블 포설) 상세 시공계획서 수립, 예정공정표(Critical Path) 검토, 시공 순서 및 안전/품질 관리대책... | O13: 👉 [더블클릭] 체크리스트 열기 📄
... A33: 9000 | B33: 9000-3 | C33: 전기분야 | D33: 9000-3-32 | E33: 전기 사용전검사 (전력/전차선/송변전) | F33: 시공사 | G33: 준공 전 설비의 안전성 및 안전기준 부합 여부 판정 | H33: • 관련법령: 전기사업법 제63조 • 제출기관: 시공사 → 관할 한국전기안전공사 • 제출시기: 전기시설물 설치 완료 후 • 처리기간: 검사 7일전 신청 • 작성서류: 사용전검사신청서,공사계획인가서,감리원배치확인서, 전기안전관리자 선임신고증명서, 접지계산서/도면(단선결선도 및 배치평면도),각종케이블/자재 시험성적서 ) '[도로점용허가] → 도로점용허가서 • 관련법령: 도로법시행령 제56조 • 제출기관: 지방국토청/지자체 • 제출/처리기간: 도로점용 2주 전/ 7~10일 [도로공사 신고] → 도로공사신고서 • 관련법령: 도로교통법 제69조 • 제출기관: 관할경찰서 • 제출/처리기간: 공사 3일전/ 2~3일 | I33: 사용전검사 확인증(필증) ※ 송변전의 경우 한국전기안전공사 검사에 시공사 입회 | J33: "전기설비 설치 완료 후 7일 전 사용전검사신청서, 감리배치서, 단선도, 자재성적서 제출" | K33: 👉 [더블클릭] 표준서 열기 📄 | L33: 전기사업법 제63조, 도로법 제56조, 도로교통법 제69조에 의거 한국전기안전공사 사용전검사(7일전 신청), 지자체 도로점용허가(2주전), 경찰서 도로공사신고(3일전) 통합 수검 완료 | M33: 👉 [더블클릭] 수행지침 열기 📄 | N33: 본 체크리스트는 동탄트램 전기분야 전기 사용전검사 (전력/전차선/송변전) 업무 이행에 대해전기사업법 제63조, 도로법 제56조, 도로교통법 제69조에 의거 한국전기안전공사 사용전검사(7일전 신청), 지자체 도로점용허가(2주전... | O33: 👉 [더블클릭] 체크리스트 열기 📄

Sheet GUIDE
