Workbook

Sheet 종합통계대시보드
A1: 동탄도시철도(트램) 건설공사 집행단계 엔지니어링 매뉴얼 종합 통계 대시보드
A2: ■ 11개 공종 전체 시트 동적 수식 연동 | 실시간 액티비티 및 표준서·수행지침·체크리스트 집계 대시보드 | Ver 8.0
B4: 총 관리 공종 수 | D4: 총 액티비티 (WBS) | E4: 표준서 (Standard) | F4: 수행지침 (Guideline) | G4: 체크리스트 (Checklist) | H4: 매뉴얼 총계 (Total)
B5: =COUNTA(B10:B20)&"개 공종" | D5: =D21&"개 작업" | E5: =E21&" / "&D21 | F5: =F21&" / "&D21 | G5: =G21&" / "&D21 | H5: =H21&"권"
B6: 토목·궤도·시스템 전분야 | D6: 100% WBS 코드 부여 | E6: =TEXT(E21/D21,"0.0%")&" 디지털 연계" | F6: =TEXT(F21/D21,"0.0%")&" 2D도식 탑재" | G6: =TEXT(G21/D21,"0.0%")&" 12대질문형 완비" | H6: 전 공종 3대 도서 완결
A8: 1. 11대 공종별 마스터 현황 및 실시간 수식 연동 대장
A9: 순번 | B9: 공종명 (Discipline) | C9: L3 코드 | D9: 액티비티 수 | E9: 표준서 | F9: 수행지침 | G9: 체크리스트 | H9: 매뉴얼 합계 | I9: 전체 비중 | J9: 시트 바로가기
A10: 1 | B10: 지반조사 | C10: 9000-1 | D10: =COUNTA(지반조사!G2:G100) | E10: =COUNTIF(지반조사!N2:N100, "*HYPERLINK*") | F10: =COUNTIF(지반조사!P2:P100, "*HYPERLINK*") | G10: =COUNTIF(지반조사!R2:R100, "*HYPERLINK*") | H10: =SUM(E10:G10) | I10: =D10/$D$21 | J10: =HYPERLINK("#'지반조사'!A1", "👉 [지반조사] 시트 이동 ➔")
A11: 2 | B11: 사전토공사 | C11: 9000-2 | D11: =COUNTA(사전토공사!G2:G100) | E11: =COUNTIF(사전토공사!N2:N100, "*HYPERLINK*") | F11: =COUNTIF(사전토공사!P2:P100, "*HYPERLINK*") | G11: =COUNTIF(사전토공사!R2:R100, "*HYPERLINK*") | H11: =SUM(E11:G11) | I11: =D11/$D$21 | J11: =HYPERLINK("#'사전토공사'!A1", "👉 [사전토공사] 시트 이동 ➔")
A12: 3 | B12: 지장물이설 | C12: 9000-3 | D12: =COUNTA(지장물이설!G2:G100) | E12: =COUNTIF(지장물이설!N2:N100, "*HYPERLINK*") | F12: =COUNTIF(지장물이설!P2:P100, "*HYPERLINK*") | G12: =COUNTIF(지장물이설!R2:R100, "*HYPERLINK*") | H12: =SUM(E12:G12) | I12: =D12/$D$21 | J12: =HYPERLINK("#'지장물이설'!A1", "👉 [지장물이설] 시트 이동 ➔")
A13: 4 | B13: 상부강화노반 | C13: 9000-4 | D13: =COUNTA(상부강화노반!G2:G100) | E13: =COUNTIF(상부강화노반!N2:N100, "*HYPERLINK*") | F13: =COUNTIF(상부강화노반!P2:P100, "*HYPERLINK*") | G13: =COUNTIF(상부강화노반!R2:R100, "*HYPERLINK*") | H13: =SUM(E13:G13) | I13: =D13/$D$21 | J13: =HYPERLINK("#'상부강화노반'!A1", "👉 [상부강화노반] 시트 이동 ➔")
A14: 5 | B14: 콘크리트도상 | C14: 9000-5 | D14: =COUNTA(콘크리트도상!G2:G100) | E14: =COUNTIF(콘크리트도상!N2:N100, "*HYPERLINK*") | F14: =COUNTIF(콘크리트도상!P2:P100, "*HYPERLINK*") | G14: =COUNTIF(콘크리트도상!R2:R100, "*HYPERLINK*") | H14: =SUM(E14:G14) | I14: =D14/$D$21 | J14: =HYPERLINK("#'콘크리트도상'!A1", "👉 [콘크리트도상] 시트 이동 ➔")
A15: 6 | B15: 건축 | C15: 9000-6 | D15: =COUNTA(건축!G2:G100) | E15: =COUNTIF(건축!N2:N100, "*HYPERLINK*") | F15: =COUNTIF(건축!P2:P100, "*HYPERLINK*") | G15: =COUNTIF(건축!R2:R100, "*HYPERLINK*") | H15: =SUM(E15:G15) | I15: =D15/$D$21 | J15: =HYPERLINK("#'건축'!A1", "👉 [건축] 시트 이동 ➔")
A16: 7 | B16: 신호분야 | C16: 9000-7 | D16: =COUNTA(신호!G2:G100) | E16: =COUNTIF(신호!N2:N100, "*HYPERLINK*") | F16: =COUNTIF(신호!P2:P100, "*HYPERLINK*") | G16: =COUNTIF(신호!R2:R100, "*HYPERLINK*") | H16: =SUM(E16:G16) | I16: =D16/$D$21 | J16: =HYPERLINK("#'신호'!A1", "👉 [신호] 시트 이동 ➔")
A17: 8 | B17: 전기분야 | C17: 9000-8 | D17: =COUNTA(전기!G2:G100) | E17: =COUNTIF(전기!N2:N100, "*HYPERLINK*") | F17: =COUNTIF(전기!P2:P100, "*HYPERLINK*") | G17: =COUNTIF(전기!R2:R100, "*HYPERLINK*") | H17: =SUM(E17:G17) | I17: =D17/$D$21 | J17: =HYPERLINK("#'전기'!A1", "👉 [전기] 시트 이동 ➔")
A18: 9 | B18: 통신분야 | C18: 9000-9 | D18: =COUNTA(통신!G2:G100) | E18: =COUNTIF(통신!N2:N100, "*HYPERLINK*") | F18: =COUNTIF(통신!P2:P100, "*HYPERLINK*") | G18: =COUNTIF(통신!R2:R100, "*HYPERLINK*") | H18: =SUM(E18:G18) | I18: =D18/$D$21 | J18: =HYPERLINK("#'통신'!A1", "👉 [통신] 시트 이동 ➔")
A19: 10 | B19: 기계설비·소방설비 | C19: 9000-10 | D19: =COUNTA(기계!G2:G100) | E19: =COUNTIF(기계!N2:N100, "*HYPERLINK*") | F19: =COUNTIF(기계!P2:P100, "*HYPERLINK*") | G19: =COUNTIF(기계!R2:R100, "*HYPERLINK*") | H19: =SUM(E19:G19) | I19: =D19/$D$21 | J19: =HYPERLINK("#'기계'!A1", "👉 [기계] 시트 이동 ➔")
A20: 11 | B20: 철도종합시험운행 | C20: 9000-11 | D20: =COUNTA(철도종합시운전!G2:G100) | E20: =COUNTIF(철도종합시운전!N2:N100, "*HYPERLINK*") | F20: =COUNTIF(철도종합시운전!P2:P100, "*HYPERLINK*") | G20: =COUNTIF(철도종합시운전!R2:R100, "*HYPERLINK*") | H20: =SUM(E20:G20) | I20: =D20/$D$21 | J20: =HYPERLINK("#'철도종합시운전'!A1", "👉 [철도종합시운전] 시트 이동 ➔")
A21: 합계 | B21: 11개 공종 전체 | C21: - | D21: =SUM(D10:D20) | E21: =SUM(E10:E20) | F21: =SUM(F10:F20) | G21: =SUM(G10:G20) | H21: =SUM(H10:H20) | I21: =SUM(I10:I20) | J21: 총 1,092개 매뉴얼 도서
A23: 2. D-Day 일정 추진 단계별(Timeline) 업무 분포 및 관리 목표 (수식 연동)
A24: 단계 구분 | B24: 기간 (D-Day) | C24: 주요 엔지니어링 관리 목표 | D24: 작업 수 | E24: 비중 (%)
A25: Stage 1 : 착수 전 사전준비 및 인허가 | B25: D-300 ~ D-0 | C25: 설계적정성 검토, 인허가 취득, 인터페이스 Big Room 회의, 자재공급원 승인 | D25: 169 | E25: =D25/$D$21
A26: Stage 2 : 현장 본시공 및 구조물 구축 | B26: D+1 ~ D+100 | C26: 토공/지장물이설, 상부강화노반 다짐, 콘크리트도상/궤광 조립, 건축 골조/마감 | D26: 107 | E26: =D26/$D$21
A27: Stage 3 : 시스템 설치 및 단위 기능시험 | B27: D+101 ~ D+180 | C27: 전기 수배전반 수전, LTE-R 무선 AP 설치, 기계 소방배관 수압시험, 신호 랙 조립 | D27: 8 | E27: =D27/$D$21
A28: Stage 4 : 종합시운전 및 영업 개통 | B28: D+181 ~ D+240 | C28: 속도별 시설물검증시험, 30일 영업 다이아 시운전, 운영사 인수인계 및 개통 | D28: 80 | E28: =D28/$D$21
A30: 3. 4대 주관 부문별 업무 분장(R&R) 및 조직 협업 매트릭스 (수식 연동)
A31: 주관 부문 | B31: 포함 공종 범위 | C31: 작업 수 (수식) | D31: 비중 (%) | E31: 핵심 담당 조직
A32: 토목 / 궤도 / 지반 부문 | B32: 지반조사, 사전토공사, 지장물이설, 상부강화노반, 콘크리트도상 | C32: =SUM(D10:D14) | D32: =C32/$D$21 | E32: 현장 공사팀 / 토목사업팀
A33: 건축 / 기계설비 / 소방 부문 | B33: 역사/정거장 건축, 기계설비, 소방방재설비 | C33: =D15+D19 | D33: =C33/$D$21 | E33: 건축공사팀 / 기계설비팀
A34: 시스템 (전기 / 신호 / 통신) 부문 | B34: 수배전/전차선 전기설비, T-ATP/ATO 신호, LTE-R 통신 | C34: =SUM(D16:D18) | D34: =C34/$D$21 | E34: 시스템사업팀 / 전기신호팀
A35: 개통운영 / 종합시운전 / 안전품질 부문 | B35: 사전점검, 속도별 시설물검증, 영업시운전, TS 안전관리체계, 인수인계 | C35: =D20 | D35: =C35/$D$21 | E35: 개통운영팀 / 안전품질팀

Sheet 지반조사
A1: L2 코드 | B1: L3 코드 | C1: L3 대공종명 | D1: L4 코드 | E1: 선행 | F1: 후행 | G1: 작업단위 (Level 4 Task/Activity) | H1: 일정 (D-Day) | I1: 주관 | J1: 목적 | K1: 방법 | L1: 산출물(결과) | M1: 표준서 (Standard) 요약 | N1: 표준서 파일 (HTML) | O1: 수행지침 (Guideline) 요약 | P1: 수행지침 파일 (HTML) | Q1: 체크리스트 (Checklist) 요약 | R1: 체크리스트 파일 (HTML) | S1: 비고
A2: 9000 | B2: 9000-1 | C2: 지반조사 | D2: 9000-1-1 | E2: - | F2: 9000-1-2 | G2: 발주처 계획 입수(비공식) | H2: D-90 (D-120~D-90) | I2: 토목사업팀 (협업: 지반조사업체, 외부지질전문가 3인이상) | J2: 발주처 기본계획 사전 검토 | K2: • 조사설계 용역 기본계획 도서 확보 여부 확인 • 핵심이슈 (미시추 사유, 지층/암반등급 조정여부 등) 확보 여부 확인 • 사업지 연접 지질/지반조사 자료 확보 여부 확인 | L2: 발주처 기본계획 보고서 | M2: 발주처 기본계획 사전 검토 | 발주처 기본계획 보고서 | N2: =HYPERLINK(LEFT(CELL("filename",A1),FIND("[",CELL("filename",A1))-1)&"1.지반조사/01_발주처 계획 입수(비공식)/표준서/발주처 계획 입수(비공식)_표준서.html", "표준서 열기") | O2: • 조사설계 용역 기본계획 도서 확보 여부 확인 • 핵심이슈 (미시추 사유, 지층/암반등급 조정여부 등) 확보 여부 확인 • 사업지 연접 지질/지반조사 자료 확보 여부 확인 | P2: =HYPERLINK(LEFT(CELL("filename",A1),FIND("[",CELL("filename",A1))-1)&"1.지반조사/01_발주처 계획 입수(비공식)/수행지침/발주처 계획 입수(비공식)_수행지침.html", "수행지침서 열기") | Q2: 1) 발주처 계획 입수(비공식) 적정성을 확인하였는가? 2) 발주처 기본계획 보고서 산출물을 확보하였는가? | R2: =HYPERLINK(LEFT(CELL("filename",A1),FIND("[",CELL("filename",A1))-1)&"1.지반조사/01_발주처 계획 입수(비공식)/체크리스트/발주처 계획 입수(비공식)_체크리스트.html", "체크리스트 열기")
A3: 9000 | B3: 9000-1 | C3: 지반조사 | D3: 9000-1-2 | E3: 9000-1-1 | F3: 9000-1-3, 9000-1-4, 9000-1-5 | G3: 관심프로젝트 선정 | H3: D-60 (D-80~D-60) | I3: 토목사업팀 (협업: 포스코 스마트엔지니어링팀) | J3: 입수된 발주정보 평가를 통한 관심 Project 선정 | K3: • 해당 프로젝트별 발주처/경쟁동향 / 사업성평가 수행 • 기술형입찰 입찰참여 Guide Line으로 해당 프로젝트 평가 | L3: 관심사업 List | M3: 입수된 발주정보 평가를 통한 관심 Project 선정 | 관심사업 List | N3: =HYPERLINK(LEFT(CELL("filename",A1),FIND("[",CELL("filename",A1))-1)&"1.지반조사/02_관심프로젝트 선정/표준서/관심프로젝트 선정_표준서.html", "표준서 열기") | O3: • 해당 프로젝트별 발주처/경쟁동향 / 사업성평가 수행 • 기술형입찰 입찰참여 Guide Line으로 해당 프로젝트 평가 | P3: =HYPERLINK(LEFT(CELL("filename",A1),FIND("[",CELL("filename",A1))-1)&"1.지반조사/02_관심프로젝트 선정/수행지침/관심프로젝트 선정_수행지침.html", "수행지침서 열기") | Q3: 1) 관심프로젝트 선정 적정성을 확인하였는가? 2) 관심사업 List 산출물을 확보하였는가? | R3: =HYPERLINK(LEFT(CELL("filename",A1),FIND("[",CELL("filename",A1))-1)&"1.지반조사/02_관심프로젝트 선정/체크리스트/관심프로젝트 선정_체크리스트.html", "체크리스트 열기")
A4: 9000 | B4: 9000-1 | C4: 지반조사 | D4: 9000-1-3 | E4: 9000-1-2 | F4: 9000-1-7 | G4: 발주처 지반조사 모니터링 | H4: D-60 (D-70~D-60) | I4: 포스코스마트엔지니어링팀 (협업: 토목사업팀) | J4: 발주처 지반조사 수립업체 파악 | K4: • 발주처 지반조사업체 확인 후 당사 Pool List와 비교 • 발주처 지반조사 업체 확인팀 Contact Point 확보 | L4: 발주처 기본계획 수행 List + Contact Point List | M4: 발주처 지반조사 수립업체 파악 | 발주처 기본계획 수행 List + Contact Point List | N4: =HYPERLINK(LEFT(CELL("filename",A1),FIND("[",CELL("filename",A1))-1)&"1.지반조사/03_발주처 지반조사 모니터링/표준서/발주처 지반조사 모니터링_표준서.html", "표준서 열기") | O4: • 발주처 지반조사업체 확인 후 당사 Pool List와 비교 • 발주처 지반조사 업체 확인팀 Contact Point 확보 | P4: =HYPERLINK(LEFT(CELL("filename",A1),FIND("[",CELL("filename",A1))-1)&"1.지반조사/03_발주처 지반조사 모니터링/수행지침/발주처 지반조사 모니터링_수행지침.html", "수행지침서 열기") | Q4: 1) 발주처 지반조사 모니터링 적정성을 확인하였는가? 2) 발주처 기본계획 수행 List + Contact Point List 산출물을 확보하였는가? | R4: =HYPERLINK(LEFT(CELL("filename",A1),FIND("[",CELL("filename",A1))-1)&"1.지반조사/03_발주처 지반조사 모니터링/체크리스트/발주처 지반조사 모니터링_체크리스트.html", "체크리스트 열기")
A5: 9000 | B5: 9000-1 | C5: 지반조사 | D5: 9000-1-4 | E5: 9000-1-2 | F5: 9000-1-6 | G5: 외부 지질전문가 Pool 관리 | H5: D-50 (D-60~D-50) | I5: 포스코스마트엔지니어링팀 (협업: -) | J5: 지반조사 품질향상을 위한 제3자 검증 수행 지반조사 전문가 Pool 관리 | K5: • Academic 전문가와 현장 전문가를 포함한 Pool 구성 • 전문가 Pool의 학력/기술사 등 경력사항(조사 15년) 확인 | L5: 외부지질전문가 Pool List | M5: 지반조사 품질향상을 위한 제3자 검증 수행 지반조사 전문가 Pool 관리 | 외부지질전문가 Pool List | N5: =HYPERLINK(LEFT(CELL("filename",A1),FIND("[",CELL("filename",A1))-1)&"1.지반조사/04_외부 지질전문가 Pool 관리/표준서/외부 지질전문가 Pool 관리_표준서.html", "표준서 열기") | O5: • Academic 전문가와 현장 전문가를 포함한 Pool 구성 • 전문가 Pool의 학력/기술사 등 경력사항(조사 15년) 확인 | P5: =HYPERLINK(LEFT(CELL("filename",A1),FIND("[",CELL("filename",A1))-1)&"1.지반조사/04_외부 지질전문가 Pool 관리/수행지침/외부 지질전문가 Pool 관리_수행지침.html", "수행지침서 열기") | Q5: 1) 외부 지질전문가 Pool 관리 적정성을 확인하였는가? 2) 외부지질전문가 Pool List 산출물을 확보하였는가? | R5: =HYPERLINK(LEFT(CELL("filename",A1),FIND("[",CELL("filename",A1))-1)&"1.지반조사/04_외부 지질전문가 Pool 관리/체크리스트/외부 지질전문가 Pool 관리_체크리스트.html", "체크리스트 열기")
A6: 9000 | B6: 9000-1 | C6: 지반조사 | D6: 9000-1-5 | E6: 9000-1-2 | F6: 9000-1-6 | G6: 지반조사 Pool 관리 | H6: D-80 (D-120~D-80) | I6: 외주구매팀 (협업: 포스코스마트엔지니어링팀) | J6: 발주처 계획 대응 및 개략 지반조사 결과 사전 예측을 위한 업체 관리 | K6: • 공공기관별 입찰공고 모니터링 통한 지반조사업체 입찰참여 유치(입찰 공사 여부 확인) • 업체 Pool List 갱신 여부 확인 • 지반조사업체 역량 및 기술수준 평가표 평가 여부 확인 (Pool 갱신 및 신규업체 등록) • 조사업체 강점, 장비보유 확인 • 조사업체 Network 확보 여부 확인 | L6: 조사업체 POOL/필요시 Update | M6: 발주처 계획 대응 및 개략 지반조사 결과 사전 예측을 위한 업체 관리 | 조사업체 POOL/필요시 Update | N6: =HYPERLINK(LEFT(CELL("filename",A1),FIND("[",CELL("filename",A1))-1)&"1.지반조사/05_지반조사 Pool 관리/표준서/지반조사 Pool 관리_표준서.html", "표준서 열기") | O6: • 공공기관별 입찰공고 모니터링 통한 지반조사업체 입찰참여 유치(입찰 공사 여부 확인) • 업체 Pool List 갱신 여부 확인 • 지반조사업체 역량 및 기술수준 평가표 평가 여부 확인 (Pool 갱신 및 신규업체... | P6: =HYPERLINK(LEFT(CELL("filename",A1),FIND("[",CELL("filename",A1))-1)&"1.지반조사/05_지반조사 Pool 관리/수행지침/지반조사 Pool 관리_수행지침.html", "수행지침서 열기") | Q6: 1) 지반조사 Pool 관리 적정성을 확인하였는가? 2) 조사업체 POOL/필요시 Update 산출물을 확보하였는가? | R6: =HYPERLINK(LEFT(CELL("filename",A1),FIND("[",CELL("filename",A1))-1)&"1.지반조사/05_지반조사 Pool 관리/체크리스트/지반조사 Pool 관리_체크리스트.html", "체크리스트 열기")
A7: 9000 | B7: 9000-1 | C7: 지반조사 | D7: 9000-1-6 | E7: 9000-1-4, 9000-1-5 | F7: 9000-1-10 | G7: 기본계획 지반조사 자료 및 R/O 정보 입수 | H7: D-40 | I7: 지반조사 협력업체 (협업: 설계 협력업체) | J7: 발주처 기본계획 및 지반조사 결과 사전 획득 | K7: • 기본계획 지반조사결과 및 실시설계 Contact을 통한 자료입수 | L7: 발주처 기본계획 보고서 및 지반조사 보고서(비공식) | M7: 발주처 기본계획 및 지반조사 결과 사전 획득 | 발주처 기본계획 보고서 및 지반조사 보고서(비공식) | N7: =HYPERLINK(LEFT(CELL("filename",A1),FIND("[",CELL("filename",A1))-1)&"1.지반조사/06_기본계획 지반조사 자료 및 R_O 정보 입수/표준서/기본계획 지반조사 자료 및 R_O 정보 입수_표준서.html", "표준서 열기") | O7: • 기본계획 지반조사결과 및 실시설계 Contact을 통한 자료입수 | P7: =HYPERLINK(LEFT(CELL("filename",A1),FIND("[",CELL("filename",A1))-1)&"1.지반조사/06_기본계획 지반조사 자료 및 R_O 정보 입수/수행지침/기본계획 지반조사 자료 및 R_O 정보 입수_수행지침.html", "수행지침서 열기") | Q7: 1) 기본계획 지반조사 자료 및 R/O 정보 입수 적정성을 확인하였는가? 2) 발주처 기본계획 보고서 및 지반조사 보고서(비공식) 산출물을 확보하였는가? | R7: =HYPERLINK(LEFT(CELL("filename",A1),FIND("[",CELL("filename",A1))-1)&"1.지반조사/06_기본계획 지반조사 자료 및 R_O 정보 입수/체크리스트/기본계획 지반조사 자료 및 R_O 정보 입수_체크리스트.html", "체크리스트 열기")
A8: 9000 | B8: 9000-1 | C8: 지반조사 | D8: 9000-1-7 | E8: 9000-1-3 | F8: 9000-1-8, 9000-1-9 | G8: 기본계획 지반조사 R/O 검토 (설계, 공정, 기획) | H8: D-65 (D-65~D-55) | I8: 포스코스마트엔지니어링팀(설계), 토목수행팀(공정), 토목사업지원팀(기획) (협업: 토목견적팀) | J8: 발주처 기본계획 지반조사 문제점 검토 | K8: • 시추조사 위치, 수량 적정성 검토 • 지질이상 구간 상세 조사 여부 및 적정성 검토 확인 • 미시추 구간 지반 특성 적정성 검토확인 (측점 검토, 위치 및 물량검토) • 인근 사업 지반조사자료 비교 통해 당사 지반특성 분석 결과 Cross-check 확인 | L8: 기본계획 지반조사 검토서(설계, 공정, 기획) | M8: 발주처 기본계획 지반조사 문제점 검토 | 기본계획 지반조사 검토서(설계, 공정, 기획) | N8: =HYPERLINK(LEFT(CELL("filename",A1),FIND("[",CELL("filename",A1))-1)&"1.지반조사/07_기본계획 지반조사 R_O 검토 (설계, 공정, 기획)/표준서/기본계획 지반조사 R_O 검토 (설계, 공정, 기획)_표준서.html", "표준서 열기") | O8: • 시추조사 위치, 수량 적정성 검토 • 지질이상 구간 상세 조사 여부 및 적정성 검토 확인 • 미시추 구간 지반 특성 적정성 검토확인 (측점 검토, 위치 및 물량검토) • 인근 사업 지반조사자료 비교 통해 당사 지... | P8: =HYPERLINK(LEFT(CELL("filename",A1),FIND("[",CELL("filename",A1))-1)&"1.지반조사/07_기본계획 지반조사 R_O 검토 (설계, 공정, 기획)/수행지침/기본계획 지반조사 R_O 검토 (설계, 공정, 기획)_수행지침.html", "수행지침서 열기") | Q8: 1) 기본계획 지반조사 R/O 검토 (설계, 공정, 기획) 적정성을 확인하였는가? 2) 기본계획 지반조사 검토서(설계, 공정, 기획) 산출물을 확보하였는가? | R8: =HYPERLINK(LEFT(CELL("filename",A1),FIND("[",CELL("filename",A1))-1)&"1.지반조사/07_기본계획 지반조사 R_O 검토 (설계, 공정, 기획)/체크리스트/기본계획 지반조사 R_O 검토 (설계, 공정, 기획)_체크리스트.html", "체크리스트 열기")
A9: 9000 | B9: 9000-1 | C9: 지반조사 | D9: 9000-1-8 | E9: 9000-1-7 | F9: 9000-1-10 | G9: 기본계획 지반조사 R/O 종합검토 (원가) | H9: D-40 (D-60~D-40) | I9: 토목견적팀 (협업: 포스코스마트엔지니어링팀(설계), 토목수행팀(공정), 토목사업지원팀(기획)) | J9: 발주처 지반조사 문제점 R/O 분석 | K9: • 발주처 기본계획 지반조사 R/O별 Cost effect 분석 | L9: 기본계획 지반조사 개략 검토서 | M9: 발주처 지반조사 문제점 R/O 분석 | 기본계획 지반조사 개략 검토서 | N9: =HYPERLINK(LEFT(CELL("filename",A1),FIND("[",CELL("filename",A1))-1)&"1.지반조사/08_기본계획 지반조사 R_O 종합검토 (원가)/표준서/기본계획 지반조사 R_O 종합검토 (원가)_표준서.html", "표준서 열기") | O9: • 발주처 기본계획 지반조사 R/O별 Cost effect 분석 | P9: =HYPERLINK(LEFT(CELL("filename",A1),FIND("[",CELL("filename",A1))-1)&"1.지반조사/08_기본계획 지반조사 R_O 종합검토 (원가)/수행지침/기본계획 지반조사 R_O 종합검토 (원가)_수행지침.html", "수행지침서 열기") | Q9: 1) 기본계획 지반조사 R/O 종합검토 (원가) 적정성을 확인하였는가? 2) 기본계획 지반조사 개략 검토서 산출물을 확보하였는가? | R9: =HYPERLINK(LEFT(CELL("filename",A1),FIND("[",CELL("filename",A1))-1)&"1.지반조사/08_기본계획 지반조사 R_O 종합검토 (원가)/체크리스트/기본계획 지반조사 R_O 종합검토 (원가)_체크리스트.html", "체크리스트 열기")
A10: 9000 | B10: 9000-1 | C10: 지반조사 | D10: 9000-1-9 | E10: 9000-1-7 | F10: 9000-1-10 | G10: 지반조사 업체 선정 | H10: D-30 | I10: 일반구매팀 (협업: 포스코스마트엔지니어링팀) | J10: 지반조사업체 Pool 내 최적의 업체 선정 | K10: • 지반조사업체 Pool/실적 검토 및 공종별 적합성 정합 및 견적 본부 연계 검토 | L10: 지반조사 입찰 참여 Pool | M10: 지반조사업체 Pool 내 최적의 업체 선정 | 지반조사 입찰 참여 Pool | N10: =HYPERLINK(LEFT(CELL("filename",A1),FIND("[",CELL("filename",A1))-1)&"1.지반조사/09_지반조사 업체 선정/표준서/지반조사 업체 선정_표준서.html", "표준서 열기") | O10: • 지반조사업체 Pool/실적 검토 및 공종별 적합성 정합 및 견적 본부 연계 검토 | P10: =HYPERLINK(LEFT(CELL("filename",A1),FIND("[",CELL("filename",A1))-1)&"1.지반조사/09_지반조사 업체 선정/수행지침/지반조사 업체 선정_수행지침.html", "수행지침서 열기") | Q10: 1) 지반조사 업체 선정 적정성을 확인하였는가? 2) 지반조사 입찰 참여 Pool 산출물을 확보하였는가? | R10: =HYPERLINK(LEFT(CELL("filename",A1),FIND("[",CELL("filename",A1))-1)&"1.지반조사/09_지반조사 업체 선정/체크리스트/지반조사 업체 선정_체크리스트.html", "체크리스트 열기")
A11: 9000 | B11: 9000-1 | C11: 지반조사 | D11: 9000-1-10 | E11: 9000-1-6, 9000-1-8, 9000-1-9 | F11: 9000-1-11 | G11: 지반조사 업체 계약 | H11: D-30 | I11: 일반구매팀 (협업: 포스코스마트엔지니어링팀) | J11: 지반조사업체 용역 계약 | K11: • 일반구매시스템을 이용한 용역계약 | L11: 지반조사 용역 계약서 | M11: 지반조사업체 용역 계약 | 지반조사 용역 계약서 | N11: =HYPERLINK(LEFT(CELL("filename",A1),FIND("[",CELL("filename",A1))-1)&"1.지반조사/10_지반조사 업체 계약/표준서/지반조사 업체 계약_표준서.html", "표준서 열기") | O11: • 일반구매시스템을 이용한 용역계약 | P11: =HYPERLINK(LEFT(CELL("filename",A1),FIND("[",CELL("filename",A1))-1)&"1.지반조사/10_지반조사 업체 계약/수행지침/지반조사 업체 계약_수행지침.html", "수행지침서 열기") | Q11: 1) 지반조사 업체 계약 적정성을 확인하였는가? 2) 지반조사 용역 계약서 산출물을 확보하였는가? | R11: =HYPERLINK(LEFT(CELL("filename",A1),FIND("[",CELL("filename",A1))-1)&"1.지반조사/10_지반조사 업체 계약/체크리스트/지반조사 업체 계약_체크리스트.html", "체크리스트 열기")
A12: 9000 | B12: 9000-1 | C12: 지반조사 | D12: 9000-1-11 | E12: 9000-1-10 | F12: 9000-1-12, 9000-1-13 | G12: 지반조사 항목, 수량 및 위치검토 | H12: D-30 | I12: 포스코스마트엔지니어링팀 (협업: 지반조사업체) | J12: 프로젝트 정합에 부합하는 지반조사 항목 사전조사 수행, 위치 선정 | K12: • 현장답사 수행 • 공종별 실시설계에 준하여 수량 및 위치 검토 | L12: 지반조사 계획서 | M12: 프로젝트 정합에 부합하는 지반조사 항목 사전조사 수행, 위치 선정 | 지반조사 계획서 | N12: =HYPERLINK(LEFT(CELL("filename",A1),FIND("[",CELL("filename",A1))-1)&"1.지반조사/11_지반조사 항목, 수량 및 위치검토/표준서/지반조사 항목, 수량 및 위치검토_표준서.html", "표준서 열기") | O12: • 현장답사 수행 • 공종별 실시설계에 준하여 수량 및 위치 검토 | P12: =HYPERLINK(LEFT(CELL("filename",A1),FIND("[",CELL("filename",A1))-1)&"1.지반조사/11_지반조사 항목, 수량 및 위치검토/수행지침/지반조사 항목, 수량 및 위치검토_수행지침.html", "수행지침서 열기") | Q12: 1) 지반조사 항목, 수량 및 위치검토 적정성을 확인하였는가? 2) 지반조사 계획서 산출물을 확보하였는가? | R12: =HYPERLINK(LEFT(CELL("filename",A1),FIND("[",CELL("filename",A1))-1)&"1.지반조사/11_지반조사 항목, 수량 및 위치검토/체크리스트/지반조사 항목, 수량 및 위치검토_체크리스트.html", "체크리스트 열기")
A13: 9000 | B13: 9000-1 | C13: 지반조사 | D13: 9000-1-12 | E13: 9000-1-11 | F13: 9000-1-16 | G13: 지반조사계획 적정성 심사의뢰 | H13: D-30 | I13: 외부지질전문가 3인 이상 (협업: 포스코스마트엔지니어링팀) | J13: 지반조사 항목, 수량 및 위치 적정성 검토 | K13: • 지반조사 계획서 검토 및 검토 | L13: 지반조사계획 의견서 | M13: 지반조사 항목, 수량 및 위치 적정성 검토 | 지반조사계획 의견서 | N13: =HYPERLINK(LEFT(CELL("filename",A1),FIND("[",CELL("filename",A1))-1)&"1.지반조사/12_지반조사계획 적정성 심사의뢰/표준서/지반조사계획 적정성 심사의뢰_표준서.html", "표준서 열기") | O13: • 지반조사 계획서 검토 및 검토 | P13: =HYPERLINK(LEFT(CELL("filename",A1),FIND("[",CELL("filename",A1))-1)&"1.지반조사/12_지반조사계획 적정성 심사의뢰/수행지침/지반조사계획 적정성 심사의뢰_수행지침.html", "수행지침서 열기") | Q13: 1) 지반조사계획 적정성 심사의뢰 적정성을 확인하였는가? 2) 지반조사계획 의견서 산출물을 확보하였는가? | R13: =HYPERLINK(LEFT(CELL("filename",A1),FIND("[",CELL("filename",A1))-1)&"1.지반조사/12_지반조사계획 적정성 심사의뢰/체크리스트/지반조사계획 적정성 심사의뢰_체크리스트.html", "체크리스트 열기")
A14: 9000 | B14: 9000-1 | C14: 지반조사 | D14: 9000-1-13 | E14: 9000-1-11 | F14: 9000-1-14, 9000-1-15 | G14: 지반조사 인허가 | H14: D-30 | I14: 지반조사업체 (협업: 포스코스마트엔지니어링팀) | J14: 지반조사 수행을 위한 인허가 승인 | K14: • 산지일시사용 신고(사업계획서, 지형도, 산지일시사용예정실측도, 복구계획서, 복지봉투) • 굴착행위 신고(굴착행위신고서, 위치 또는 평면도, 원상복구계획서, 토지사용 승낙서) • 하천점용 허가(위치도, 이해관계인 동의서, 수리계산서, 하천점용등, 사업자등록증) | L14: 인허가 서류 | M14: 지반조사 수행을 위한 인허가 승인 | 인허가 서류 | N14: =HYPERLINK(LEFT(CELL("filename",A1),FIND("[",CELL("filename",A1))-1)&"1.지반조사/13_지반조사 인허가/표준서/지반조사 인허가_표준서.html", "표준서 열기") | O14: • 산지일시사용 신고(사업계획서, 지형도, 산지일시사용예정실측도, 복구계획서, 복지봉투) • 굴착행위 신고(굴착행위신고서, 위치 또는 평면도, 원상복구계획서, 토지사용 승낙서) • 하천점용 허가(위치도, 이해관계인 ... | P14: =HYPERLINK(LEFT(CELL("filename",A1),FIND("[",CELL("filename",A1))-1)&"1.지반조사/13_지반조사 인허가/수행지침/지반조사 인허가_수행지침.html", "수행지침서 열기") | Q14: 1) 지반조사 인허가 적정성을 확인하였는가? 2) 인허가 서류 산출물을 확보하였는가? | R14: =HYPERLINK(LEFT(CELL("filename",A1),FIND("[",CELL("filename",A1))-1)&"1.지반조사/13_지반조사 인허가/체크리스트/지반조사 인허가_체크리스트.html", "체크리스트 열기")
A15: 9000 | B15: 9000-1 | C15: 지반조사 | D15: 9000-1-14 | E15: 9000-1-13 | F15: 9000-1-16 | G15: 지반조사 항목, 수량 및 위치 보완 | H15: D-30 | I15: 포스코스마트엔지니어링팀 (협업: 외부지질전문가 3인 이상, 지반조사업체) | J15: 외부지질전문가 의견을 반영한 지반조사 계획 확정 | K15: • 외부지질전문가 지반조사 의견 검토 • 입찰설계 지반조사 계획 보완 | L15: 지반조사 용역 계약서 | M15: 외부지질전문가 의견을 반영한 지반조사 계획 확정 | 지반조사 용역 계약서 | N15: =HYPERLINK(LEFT(CELL("filename",A1),FIND("[",CELL("filename",A1))-1)&"1.지반조사/14_지반조사 항목, 수량 및 위치 보완/표준서/지반조사 항목, 수량 및 위치 보완_표준서.html", "표준서 열기") | O15: • 외부지질전문가 지반조사 의견 검토 • 입찰설계 지반조사 계획 보완 | P15: =HYPERLINK(LEFT(CELL("filename",A1),FIND("[",CELL("filename",A1))-1)&"1.지반조사/14_지반조사 항목, 수량 및 위치 보완/수행지침/지반조사 항목, 수량 및 위치 보완_수행지침.html", "수행지침서 열기") | Q15: 1) 지반조사 항목, 수량 및 위치 보완 적정성을 확인하였는가? 2) 지반조사 용역 계약서 산출물을 확보하였는가? | R15: =HYPERLINK(LEFT(CELL("filename",A1),FIND("[",CELL("filename",A1))-1)&"1.지반조사/14_지반조사 항목, 수량 및 위치 보완/체크리스트/지반조사 항목, 수량 및 위치 보완_체크리스트.html", "체크리스트 열기")
A16: 9000 | B16: 9000-1 | C16: 지반조사 | D16: 9000-1-15 | E16: 9000-1-13 | F16: 9000-1-16 | G16: 지반조사 수행 | H16: D-30 | I16: 지반조사업체 (협업: 포스코스마트엔지니어링팀) | J16: 과업구간 지반여건 상세 파악 | K16: • 물리탐사 수행(전기 비저항, 탄성파탐사 등) • 시추조사 및 현장 시험 수행(공내재하시험, 실내전단시험 등) • 실내시험 수행(요동시험, 입도시험 등) | L16: 지반조사 보고서, 시추 Core 및 샘플 | M16: 과업구간 지반여건 상세 파악 | 지반조사 보고서, 시추 Core 및 샘플 | N16: =HYPERLINK(LEFT(CELL("filename",A1),FIND("[",CELL("filename",A1))-1)&"1.지반조사/15_지반조사 수행/표준서/지반조사 수행_표준서.html", "표준서 열기") | O16: • 물리탐사 수행(전기 비저항, 탄성파탐사 등) • 시추조사 및 현장 시험 수행(공내재하시험, 실내전단시험 등) • 실내시험 수행(요동시험, 입도시험 등) | P16: =HYPERLINK(LEFT(CELL("filename",A1),FIND("[",CELL("filename",A1))-1)&"1.지반조사/15_지반조사 수행/수행지침/지반조사 수행_수행지침.html", "수행지침서 열기") | Q16: 1) 지반조사 수행 적정성을 확인하였는가? 2) 지반조사 보고서, 시추 Core 및 샘플 산출물을 확보하였는가? | R16: =HYPERLINK(LEFT(CELL("filename",A1),FIND("[",CELL("filename",A1))-1)&"1.지반조사/15_지반조사 수행/체크리스트/지반조사 수행_체크리스트.html", "체크리스트 열기")
A17: 9000 | B17: 9000-1 | C17: 지반조사 | D17: 9000-1-16 | E17: 9000-1-12, 9000-1-14, 9000-1-15 | F17: 9000-1-17, 9000-1-22, 9000-1-24 | G17: 지반조사 수렴 결과 분석 | H17: D-30 | I17: 외부지질전문가 3인 이상 (협업: 포스코스마트엔지니어링팀, 지반조사업체) | J17: 지반조사 결과 오류 및 지반정수의 적합성 검토 | K17: • 입찰설계 지반조사 보고서 검토 • 시추조사 위치 및 심도의 적정성 검토 • 실내시험 결과 등급 적정성 검토 • 실시설계시 추가지반조사 필요구간 검토 | L17: 지반조사 결과 분석 의견서 | M17: 지반조사 결과 오류 및 지반정수의 적합성 검토 | 지반조사 결과 분석 의견서 | N17: =HYPERLINK(LEFT(CELL("filename",A1),FIND("[",CELL("filename",A1))-1)&"1.지반조사/16_지반조사 수렴 결과 분석/표준서/지반조사 수렴 결과 분석_표준서.html", "표준서 열기") | O17: • 입찰설계 지반조사 보고서 검토 • 시추조사 위치 및 심도의 적정성 검토 • 실내시험 결과 등급 적정성 검토 • 실시설계시 추가지반조사 필요구간 검토 | P17: =HYPERLINK(LEFT(CELL("filename",A1),FIND("[",CELL("filename",A1))-1)&"1.지반조사/16_지반조사 수렴 결과 분석/수행지침/지반조사 수렴 결과 분석_수행지침.html", "수행지침서 열기") | Q17: 1) 지반조사 수렴 결과 분석 적정성을 확인하였는가? 2) 지반조사 결과 분석 의견서 산출물을 확보하였는가? | R17: =HYPERLINK(LEFT(CELL("filename",A1),FIND("[",CELL("filename",A1))-1)&"1.지반조사/16_지반조사 수렴 결과 분석/체크리스트/지반조사 수렴 결과 분석_체크리스트.html", "체크리스트 열기")
A18: 9000 | B18: 9000-1 | C18: 지반조사 | D18: 9000-1-17 | E18: 9000-1-16 | F18: 9000-1-18, 9000-1-19, 9000-1-20, 9000-1-21, 9000-1-23 | G18: 입찰설계 지반조사 R/O 검토 (설계, 원가, 공정, 기타) | H18: D-30 | I18: 토목견적팀(원가), 토목수행팀(공정), 토목사업지원팀(기획) (협업: 포스코스마트엔지니어링팀) | J18: 입찰설계 지반조사 결과에 따른 직분야 R/O 및 Cost impact 반영 사항 검토 | K18: • 입찰설계 지반조사 결과 분석을 통한 원가 및 공정 영향 검토 • 미시추 구간 평가 및 공정 Risk 반영 사항 검토 • 지반조건을 고려한 발파공법성 여부 검토 | L18: 입찰설계 지반조사 검토서(설계, 원가, 공정, 기타) | M18: 입찰설계 지반조사 결과에 따른 직분야 R/O 및 Cost impact 반영 사항 검토 | 입찰설계 지반조사 검토서(설계, 원가, 공정, 기타) | N18: =HYPERLINK(LEFT(CELL("filename",A1),FIND("[",CELL("filename",A1))-1)&"1.지반조사/17_입찰설계 지반조사 R_O 검토 (설계, 원가, 공정, 기타)/표준서/입찰설계 지반조사 R_O 검토 (설계, 원가, 공정, 기타)_표준서.html", "표준서 열기") | O18: • 입찰설계 지반조사 결과 분석을 통한 원가 및 공정 영향 검토 • 미시추 구간 평가 및 공정 Risk 반영 사항 검토 • 지반조건을 고려한 발파공법성 여부 검토 | P18: =HYPERLINK(LEFT(CELL("filename",A1),FIND("[",CELL("filename",A1))-1)&"1.지반조사/17_입찰설계 지반조사 R_O 검토 (설계, 원가, 공정, 기타)/수행지침/입찰설계 지반조사 R_O 검토 (설계, 원가, 공정, 기타)_수행지침.html", "수행지침서 열기") | Q18: 1) 입찰설계 지반조사 R/O 검토 (설계, 원가, 공정, 기타) 적정성을 확인하였는가? 2) 입찰설계 지반조사 검토서(설계, 원가, 공정, 기타) 산출물을 확보하였는가? | R18: =HYPERLINK(LEFT(CELL("filename",A1),FIND("[",CELL("filename",A1))-1)&"1.지반조사/17_입찰설계 지반조사 R_O 검토 (설계, 원가, 공정, 기타)/체크리스트/입찰설계 지반조사 R_O 검토 (설계, 원가, 공정, 기타)_체크리스트.html", "체크리스트 열기")
A19: 9000 | B19: 9000-1 | C19: 지반조사 | D19: 9000-1-18 | E19: 9000-1-17 | F19: 9000-1-25, 9000-1-27 | G19: 지반조사 결과 R/O 종합검토 | H19: D-30 | I19: 포스코스마트엔지니어링팀 (협업: 토목견적팀(원가), 토목수행팀(공정), 토목사업지원팀(기획)) | J19: 원가 및 공정 검토 결과에 따른 입찰설계 R/O 최종 확정 | K19: • 입찰설계 지반조사 R/O별 Cost effect 분석 • 유사사업 L/L 분석, R/P 검토를 통한 실시설계시 고려사항 검토 | L19: 입찰설계 R/O 검토서 | M19: 원가 및 공정 검토 결과에 따른 입찰설계 R/O 최종 확정 | 입찰설계 R/O 검토서 | N19: =HYPERLINK(LEFT(CELL("filename",A1),FIND("[",CELL("filename",A1))-1)&"1.지반조사/18_지반조사 결과 R_O 종합검토/표준서/지반조사 결과 R_O 종합검토_표준서.html", "표준서 열기") | O19: • 입찰설계 지반조사 R/O별 Cost effect 분석 • 유사사업 L/L 분석, R/P 검토를 통한 실시설계시 고려사항 검토 | P19: =HYPERLINK(LEFT(CELL("filename",A1),FIND("[",CELL("filename",A1))-1)&"1.지반조사/18_지반조사 결과 R_O 종합검토/수행지침/지반조사 결과 R_O 종합검토_수행지침.html", "수행지침서 열기") | Q19: 1) 지반조사 결과 R/O 종합검토 적정성을 확인하였는가? 2) 입찰설계 R/O 검토서 산출물을 확보하였는가? | R19: =HYPERLINK(LEFT(CELL("filename",A1),FIND("[",CELL("filename",A1))-1)&"1.지반조사/18_지반조사 결과 R_O 종합검토/체크리스트/지반조사 결과 R_O 종합검토_체크리스트.html", "체크리스트 열기")
A20: 9000 | B20: 9000-1 | C20: 지반조사 | D20: 9000-1-19 | E20: 9000-1-17 | F20: 9000-1-27 | G20: REM 수립 | H20: D-30 | I20: 포스코스마트엔지니어링팀 (협업: 토목견적팀, 토목사업지원팀) | J20: REM 차트 작성(회사의 Core Risk, T/C 공정검토 결과, 경쟁사 동향, 발주 경향) 및 보고 | K20: • Risk Profiling/Merge 방안 검토 • 공정 착공성 검토 및 T/C 검토 • 설계차별화 및 Idea Frame 검토 | L20: REM 회의록 | M20: REM 차트 작성(회사의 Core Risk, T/C 공정검토 결과, 경쟁사 동향, 발주 경향) 및 보고 | REM 회의록 | N20: =HYPERLINK(LEFT(CELL("filename",A1),FIND("[",CELL("filename",A1))-1)&"1.지반조사/19_REM 수립/표준서/REM 수립_표준서.html", "표준서 열기") | O20: • Risk Profiling/Merge 방안 검토 • 공정 착공성 검토 및 T/C 검토 • 설계차별화 및 Idea Frame 검토 | P20: =HYPERLINK(LEFT(CELL("filename",A1),FIND("[",CELL("filename",A1))-1)&"1.지반조사/19_REM 수립/수행지침/REM 수립_수행지침.html", "수행지침서 열기") | Q20: 1) REM 수립 적정성을 확인하였는가? 2) REM 회의록 산출물을 확보하였는가? | R20: =HYPERLINK(LEFT(CELL("filename",A1),FIND("[",CELL("filename",A1))-1)&"1.지반조사/19_REM 수립/체크리스트/REM 수립_체크리스트.html", "체크리스트 열기")
A21: 9000 | B21: 9000-1 | C21: 지반조사 | D21: 9000-1-20 | E21: 9000-1-17 | F21: 9000-1-28, 9000-1-30 | G21: 추가지반조사 계획 수립 | H21: D-20 | I21: 포스코스마트엔지니어링팀 (협업: 토목견적팀(원가), 토목수행팀(공정), 토목사업지원팀(기획)) | J21: R/O 분석 결과에 기반한 추가지반조사 항목 도출 | K21: • 지반조사 수렴 결과 분석보고서 검토 • 지반조사 결과 R/O 종합검토 결과 검토 | L21: 추가지반조사 List | M21: R/O 분석 결과에 기반한 추가지반조사 항목 도출 | 추가지반조사 List | N21: =HYPERLINK(LEFT(CELL("filename",A1),FIND("[",CELL("filename",A1))-1)&"1.지반조사/20_추가지반조사 계획 수립/표준서/추가지반조사 계획 수립_표준서.html", "표준서 열기") | O21: • 지반조사 수렴 결과 분석보고서 검토 • 지반조사 결과 R/O 종합검토 결과 검토 | P21: =HYPERLINK(LEFT(CELL("filename",A1),FIND("[",CELL("filename",A1))-1)&"1.지반조사/20_추가지반조사 계획 수립/수행지침/추가지반조사 계획 수립_수행지침.html", "수행지침서 열기") | Q21: 1) 추가지반조사 계획 수립 적정성을 확인하였는가? 2) 추가지반조사 List 산출물을 확보하였는가? | R21: =HYPERLINK(LEFT(CELL("filename",A1),FIND("[",CELL("filename",A1))-1)&"1.지반조사/20_추가지반조사 계획 수립/체크리스트/추가지반조사 계획 수립_체크리스트.html", "체크리스트 열기")
A22: 9000 | B22: 9000-1 | C22: 지반조사 | D22: 9000-1-21 | E22: 9000-1-17 | F22: 9000-1-25, 9000-1-28 | G22: 3D GPR탐사 장비 사양(차량형) 검토 | H22: D-10 | I22: 현장 공무팀 (협업: 현장 공사팀) | J22: 적정 추가지반조사 규명을 위한 장비 사양 검토 | K22: • 3D GPR탐사 장비 사양(차량형) - 3D Radar(노르웨이)_200~3000Hz, 2.0m~3.0m : 하상도 높음 - MIRA(스웨덴)_400~1300Hz, 1.0m~2.0m : 정밀한 입체 형상 - StreamC(이탈리아)_200~600Hz, 1.5m~3.0m : 다양한 심도, 공동 탐지 - VGPR(호주)_100~4000Hz, 2.0m~3.0m : 고속주행 데이터 획득 - Road 3D(한국)_200~3000Hz, 2.0m~3.0m : 하상도 높음, 유용특화 | L22: - | M22: 적정 추가지반조사 규명을 위한 장비 사양 검토 | - | N22: =HYPERLINK(LEFT(CELL("filename",A1),FIND("[",CELL("filename",A1))-1)&"1.지반조사/21_3D GPR탐사 장비 사양(차량형) 검토/표준서/3D GPR탐사 장비 사양(차량형) 검토_표준서.html", "표준서 열기") | O22: • 3D GPR탐사 장비 사양(차량형) - 3D Radar(노르웨이)_200~3000Hz, 2.0m~3.0m : 하상도 높음 - MIRA(스웨덴)_400~1300Hz, 1.0m~2.0m : 정밀한 입체 형상 - St... | P22: =HYPERLINK(LEFT(CELL("filename",A1),FIND("[",CELL("filename",A1))-1)&"1.지반조사/21_3D GPR탐사 장비 사양(차량형) 검토/수행지침/3D GPR탐사 장비 사양(차량형) 검토_수행지침.html", "수행지침서 열기") | Q22: 1) 3D GPR탐사 장비 사양(차량형) 검토 적정성을 확인하였는가? 2) - 산출물을 확보하였는가? | R22: =HYPERLINK(LEFT(CELL("filename",A1),FIND("[",CELL("filename",A1))-1)&"1.지반조사/21_3D GPR탐사 장비 사양(차량형) 검토/체크리스트/3D GPR탐사 장비 사양(차량형) 검토_체크리스트.html", "체크리스트 열기")
A23: 9000 | B23: 9000-1 | C23: 지반조사 | D23: 9000-1-22 | E23: 9000-1-16 | F23: 9000-1-23, 9000-1-27 | G23: ECRM 수립 | H23: D+10~30 | I23: 토목견적팀(원가) (협업: 포스코스마트엔지니어링팀, 토목수행팀, 토목사업지원팀) | J23: 입찰설계 지반조사 결과에 따른 직분야 R/O 및 Cost impact 반영 사항 검토 | K23: • 입찰설계 지반조사 결과 분석을 통한 원가 및 공정 영향 검토 • 미시추 구간 평가 및 공정 Risk 반영 사항 검토 • 지반조건을 고려한 발파공법성 여부 검토 | L23: 입찰설계 지반조사 검토서(설계, 원가, 공정, 기타) | M23: 입찰설계 지반조사 결과에 따른 직분야 R/O 및 Cost impact 반영 사항 검토 | 입찰설계 지반조사 검토서(설계, 원가, 공정, 기타) | N23: =HYPERLINK(LEFT(CELL("filename",A1),FIND("[",CELL("filename",A1))-1)&"1.지반조사/22_ECRM 수립/표준서/ECRM 수립_표준서.html", "표준서 열기") | O23: • 입찰설계 지반조사 결과 분석을 통한 원가 및 공정 영향 검토 • 미시추 구간 평가 및 공정 Risk 반영 사항 검토 • 지반조건을 고려한 발파공법성 여부 검토 | P23: =HYPERLINK(LEFT(CELL("filename",A1),FIND("[",CELL("filename",A1))-1)&"1.지반조사/22_ECRM 수립/수행지침/ECRM 수립_수행지침.html", "수행지침서 열기") | Q23: 1) ECRM 수립 적정성을 확인하였는가? 2) 입찰설계 지반조사 검토서(설계, 원가, 공정, 기타) 산출물을 확보하였는가? | R23: =HYPERLINK(LEFT(CELL("filename",A1),FIND("[",CELL("filename",A1))-1)&"1.지반조사/22_ECRM 수립/체크리스트/ECRM 수립_체크리스트.html", "체크리스트 열기")
A24: 9000 | B24: 9000-1 | C24: 지반조사 | D24: 9000-1-23 | E24: 9000-1-17, 9000-1-22 | F24: 9000-1-27 | G24: 최종 Cost 검토 / 입찰 | H24: D+10~25 | I24: 토목견적팀 (협업: -) | J24: 입찰 | K24: • 최종 R/O를 반영한 투찰내역서 작성 | L24: 투찰내역서 | M24: 입찰 | 투찰내역서 | N24: =HYPERLINK(LEFT(CELL("filename",A1),FIND("[",CELL("filename",A1))-1)&"1.지반조사/23_최종 Cost 검토 _ 입찰/표준서/최종 Cost 검토 _ 입찰_표준서.html", "표준서 열기") | O24: • 최종 R/O를 반영한 투찰내역서 작성 | P24: =HYPERLINK(LEFT(CELL("filename",A1),FIND("[",CELL("filename",A1))-1)&"1.지반조사/23_최종 Cost 검토 _ 입찰/수행지침/최종 Cost 검토 _ 입찰_수행지침.html", "수행지침서 열기") | Q24: 1) 최종 Cost 검토 / 입찰 적정성을 확인하였는가? 2) 투찰내역서 산출물을 확보하였는가? | R24: =HYPERLINK(LEFT(CELL("filename",A1),FIND("[",CELL("filename",A1))-1)&"1.지반조사/23_최종 Cost 검토 _ 입찰/체크리스트/최종 Cost 검토 _ 입찰_체크리스트.html", "체크리스트 열기")
A25: 9000 | B25: 9000-1 | C25: 지반조사 | D25: 9000-1-24 | E25: 9000-1-16 | F25: 9000-1-27, 9000-1-28 | G25: 입찰설계 현장 인수인계 | H25: D+10~30 | I25: 현장소장 (협업: 토목수행팀) | J25: 지반조사 포함 전체 R/O 승계자료 인수인계 및 추가지반조사 계획 공유 | K25: • 최종 R/O 결과 및 입찰도서 인출 | L25: 인수인계서 | M25: 지반조사 포함 전체 R/O 승계자료 인수인계 및 추가지반조사 계획 공유 | 인수인계서 | N25: =HYPERLINK(LEFT(CELL("filename",A1),FIND("[",CELL("filename",A1))-1)&"1.지반조사/24_입찰설계 현장 인수인계/표준서/입찰설계 현장 인수인계_표준서.html", "표준서 열기") | O25: • 최종 R/O 결과 및 입찰도서 인출 | P25: =HYPERLINK(LEFT(CELL("filename",A1),FIND("[",CELL("filename",A1))-1)&"1.지반조사/24_입찰설계 현장 인수인계/수행지침/입찰설계 현장 인수인계_수행지침.html", "수행지침서 열기") | Q25: 1) 입찰설계 현장 인수인계 적정성을 확인하였는가? 2) 인수인계서 산출물을 확보하였는가? | R25: =HYPERLINK(LEFT(CELL("filename",A1),FIND("[",CELL("filename",A1))-1)&"1.지반조사/24_입찰설계 현장 인수인계/체크리스트/입찰설계 현장 인수인계_체크리스트.html", "체크리스트 열기")
A26: 9000 | B26: 9000-1 | C26: 지반조사 | D26: 9000-1-25 | E26: 9000-1-18, 9000-1-21 | F26: 9000-1-26, 9000-1-27 | G26: 추가지반조사 수행 | H26: D+10~30 | I26: 지반조사업체 (협업: 현장 공사팀/공무팀, 포스코스마트엔지니어링팀, 토목수행팀) | J26: 미시추구간 지반조사 수행을 통한 지반 Risk Hedge | K26: • 추가 지반조사 계획 및 시점 확인 - 탄성파탐사/전기비저항탐사 등 물리탐사 추가조사 (현장 및 위치 확인) - 추가시추조사 수행(물리탐사, 시추조사) - 토질 및 암석 실내시험 수행 및 결과분석 확인 - 공종별 핵심시설(교량, 접속도로, 토공, #200m 통과점, 터널 발파/심벽진입) 확인 | L26: 추가 지반조사 보고서 | M26: 미시추구간 지반조사 수행을 통한 지반 Risk Hedge | 추가 지반조사 보고서 | N26: =HYPERLINK(LEFT(CELL("filename",A1),FIND("[",CELL("filename",A1))-1)&"1.지반조사/25_추가지반조사 수행/표준서/추가지반조사 수행_표준서.html", "표준서 열기") | O26: • 추가 지반조사 계획 및 시점 확인 - 탄성파탐사/전기비저항탐사 등 물리탐사 추가조사 (현장 및 위치 확인) - 추가시추조사 수행(물리탐사, 시추조사) - 토질 및 암석 실내시험 수행 및 결과분석 확인 - 공종별 ... | P26: =HYPERLINK(LEFT(CELL("filename",A1),FIND("[",CELL("filename",A1))-1)&"1.지반조사/25_추가지반조사 수행/수행지침/추가지반조사 수행_수행지침.html", "수행지침서 열기") | Q26: 1) 추가지반조사 수행 적정성을 확인하였는가? 2) 추가 지반조사 보고서 산출물을 확보하였는가? | R26: =HYPERLINK(LEFT(CELL("filename",A1),FIND("[",CELL("filename",A1))-1)&"1.지반조사/25_추가지반조사 수행/체크리스트/추가지반조사 수행_체크리스트.html", "체크리스트 열기")
A27: 9000 | B27: 9000-1 | C27: 지반조사 | D27: 9000-1-26 | E27: 9000-1-25 | F27: 9000-1-27 | G27: 추가지반조사 결과 분석 | H27: D+10~30 | I27: 외부지질전문가 3인 이상 (협업: 현장 공사팀/공무팀, 포스코스마트엔지니어링팀, 토목수행팀) | J27: 추가지반조사 결과에 기반한 최종 R/O 확정 | K27: • 외부전문가 검토 통한 지반특성 최종 Cross-check 확인 • 입찰설계 지반조사 대비 지반특성 변경구간 제원도 확인 | L27: 추가 지반조사결과 종합보고서 | M27: 추가지반조사 결과에 기반한 최종 R/O 확정 | 추가 지반조사결과 종합보고서 | N27: =HYPERLINK(LEFT(CELL("filename",A1),FIND("[",CELL("filename",A1))-1)&"1.지반조사/26_추가지반조사 결과 분석/표준서/추가지반조사 결과 분석_표준서.html", "표준서 열기") | O27: • 외부전문가 검토 통한 지반특성 최종 Cross-check 확인 • 입찰설계 지반조사 대비 지반특성 변경구간 제원도 확인 | P27: =HYPERLINK(LEFT(CELL("filename",A1),FIND("[",CELL("filename",A1))-1)&"1.지반조사/26_추가지반조사 결과 분석/수행지침/추가지반조사 결과 분석_수행지침.html", "수행지침서 열기") | Q27: 1) 추가지반조사 결과 분석 적정성을 확인하였는가? 2) 추가 지반조사결과 종합보고서 산출물을 확보하였는가? | R27: =HYPERLINK(LEFT(CELL("filename",A1),FIND("[",CELL("filename",A1))-1)&"1.지반조사/26_추가지반조사 결과 분석/체크리스트/추가지반조사 결과 분석_체크리스트.html", "체크리스트 열기")
A28: 9000 | B28: 9000-1 | C28: 지반조사 | D28: 9000-1-27 | E28: 9000-1-18, 9000-1-19, 9000-1-22, 9000-1-23, 9000-1-24, 9000-1-25, 9000-1-26 | F28: 9000-1-28, 9000-1-29, 9000-1-30 | G28: 실시설계 지반조사 R/O 검토 (설계, 원가, 공정, 기타) | H28: D+10~30 | I28: 포스코스마트엔지니어링팀 (협업: 현장 공사팀/품질팀/공무팀, 토목견적팀(원가), 토목수행팀(공정), 토목사업지원팀(기획)) | J28: 실시설계 지반조사 결과에 따른 직분야 R/O 및 Cost impact 반영 사항 검토 | K28: • 실시설계 추가지반조사 결과 분석을 통한 원가 및 공정 영향 검토 • 미시추 구간 평가 및 공정 Risk 반영 사항 검토 • 지반조건을 고려한 발파공법성 검토 | L28: 실시설계 지반조사 검토서(설계, 원가, 공정, 기타) | M28: 실시설계 지반조사 결과에 따른 직분야 R/O 및 Cost impact 반영 사항 검토 | 실시설계 지반조사 검토서(설계, 원가, 공정, 기타) | N28: =HYPERLINK(LEFT(CELL("filename",A1),FIND("[",CELL("filename",A1))-1)&"1.지반조사/27_실시설계 지반조사 R_O 검토 (설계, 원가, 공정, 기타)/표준서/실시설계 지반조사 R_O 검토 (설계, 원가, 공정, 기타)_표준서.html", "표준서 열기") | O28: • 실시설계 추가지반조사 결과 분석을 통한 원가 및 공정 영향 검토 • 미시추 구간 평가 및 공정 Risk 반영 사항 검토 • 지반조건을 고려한 발파공법성 검토 | P28: =HYPERLINK(LEFT(CELL("filename",A1),FIND("[",CELL("filename",A1))-1)&"1.지반조사/27_실시설계 지반조사 R_O 검토 (설계, 원가, 공정, 기타)/수행지침/실시설계 지반조사 R_O 검토 (설계, 원가, 공정, 기타)_수행지침.html", "수행지침서 열기") | Q28: 1) 실시설계 지반조사 R/O 검토 (설계, 원가, 공정, 기타) 적정성을 확인하였는가? 2) 실시설계 지반조사 검토서(설계, 원가, 공정, 기타) 산출물을 확보하였는가? | R28: =HYPERLINK(LEFT(CELL("filename",A1),FIND("[",CELL("filename",A1))-1)&"1.지반조사/27_실시설계 지반조사 R_O 검토 (설계, 원가, 공정, 기타)/체크리스트/실시설계 지반조사 R_O 검토 (설계, 원가, 공정, 기타)_체크리스트.html", "체크리스트 열기")
A29: 9000 | B29: 9000-1 | C29: 지반조사 | D29: 9000-1-28 | E29: 9000-1-20, 9000-1-21, 9000-1-24, 9000-1-27 | F29: 9000-1-31 | G29: 실시설계 추가지반조사 결과 검토 | H29: D+10~30 | I29: 포스코스마트엔지니어링팀 (협업: 현장 공사팀/품질팀/공무팀, 토목견적팀(원가), 토목수행팀(공정), 토목사업지원팀(기획)) | J29: 추가지반조사 결과에 기반한 최종 R/O 확정 | K29: • 추가지반조사 결과 검토 | L29: 실시설계 최종 R/O | M29: 추가지반조사 결과에 기반한 최종 R/O 확정 | 실시설계 최종 R/O | N29: =HYPERLINK(LEFT(CELL("filename",A1),FIND("[",CELL("filename",A1))-1)&"1.지반조사/28_실시설계 추가지반조사 결과 검토/표준서/실시설계 추가지반조사 결과 검토_표준서.html", "표준서 열기") | O29: • 추가지반조사 결과 검토 | P29: =HYPERLINK(LEFT(CELL("filename",A1),FIND("[",CELL("filename",A1))-1)&"1.지반조사/28_실시설계 추가지반조사 결과 검토/수행지침/실시설계 추가지반조사 결과 검토_수행지침.html", "수행지침서 열기") | Q29: 1) 실시설계 추가지반조사 결과 검토 적정성을 확인하였는가? 2) 실시설계 최종 R/O 산출물을 확보하였는가? | R29: =HYPERLINK(LEFT(CELL("filename",A1),FIND("[",CELL("filename",A1))-1)&"1.지반조사/28_실시설계 추가지반조사 결과 검토/체크리스트/실시설계 추가지반조사 결과 검토_체크리스트.html", "체크리스트 열기")
A30: 9000 | B30: 9000-1 | C30: 지반조사 | D30: 9000-1-29 | E30: 9000-1-27 | F30: 9000-1-31 | G30: 최종 R/O 이행방안 수립 | H30: D+75일 이후 | I30: 현장소장 (협업: 토목수행팀) | J30: 최종 지반조사 결과에 따른 R/O 이행방안 수립 | K30: • Core Risk 및 Hedge 방안 수립 • Opportunity에 따른 본공 상가 추가 개선 방안 수립 | L30: 최종 R/O 이행계획서 | M30: 최종 지반조사 결과에 따른 R/O 이행방안 수립 | 최종 R/O 이행계획서 | N30: =HYPERLINK(LEFT(CELL("filename",A1),FIND("[",CELL("filename",A1))-1)&"1.지반조사/29_최종 R_O 이행방안 수립/표준서/최종 R_O 이행방안 수립_표준서.html", "표준서 열기") | O30: • Core Risk 및 Hedge 방안 수립 • Opportunity에 따른 본공 상가 추가 개선 방안 수립 | P30: =HYPERLINK(LEFT(CELL("filename",A1),FIND("[",CELL("filename",A1))-1)&"1.지반조사/29_최종 R_O 이행방안 수립/수행지침/최종 R_O 이행방안 수립_수행지침.html", "수행지침서 열기") | Q30: 1) 최종 R/O 이행방안 수립 적정성을 확인하였는가? 2) 최종 R/O 이행계획서 산출물을 확보하였는가? | R30: =HYPERLINK(LEFT(CELL("filename",A1),FIND("[",CELL("filename",A1))-1)&"1.지반조사/29_최종 R_O 이행방안 수립/체크리스트/최종 R_O 이행방안 수립_체크리스트.html", "체크리스트 열기")
A31: 9000 | B31: 9000-1 | C31: 지반조사 | D31: 9000-1-30 | E31: 9000-1-20, 9000-1-27 | F31: 9000-1-31 | G31: 외부지질전문가 업무평가 | H31: D+75일 이후 | I31: 포스코스마트엔지니어링팀 (협업: 현장 공사팀/공무팀) | J31: 참여인력 전문성 평가 및 특이사항 기록 | K31: • 외부지질 전문가 업무평가서 작성 | L31: 외부지질 전문가 업무평가서 | M31: 참여인력 전문성 평가 및 특이사항 기록 | 외부지질 전문가 업무평가서 | N31: =HYPERLINK(LEFT(CELL("filename",A1),FIND("[",CELL("filename",A1))-1)&"1.지반조사/30_외부지질전문가 업무평가/표준서/외부지질전문가 업무평가_표준서.html", "표준서 열기") | O31: • 외부지질 전문가 업무평가서 작성 | P31: =HYPERLINK(LEFT(CELL("filename",A1),FIND("[",CELL("filename",A1))-1)&"1.지반조사/30_외부지질전문가 업무평가/수행지침/외부지질전문가 업무평가_수행지침.html", "수행지침서 열기") | Q31: 1) 외부지질전문가 업무평가 적정성을 확인하였는가? 2) 외부지질 전문가 업무평가서 산출물을 확보하였는가? | R31: =HYPERLINK(LEFT(CELL("filename",A1),FIND("[",CELL("filename",A1))-1)&"1.지반조사/30_외부지질전문가 업무평가/체크리스트/외부지질전문가 업무평가_체크리스트.html", "체크리스트 열기")
A32: 9000 | B32: 9000-1 | C32: 지반조사 | D32: 9000-1-31 | E32: 9000-1-28, 9000-1-29, 9000-1-30 | F32: 9000-1-32 | G32: 조사업체 PM 업무평가 | H32: D+75일 이후 | I32: 포스코스마트엔지니어링팀 (협업: 현장 공사팀/공무팀) | J32: 조사업체 PM 전문성 평가 및 특이사항 기록 | K32: • 지반조사 PM 업무평가서 작성 | L32: PM업무평가서 | M32: 조사업체 PM 전문성 평가 및 특이사항 기록 | PM업무평가서 | N32: =HYPERLINK(LEFT(CELL("filename",A1),FIND("[",CELL("filename",A1))-1)&"1.지반조사/31_조사업체 PM 업무평가/표준서/조사업체 PM 업무평가_표준서.html", "표준서 열기") | O32: • 지반조사 PM 업무평가서 작성 | P32: =HYPERLINK(LEFT(CELL("filename",A1),FIND("[",CELL("filename",A1))-1)&"1.지반조사/31_조사업체 PM 업무평가/수행지침/조사업체 PM 업무평가_수행지침.html", "수행지침서 열기") | Q32: 1) 조사업체 PM 업무평가 적정성을 확인하였는가? 2) PM업무평가서 산출물을 확보하였는가? | R32: =HYPERLINK(LEFT(CELL("filename",A1),FIND("[",CELL("filename",A1))-1)&"1.지반조사/31_조사업체 PM 업무평가/체크리스트/조사업체 PM 업무평가_체크리스트.html", "체크리스트 열기")
A33: 9000 | B33: 9000-1 | C33: 지반조사 | D33: 9000-1-32 | E33: 9000-1-31 | F33: 9000-1-33 | G33: 지반조사업체 업무평가 | I33: 현장소장 (협업: 현장 공사팀/공무팀) | J33: 조사업체 업무평가 및 특이사항 기록 | K33: • 협력업체 업무평가서 | L33: 협력업체 업무평가서 | M33: 조사업체 업무평가 및 특이사항 기록 | 협력업체 업무평가서 | N33: =HYPERLINK(LEFT(CELL("filename",A1),FIND("[",CELL("filename",A1))-1)&"1.지반조사/32_지반조사업체 업무평가/표준서/지반조사업체 업무평가_표준서.html", "표준서 열기") | O33: • 협력업체 업무평가서 | P33: =HYPERLINK(LEFT(CELL("filename",A1),FIND("[",CELL("filename",A1))-1)&"1.지반조사/32_지반조사업체 업무평가/수행지침/지반조사업체 업무평가_수행지침.html", "수행지침서 열기") | Q33: 1) 지반조사업체 업무평가 적정성을 확인하였는가? 2) 협력업체 업무평가서 산출물을 확보하였는가? | R33: =HYPERLINK(LEFT(CELL("filename",A1),FIND("[",CELL("filename",A1))-1)&"1.지반조사/32_지반조사업체 업무평가/체크리스트/지반조사업체 업무평가_체크리스트.html", "체크리스트 열기")
A34: 9000 | B34: 9000-1 | C34: 지반조사 | D34: 9000-1-33 | E34: 9000-1-32 | F34: 9000-1-34 | G34: 설계변경 LL 리포트 작성 | I34: 현장소장 (협업: 현장 공무팀) | J34: 설계변경 사항 기록 | K34: • 설계변경 사유 기록관리 • 예상 R/O대비 설계변경 사항 비교 검토 | L34: LL리포트 | M34: 설계변경 사항 기록 | LL리포트 | N34: =HYPERLINK(LEFT(CELL("filename",A1),FIND("[",CELL("filename",A1))-1)&"1.지반조사/33_설계변경 LL 리포트 작성/표준서/설계변경 LL 리포트 작성_표준서.html", "표준서 열기") | O34: • 설계변경 사유 기록관리 • 예상 R/O대비 설계변경 사항 비교 검토 | P34: =HYPERLINK(LEFT(CELL("filename",A1),FIND("[",CELL("filename",A1))-1)&"1.지반조사/33_설계변경 LL 리포트 작성/수행지침/설계변경 LL 리포트 작성_수행지침.html", "수행지침서 열기") | Q34: 1) 설계변경 LL 리포트 작성 적정성을 확인하였는가? 2) LL리포트 산출물을 확보하였는가? | R34: =HYPERLINK(LEFT(CELL("filename",A1),FIND("[",CELL("filename",A1))-1)&"1.지반조사/33_설계변경 LL 리포트 작성/체크리스트/설계변경 LL 리포트 작성_체크리스트.html", "체크리스트 열기")
A35: 9000 | B35: 9000-1 | C35: 지반조사 | D35: 9000-1-34 | E35: 9000-1-33 | F35: 9000-1-35 | G35: 설계변경 LL 리포트 관리 | I35: 토목수행팀 (협업: 현장소장) | J35: 전체 현장 설계변경 사항 기록 | K35: • 현장별 설계변경 LL 리포트 취합 관리 | L35: LL리포트 List | M35: 전체 현장 설계변경 사항 기록 | LL리포트 List | N35: =HYPERLINK(LEFT(CELL("filename",A1),FIND("[",CELL("filename",A1))-1)&"1.지반조사/34_설계변경 LL 리포트 관리/표준서/설계변경 LL 리포트 관리_표준서.html", "표준서 열기") | O35: • 현장별 설계변경 LL 리포트 취합 관리 | P35: =HYPERLINK(LEFT(CELL("filename",A1),FIND("[",CELL("filename",A1))-1)&"1.지반조사/34_설계변경 LL 리포트 관리/수행지침/설계변경 LL 리포트 관리_수행지침.html", "수행지침서 열기") | Q35: 1) 설계변경 LL 리포트 관리 적정성을 확인하였는가? 2) LL리포트 List 산출물을 확보하였는가? | R35: =HYPERLINK(LEFT(CELL("filename",A1),FIND("[",CELL("filename",A1))-1)&"1.지반조사/34_설계변경 LL 리포트 관리/체크리스트/설계변경 LL 리포트 관리_체크리스트.html", "체크리스트 열기")
A36: 9000 | B36: 9000-1 | C36: 지반조사 | D36: 9000-1-35 | E36: 9000-1-34 | F36: 9000-1-36 | G36: 지반조사업체 정산계약 | I36: 일반구매팀 (협업: 현장 공무팀) | J36: 지반조사업체 정산 | K36: • 조사도 수량 Check 후 구매시스템 변경계약 수행 • 변경계약 후 정산금 집행 | L36: 정산계약서 | M36: 지반조사업체 정산 | 정산계약서 | N36: =HYPERLINK(LEFT(CELL("filename",A1),FIND("[",CELL("filename",A1))-1)&"1.지반조사/35_지반조사업체 정산계약/표준서/지반조사업체 정산계약_표준서.html", "표준서 열기") | O36: • 조사도 수량 Check 후 구매시스템 변경계약 수행 • 변경계약 후 정산금 집행 | P36: =HYPERLINK(LEFT(CELL("filename",A1),FIND("[",CELL("filename",A1))-1)&"1.지반조사/35_지반조사업체 정산계약/수행지침/지반조사업체 정산계약_수행지침.html", "수행지침서 열기") | Q36: 1) 지반조사업체 정산계약 적정성을 확인하였는가? 2) 정산계약서 산출물을 확보하였는가? | R36: =HYPERLINK(LEFT(CELL("filename",A1),FIND("[",CELL("filename",A1))-1)&"1.지반조사/35_지반조사업체 정산계약/체크리스트/지반조사업체 정산계약_체크리스트.html", "체크리스트 열기")
A37: 9000 | B37: 9000-1 | C37: 지반조사 | D37: 9000-1-36 | E37: 9000-1-35 | F37: - | G37: 매뉴얼 Update | I37: 혁신실장 (협업: 현장 공무팀) | J37: 지반조사 매뉴얼 Update | K37: • 매뉴얼 Update 및 개정사항 사내공지 | L37: 지반조사 매뉴얼 | M37: 지반조사 매뉴얼 Update | 지반조사 매뉴얼 | N37: =HYPERLINK(LEFT(CELL("filename",A1),FIND("[",CELL("filename",A1))-1)&"1.지반조사/36_매뉴얼 Update/표준서/매뉴얼 Update_표준서.html", "표준서 열기") | O37: • 매뉴얼 Update 및 개정사항 사내공지 | P37: =HYPERLINK(LEFT(CELL("filename",A1),FIND("[",CELL("filename",A1))-1)&"1.지반조사/36_매뉴얼 Update/수행지침/매뉴얼 Update_수행지침.html", "수행지침서 열기") | Q37: 1) 매뉴얼 Update 적정성을 확인하였는가? 2) 지반조사 매뉴얼 산출물을 확보하였는가? | R37: =HYPERLINK(LEFT(CELL("filename",A1),FIND("[",CELL("filename",A1))-1)&"1.지반조사/36_매뉴얼 Update/체크리스트/매뉴얼 Update_체크리스트.html", "체크리스트 열기")

Sheet 사전토공사
A1: L2 코드 | B1: L3 코드 | C1: L3 대공종명 | D1: L4 코드 | E1: 선행 | F1: 후행 | G1: 작업단위 (Level 4 Task/Activity) | H1: 일정 (D-Day) | I1: 주관 | J1: 목적 | K1: 방법 | L1: 산출물(결과) | M1: 표준서 (Standard) 요약 | N1: 표준서 파일 (HTML) | O1: 수행지침 (Guideline) 요약 | P1: 수행지침 파일 (HTML) | Q1: 체크리스트 (Checklist) 요약 | R1: 체크리스트 파일 (HTML) | S1: 비고
A2: 9000 | B2: 9000-2 | C2: 사전토공사 | D2: 9000-2-1 | E2: - | F2: 9000-2-2, 9000-2-3 | G2: Site Survey | H2: D-90 (D-120~D-90) | I2: 현장 공사팀 | J2: KDS 47 10 00 철도지반 설계기준 | 현장 가설 둔차선, 용지 경계 및 원지반 고저차 3D 레벨 현측 | 토공사 사전 현장 조사 보고서 | K2: 1) 현장 가설 도로 및 용지 경계 현측 ➔ 2) 광학 레벨 원지반 고저차 측정 ➔ 3) 진입 도로 장애 요소 매핑 ➔ 4) 현장 조사 보고서 감리 제출 | L2: 가설 도로 폭/구배 현측, 원지반 고저차 레벨 측량 및 3D BIM 도면 오차 점검 (현장 조사 보고서) | M2: KDS 47 10 00 철도지반 설계기준 | 현장 가설 둔차선, 용지 경계 및 원지반 고저차 3D 레벨 현측 | 토공사 사전 현장 조사 보고서 | N2: =HYPERLINK(LEFT(CELL("filename",A1),FIND("[",CELL("filename",A1))-1)&"2.사전토공사\1_Site Survey\표준서\Site Survey_표준서.html", "👉 [클릭] 표준서 열기 📄") | O2: 1) 현장 가설 도로 및 용지 경계 현측 ➔ 2) 광학 레벨 원지반 고저차 측정 ➔ 3) 진입 도로 장애 요소 매핑 ➔ 4) 현장 조사 보고서 감리 제출 | P2: =HYPERLINK(LEFT(CELL("filename",A1),FIND("[",CELL("filename",A1))-1)&"2.사전토공사\1_Site Survey\수행지침\Site Survey_수행지침.html", "👉 [클릭] 수행지침 열기 📄") | Q2: 가설 도로 폭/구배 현측, 원지반 고저차 레벨 측량 및 3D BIM 도면 오차 점검 (현장 조사 보고서) | R2: =HYPERLINK(LEFT(CELL("filename",A1),FIND("[",CELL("filename",A1))-1)&"2.사전토공사\1_Site Survey\체크리스트\Site Survey_체크리스트.html", "👉 [클릭] 체크리스트 열기 📄")
A3: 9000 | B3: 9000-2 | C3: 사전토공사 | D3: 9000-2-2 | E3: 9000-2-1 | F3: 9000-2-10, 9000-2-12 | G3: 공사중 교통처리계획 | H3: D-60 (D-80~D-60) | I3: 현장 공사팀 | J3: 도로교통법 제69조 | 동탄경찰서 교통안전 심의 및 우회 차선 설계 | 전담 신호수(2인 2조) & LED 경광등 배치 | K3: 1) 교통 우회 차선 & 둔차선 도면 설계 ➔ 2) 동탄경찰서 도로점용 허가 ➔ 3) 전담 신호수(2인 2조) 배치 ➔ 4) 교통소통 대책서 감리 서면 승인 | L3: 동탄경찰서 도로점용 허가, 가설 우회 차선 설계 및 전담 안전 신호수(2인 2조)/LED 경광등 배치 | M3: 도로교통법 제69조 | 동탄경찰서 교통안전 심의 및 우회 차선 설계 | 전담 신호수(2인 2조) & LED 경광등 배치 | N3: =HYPERLINK(LEFT(CELL("filename",A1),FIND("[",CELL("filename",A1))-1)&"2.사전토공사\2_발주전략 KOM\표준서\2_발주전략 KOM_표준서.html", "👉 [클릭] 표준서 열기 📄") | O3: 1) 교통 우회 차선 & 둔차선 도면 설계 ➔ 2) 동탄경찰서 도로점용 허가 ➔ 3) 전담 신호수(2인 2조) 배치 ➔ 4) 교통소통 대책서 감리 서면 승인 | P3: =HYPERLINK(LEFT(CELL("filename",A1),FIND("[",CELL("filename",A1))-1)&"2.사전토공사\2_발주전략 KOM\수행지침\2_발주전략 KOM_수행지침.html", "👉 [클릭] 수행지침 열기 📄") | Q3: 동탄경찰서 도로점용 허가, 가설 우회 차선 설계 및 전담 안전 신호수(2인 2조)/LED 경광등 배치 | R3: =HYPERLINK(LEFT(CELL("filename",A1),FIND("[",CELL("filename",A1))-1)&"2.사전토공사\2_발주전략 KOM\체크리스트\2_발주전략 KOM_체크리스트.html", "👉 [클릭] 체크리스트 열기 📄")
A4: 9000 | B4: 9000-2 | C4: 사전토공사 | D4: 9000-2-3 | E4: 9000-2-1 | F4: 9000-2-4, 9000-2-5 | G4: Site Survey Risk 검토 | H4: D-60 (D-70~D-60) | I4: 토목국내견적팀 | J4: 지하안전법 제23조 | 현장 지장물, 연약 지반 층후 및 사면 붕괴 위험 요소 추출 | 사전 토공 리스크 대책 승인 | K4: 1) 지하 매설 지장물 & 연약지반 현출 ➔ 2) 사면 붕괴 위험 구간 추출 ➔ 3) 흙막이 가설재 보강 수립 ➔ 4) 토공 리스크 대책서 감리 승인 | L4: 지중 매설물 탐사, 연약 지반 층후 분석 및 사면 붕괴 위험 구간 흙막이 가설재 보강 수립 | M4: 지하안전법 제23조 | 현장 지장물, 연약 지반 층후 및 사면 붕괴 위험 요소 추출 | 사전 토공 리스크 대책 승인 | N4: =HYPERLINK(LEFT(CELL("filename",A1),FIND("[",CELL("filename",A1))-1)&"2.사전토공사\3_Site Survey Risk 검토\표준서\Site Survey Risk 검토_표준서.html", "👉 [클릭] 표준서 열기 📄") | O4: 1) 지하 매설 지장물 & 연약지반 현출 ➔ 2) 사면 붕괴 위험 구간 추출 ➔ 3) 흙막이 가설재 보강 수립 ➔ 4) 토공 리스크 대책서 감리 승인 | P4: =HYPERLINK(LEFT(CELL("filename",A1),FIND("[",CELL("filename",A1))-1)&"2.사전토공사\3_Site Survey Risk 검토\수행지침\Site Survey Risk 검토_수행지침.html", "👉 [클릭] 수행지침 열기 📄") | Q4: 지중 매설물 탐사, 연약 지반 층후 분석 및 사면 붕괴 위험 구간 흙막이 가설재 보강 수립 | R4: =HYPERLINK(LEFT(CELL("filename",A1),FIND("[",CELL("filename",A1))-1)&"2.사전토공사\3_Site Survey Risk 검토\체크리스트\Site Survey Risk 검토_체크리스트.html", "👉 [클릭] 체크리스트 열기 📄")
A5: 9000 | B5: 9000-2 | C5: 사전토공사 | D5: 9000-2-4 | E5: 9000-2-3 | F5: 9000-2-6 | G5: 최고의 팀 만들기 지원 | H5: D-50 (D-60~D-50) | I5: 외주관리팀 | J5: 건산법 상생협력 수칙 | 토공 전문 기술자 1:1 전담 배치 & 3자 주간 소통 회의 | 일일 Safety TBM 100% 이행 | K5: 1) 토공 전담 기술자 1:1 배치 ➔ 2) 3자 주간 소통 회의 개최 ➔ 3) 근로자 복지 지원 & Safety TBM ➔ 4) One-Team 조직표 감리 서면 승인 | L5: 토공 전담 기술자 1:1 현장 배치, 발주·감리·시공 3자 주간 소통 회의 및 일일 Safety TBM/음주 측정 | M5: 건산법 상생협력 수칙 | 토공 전문 기술자 1:1 전담 배치 & 3자 주간 소통 회의 | 일일 Safety TBM 100% 이행 | N5: =HYPERLINK(LEFT(CELL("filename",A1),FIND("[",CELL("filename",A1))-1)&"2.사전토공사\4_최고의 팀 만들기 지원\표준서\최고의 팀 만들기 지원_표준서.html", "👉 [클릭] 표준서 열기 📄") | O5: 1) 토공 전담 기술자 1:1 배치 ➔ 2) 3자 주간 소통 회의 개최 ➔ 3) 근로자 복지 지원 & Safety TBM ➔ 4) One-Team 조직표 감리 서면 승인 | P5: =HYPERLINK(LEFT(CELL("filename",A1),FIND("[",CELL("filename",A1))-1)&"2.사전토공사\4_최고의 팀 만들기 지원\수행지침\최고의 팀 만들기 지원_수행지침.html", "👉 [클릭] 수행지침 열기 📄") | Q5: 토공 전담 기술자 1:1 현장 배치, 발주·감리·시공 3자 주간 소통 회의 및 일일 Safety TBM/음주 측정 | R5: =HYPERLINK(LEFT(CELL("filename",A1),FIND("[",CELL("filename",A1))-1)&"2.사전토공사\4_최고의 팀 만들기 지원\체크리스트\최고의 팀 만들기 지원_체크리스트.html", "👉 [클릭] 체크리스트 열기 📄")
A6: 9000 | B6: 9000-2 | C6: 사전토공사 | D6: 9000-2-5 | E6: 9000-2-3 | F6: 9000-2-6 | G6: 발주전략 KOM | H6: D-80 (D-120~D-80) | I6: 현장소장 | J6: KCS 47 10 25 시방 검토 | 사전 토공 토사/암석 깎기 및 성토 시방 규정 | 발주처·감리·시공 3자 킥오프 결재 | K6: 1) 사전 토공 시방 요구조건 분석 ➔ 2) 3D BIM 도면 깎기/성토 수량 검증 ➔ 3) 토공 리스크 예비비 수립 ➔ 4) 발주·감리·시공 3자 킥오프 결재 | L6: KCS 47 10 25 사전 토공 시방 검토, 토사/암석 깎기 수량 산출 및 3D BIM 간섭 zero (3자 킥오프 결재) | M6: KCS 47 10 25 시방 검토 | 사전 토공 토사/암석 깎기 및 성토 시방 규정 | 발주처·감리·시공 3자 킥오프 결재 | N6: =HYPERLINK(LEFT(CELL("filename",A1),FIND("[",CELL("filename",A1))-1)&"2.사전토공사\5_공사중 교통처리계획\표준서\공사중 교통처리계획_표준서.html", "👉 [클릭] 표준서 열기 📄") | O6: 1) 사전 토공 시방 요구조건 분석 ➔ 2) 3D BIM 도면 깎기/성토 수량 검증 ➔ 3) 토공 리스크 예비비 수립 ➔ 4) 발주·감리·시공 3자 킥오프 결재 | P6: =HYPERLINK(LEFT(CELL("filename",A1),FIND("[",CELL("filename",A1))-1)&"2.사전토공사\5_공사중 교통처리계획\수행지침\공사중 교통처리계획_수행지침.html", "👉 [클릭] 수행지침 열기 📄") | Q6: KCS 47 10 25 사전 토공 시방 검토, 토사/암석 깎기 수량 산출 및 3D BIM 간섭 zero (3자 킥오프 결재) | R6: =HYPERLINK(LEFT(CELL("filename",A1),FIND("[",CELL("filename",A1))-1)&"2.사전토공사\5_공사중 교통처리계획\체크리스트\공사중 교통처리계획_체크리스트.html", "👉 [클릭] 체크리스트 열기 📄")
A7: 9000 | B7: 9000-2 | C7: 사전토공사 | D7: 9000-2-6 | E7: 9000-2-4, 9000-2-5 | F7: 9000-2-7 | G7: 착수전 Big Room 회의 | H7: D-40 | I7: 현장소장 | J7: 현장 통합 관리 지침 | 발주처·감리·지자체·시공사 4자 빅룸 회의 | 사전 토공 마일스톤 서명 결재 | K7: 1) 4자(발주·감리·지자체·시공) 빅룸 결성 ➔ 2) 사전 토공 마일스톤 연동 ➔ 3) 간섭 리스크 즉시 해소 ➔ 4) 빅룸 회의록 4자 서명 완수 | L7: 4자(발주·감리·지자체·시공) 빅룸 회의 결성, 사전 토공 마일스톤 연동 및 간섭 리스크 서명 | M7: 현장 통합 관리 지침 | 발주처·감리·지자체·시공사 4자 빅룸 회의 | 사전 토공 마일스톤 서명 결재 | N7: =HYPERLINK(LEFT(CELL("filename",A1),FIND("[",CELL("filename",A1))-1)&"2.사전토공사\6_자재발주 요청\표준서\자재발주 요청_표준서.html", "👉 [클릭] 표준서 열기 📄") | O7: 1) 4자(발주·감리·지자체·시공) 빅룸 결성 ➔ 2) 사전 토공 마일스톤 연동 ➔ 3) 간섭 리스크 즉시 해소 ➔ 4) 빅룸 회의록 4자 서명 완수 | P7: =HYPERLINK(LEFT(CELL("filename",A1),FIND("[",CELL("filename",A1))-1)&"2.사전토공사\6_자재발주 요청\수행지침\착수전 Big Room 회의_수행지침.html", "👉 [클릭] 수행지침 열기 📄") | Q7: 4자(발주·감리·지자체·시공) 빅룸 회의 결성, 사전 토공 마일스톤 연동 및 간섭 리스크 서명 | R7: =HYPERLINK(LEFT(CELL("filename",A1),FIND("[",CELL("filename",A1))-1)&"2.사전토공사\6_자재발주 요청\체크리스트\착수전 Big Room 회의_체크리스트.html", "👉 [클릭] 체크리스트 열기 📄")
A8: 9000 | B8: 9000-2 | C8: 사전토공사 | D8: 9000-2-7 | E8: 9000-2-6 | F8: 9000-2-8, 9000-2-9 | G8: 자재발주 요청 | H8: D-65 (D-65~D-55) | I8: 현장 공무팀 | J8: KCS 47 10 25 자재 시방 | 굴착 장비, 가설 펜스 및 배수관 자재 발주 승인 | 공인시험기관 성적표 수속 | K8: 1) 굴착 장비 및 가설 펜스 자재 선정 ➔ 2) 공인시험기관 시험성적서 검수 ➔ 3) 자재 발주 신청서 제출 ➔ 4) 자재 반입 검수 통보서 결재 | L8: KCS 47 10 25 굴착 장비/가설재 자재 승인, 공인시험기관 시험성적서 검수 및 자재 반입 통보 | M8: KCS 47 10 25 자재 시방 | 굴착 장비, 가설 펜스 및 배수관 자재 발주 승인 | 공인시험기관 성적표 수속 | N8: =HYPERLINK(LEFT(CELL("filename",A1),FIND("[",CELL("filename",A1))-1)&"2.사전토공사\7_용지 사용 Risk 검토\표준서\용지 사용 Risk 검토_표준서.html", "👉 [클릭] 표준서 열기 📄") | O8: 1) 굴착 장비 및 가설 펜스 자재 선정 ➔ 2) 공인시험기관 시험성적서 검수 ➔ 3) 자재 발주 신청서 제출 ➔ 4) 자재 반입 검수 통보서 결재 | P8: =HYPERLINK(LEFT(CELL("filename",A1),FIND("[",CELL("filename",A1))-1)&"2.사전토공사\7_용지 사용 Risk 검토\수행지침\용지 사용 Risk 검토_수행지침.html", "👉 [클릭] 수행지침 열기 📄") | Q8: KCS 47 10 25 굴착 장비/가설재 자재 승인, 공인시험기관 시험성적서 검수 및 자재 반입 통보 | R8: =HYPERLINK(LEFT(CELL("filename",A1),FIND("[",CELL("filename",A1))-1)&"2.사전토공사\7_용지 사용 Risk 검토\체크리스트\용지 사용 Risk 검토_체크리스트.html", "👉 [클릭] 체크리스트 열기 📄")
A9: 9000 | B9: 9000-2 | C9: 사전토공사 | D9: 9000-2-8 | E9: 9000-2-7 | F9: 9000-2-11 | G9: 용지 사용 Risk 검토 | H9: D-40 (D-60~D-40) | I9: 토목계약관리팀 | J9: 토지보상법 준수 | 미보상 사유지 경계 현출 및 가설 펜스(H=1.8m) 차단 | 3D 우회 토공 동선 마일스톤 연동 | K9: 1) 미보상 사유지 경계 현출 ➔ 2) 가설 펜스(H=1.8m) 차단 ➔ 3) 3D 우회 토공 동선 수립 ➔ 4) 용지 보상 리스크 대책 감리 승인 | L9: 미보상 사유지 경계 현출, 가설 펜스(H=1.8m) 차단 및 3D 우회 토공 동선 마일스톤 연동 | M9: 토지보상법 준수 | 미보상 사유지 경계 현출 및 가설 펜스(H=1.8m) 차단 | 3D 우회 토공 동선 마일스톤 연동 | N9: =HYPERLINK(LEFT(CELL("filename",A1),FIND("[",CELL("filename",A1))-1)&"2.사전토공사\8_착수전 Big Room 회의\표준서\착수전 Big Room 회의_표준서.html", "👉 [클릭] 표준서 열기 📄") | O9: 1) 미보상 사유지 경계 현출 ➔ 2) 가설 펜스(H=1.8m) 차단 ➔ 3) 3D 우회 토공 동선 수립 ➔ 4) 용지 보상 리스크 대책 감리 승인 | P9: =HYPERLINK(LEFT(CELL("filename",A1),FIND("[",CELL("filename",A1))-1)&"2.사전토공사\8_착수전 Big Room 회의\수행지침\착수전 Big Room 회의_수행지침.html", "👉 [클릭] 수행지침 열기 📄") | Q9: 미보상 사유지 경계 현출, 가설 펜스(H=1.8m) 차단 및 3D 우회 토공 동선 마일스톤 연동 | R9: =HYPERLINK(LEFT(CELL("filename",A1),FIND("[",CELL("filename",A1))-1)&"2.사전토공사\8_착수전 Big Room 회의\체크리스트\착수전 Big Room 회의_체크리스트.html", "👉 [클릭] 체크리스트 열기 📄")
A10: 9000 | B10: 9000-2 | C10: 사전토공사 | D10: 9000-2-9 | E10: 9000-2-7 | F10: 9000-2-11 | G10: 인허가 절차 진행 | H10: D-30 | I10: 현장 공무팀 | J10: 도로법 및 환경영향평가법 | 지자체 도로점용 허가 및 비산먼지 발생신고 수속 | 법정 인허가 필증 수속 | K10: 1) 지자체 도로/하천점용 허가서 작성 ➔ 2) 관련 부서 서류 제출 & 심의 ➔ 3) 보증보험 증권 부착 ➔ 4) 법정 인허가 필증 감리 수속 | L10: 지자체 도로/하천점용 허가서 접수, 비산먼지 발생사업 신고 필증 수속 및 보증보험 제출 | M10: 도로법 및 환경영향평가법 | 지자체 도로점용 허가 및 비산먼지 발생신고 수속 | 법정 인허가 필증 수속 | N10: =HYPERLINK(LEFT(CELL("filename",A1),FIND("[",CELL("filename",A1))-1)&"2.사전토공사\9_인허가 절차 진행\표준서\인허가 절차 진행_표준서.html", "👉 [클릭] 표준서 열기 📄") | O10: 1) 지자체 도로/하천점용 허가서 작성 ➔ 2) 관련 부서 서류 제출 & 심의 ➔ 3) 보증보험 증권 부착 ➔ 4) 법정 인허가 필증 감리 수속 | P10: =HYPERLINK(LEFT(CELL("filename",A1),FIND("[",CELL("filename",A1))-1)&"2.사전토공사\9_인허가 절차 진행\수행지침\인허가 절차 진행_수행지침.html", "👉 [클릭] 수행지침 열기 📄") | Q10: 지자체 도로/하천점용 허가서 접수, 비산먼지 발생사업 신고 필증 수속 및 보증보험 제출 | R10: =HYPERLINK(LEFT(CELL("filename",A1),FIND("[",CELL("filename",A1))-1)&"2.사전토공사\9_인허가 절차 진행\체크리스트\인허가 절차 진행_체크리스트.html", "👉 [클릭] 체크리스트 열기 📄")
A11: 9000 | B11: 9000-2 | C11: 사전토공사 | D11: 9000-2-10 | E11: 9000-2-2 | F11: 9000-2-12, 9000-2-13 | G11: 교통처리대책 협의 및 승인 | H11: D-30 | I11: 현장 공무팀 | J11: 도로교통법 안전 수칙 | 경찰서 차선 점용 허가 및 가설 둔차선 도로 복구 이행 보증보험 | 교통대책 감리 승인 | K11: 1) 경찰서 차선 점용 허가증 수령 ➔ 2) 도로 복구 보증보험 증권 제출 ➔ 3) 전담 신호수 & LED 경광등 배치 ➔ 4) 교통대책서 감리 서면 승인 | L11: 동탄경찰서 차선 점용 허가, 도로 복구 이행 보증보험 제출 및 전담 신호수(2인 2조) 100% 배치 | M11: 도로교통법 안전 수칙 | 경찰서 차선 점용 허가 및 가설 둔차선 도로 복구 이행 보증보험 | 교통대책 감리 승인 | N11: =HYPERLINK(LEFT(CELL("filename",A1),FIND("[",CELL("filename",A1))-1)&"2.사전토공사\10_교통처리대책 협의 및 승인\표준서\교통처리대책 협의 및 승인_표준서.html", "👉 [클릭] 표준서 열기 📄") | O11: 1) 경찰서 차선 점용 허가증 수령 ➔ 2) 도로 복구 보증보험 증권 제출 ➔ 3) 전담 신호수 & LED 경광등 배치 ➔ 4) 교통대책서 감리 서면 승인 | P11: =HYPERLINK(LEFT(CELL("filename",A1),FIND("[",CELL("filename",A1))-1)&"2.사전토공사\10_교통처리대책 협의 및 승인\수행지침\교통처리대책 협의 및 승인_수행지침.html", "👉 [클릭] 수행지침 열기 📄") | Q11: 동탄경찰서 차선 점용 허가, 도로 복구 이행 보증보험 제출 및 전담 신호수(2인 2조) 100% 배치 | R11: =HYPERLINK(LEFT(CELL("filename",A1),FIND("[",CELL("filename",A1))-1)&"2.사전토공사\10_교통처리대책 협의 및 승인\체크리스트\교통처리대책 협의 및 승인_체크리스트.html", "👉 [클릭] 체크리스트 열기 📄")
A12: 9000 | B12: 9000-2 | C12: 사전토공사 | D12: 9000-2-11 | E12: 9000-2-8, 9000-2-9 | F12: 9000-2-13 | G12: 지장물 검토 및 협의 | H12: D-30 | I12: 현장 공무팀/공사팀 | J12: 지하안전관리에 관한 특별법 | GPR 3D 관로 탐사 & 인력 시탐 줄파기(깊이 1.5m) | 점용기관 현장 입회 이설 방호 | K12: 1) GPR 3D 지중 관로 탐사 ➔ 2) 인력 시탐 줄파기(깊이 1.5m) ➔ 3) 관할 점용기관 1:1 현장 입회 ➔ 4) 매달기 방호 & 지장물 서면 승인 | L12: GPR 3D 관로 탐사, 인력 시탐 줄파기(폭 0.5m, 깊이 1.5m) 및 점용기관 1:1 현장 입회 매달기 방호 | M12: 지하안전관리에 관한 특별법 | GPR 3D 관로 탐사 & 인력 시탐 줄파기(깊이 1.5m) | 점용기관 현장 입회 이설 방호 | N12: =HYPERLINK(LEFT(CELL("filename",A1),FIND("[",CELL("filename",A1))-1)&"2.사전토공사\11_지장물 검토 및 협의\표준서\지장물 검토 및 협의_표준서.html", "👉 [클릭] 표준서 열기 📄") | O12: 1) GPR 3D 지중 관로 탐사 ➔ 2) 인력 시탐 줄파기(깊이 1.5m) ➔ 3) 관할 점용기관 1:1 현장 입회 ➔ 4) 매달기 방호 & 지장물 서면 승인 | P12: =HYPERLINK(LEFT(CELL("filename",A1),FIND("[",CELL("filename",A1))-1)&"2.사전토공사\11_지장물 검토 및 협의\수행지침\지장물 검토 및 협의_수행지침.html", "👉 [클릭] 수행지침 열기 📄") | Q12: GPR 3D 관로 탐사, 인력 시탐 줄파기(폭 0.5m, 깊이 1.5m) 및 점용기관 1:1 현장 입회 매달기 방호 | R12: =HYPERLINK(LEFT(CELL("filename",A1),FIND("[",CELL("filename",A1))-1)&"2.사전토공사\11_지장물 검토 및 협의\체크리스트\지장물 검토 및 협의_체크리스트.html", "👉 [클릭] 체크리스트 열기 📄")
A13: 9000 | B13: 9000-2 | C13: 사전토공사 | D13: 9000-2-12 | E13: 9000-2-2, 9000-2-10 | F13: 9000-2-14, 9000-2-15 | G13: 기공승낙 적정성 검토 | H13: D-30 | I13: 현장 공무팀 | J13: 국유재산법 및 공유재산법 | 토지 기공승낙서 인허가 확인 및 진입로 점용 범위 실측 | 토지 사용 승인서 결재 | K13: 1) 국유지/공유지 기공승낙서 수속 ➔ 2) 진입 도로 점용 범위 실측 ➔ 3) 토지 소유주 사용 협의 ➔ 4) 기공승낙서 감리 서면 승인 | L13: 국유지/공유지 기공승낙서 인허가 검증, 진입 도로 점용 범위 실측 및 토지 사용 승인서 결재 | M13: 국유재산법 및 공유재산법 | 토지 기공승낙서 인허가 확인 및 진입로 점용 범위 실측 | 토지 사용 승인서 결재 | N13: =HYPERLINK(LEFT(CELL("filename",A1),FIND("[",CELL("filename",A1))-1)&"2.사전토공사\12_기공승낙 적정성 검토\표준서\기공승낙 적정성 검토_표준서.html", "👉 [클릭] 표준서 열기 📄") | O13: 1) 국유지/공유지 기공승낙서 수속 ➔ 2) 진입 도로 점용 범위 실측 ➔ 3) 토지 소유주 사용 협의 ➔ 4) 기공승낙서 감리 서면 승인 | P13: =HYPERLINK(LEFT(CELL("filename",A1),FIND("[",CELL("filename",A1))-1)&"2.사전토공사\12_기공승낙 적정성 검토\수행지침\기공승낙 적정성 검토_수행지침.html", "👉 [클릭] 수행지침 열기 📄") | Q13: 국유지/공유지 기공승낙서 인허가 검증, 진입 도로 점용 범위 실측 및 토지 사용 승인서 결재 | R13: =HYPERLINK(LEFT(CELL("filename",A1),FIND("[",CELL("filename",A1))-1)&"2.사전토공사\12_기공승낙 적정성 검토\체크리스트\기공승낙 적정성 검토_체크리스트.html", "👉 [클릭] 체크리스트 열기 📄")
A14: 9000 | B14: 9000-2 | C14: 사전토공사 | D14: 9000-2-13 | E14: 9000-2-10, 9000-2-11 | F14: 9000-2-14 | G14: 민원 저감 대책 수립 | H14: D-30 | I14: 현장 안전팀/공무팀 | J14: 소음진동관리법 준수 | 야간 공사 소음 방음벽(H=3m) 및 세륜기(깊이 1.2m) 가동 | 단수/단전 주민 사전 안내 | K14: 1) 야간 공사 소음 방음벽(H=3m) 설치 ➔ 2) 세륜기 가동 & 분무 살수 ➔ 3) 단수/단전 사전 주민 공지 ➔ 4) 민원 대응반 서면 승인 | L14: 야간 공사 소음 방음벽(H=3m) 가동, 세륜기(깊이 1.2m) 가동 및 단수/단전 주민 사전 고지 | M14: 소음진동관리법 준수 | 야간 공사 소음 방음벽(H=3m) 및 세륜기(깊이 1.2m) 가동 | 단수/단전 주민 사전 안내 | N14: =HYPERLINK(LEFT(CELL("filename",A1),FIND("[",CELL("filename",A1))-1)&"2.사전토공사\13_민원 저감 대책 수립\표준서\민원 저감 대책 수립_표준서.html", "👉 [클릭] 표준서 열기 📄") | O14: 1) 야간 공사 소음 방음벽(H=3m) 설치 ➔ 2) 세륜기 가동 & 분무 살수 ➔ 3) 단수/단전 사전 주민 공지 ➔ 4) 민원 대응반 서면 승인 | P14: =HYPERLINK(LEFT(CELL("filename",A1),FIND("[",CELL("filename",A1))-1)&"2.사전토공사\13_민원 저감 대책 수립\수행지침\민원 저감 대책 수립_수행지침.html", "👉 [클릭] 수행지침 열기 📄") | Q14: 야간 공사 소음 방음벽(H=3m) 가동, 세륜기(깊이 1.2m) 가동 및 단수/단전 주민 사전 고지 | R14: =HYPERLINK(LEFT(CELL("filename",A1),FIND("[",CELL("filename",A1))-1)&"2.사전토공사\13_민원 저감 대책 수립\체크리스트\민원 저감 대책 수립_체크리스트.html", "👉 [클릭] 체크리스트 열기 📄")
A15: 9000 | B15: 9000-2 | C15: 사전토공사 | D15: 9000-2-14 | E15: 9000-2-12, 9000-2-13 | F15: 9000-2-15, 9000-2-16 | G15: 용지보상 Risk 파악 | H15: D-30 | I15: 현장 공무팀 | J15: 토지보상법 준수 | 지장물 이설 부지 용지보상 현황 및 점용 경계 실측 | 미보상 사유지 가설 펜스 차단 | K15: 1) 미보상 필지 현출 & 지적 대조 ➔ 2) 가설 펜스(H=1.8m) 차단 ➔ 3) 우회 토공 동선 수립 ➔ 4) 용지 보상 대책서 감리 승인 | L15: 미보상 필지 지적 대조, 경계 가설 펜스(H=1.8m) 차단 및 우회 토공 동선 서면 승인 | M15: 토지보상법 준수 | 지장물 이설 부지 용지보상 현황 및 점용 경계 실측 | 미보상 사유지 가설 펜스 차단 | N15: =HYPERLINK(LEFT(CELL("filename",A1),FIND("[",CELL("filename",A1))-1)&"2.사전토공사\14_용지보상 Risk 파악\표준서\용지보상 Risk 파악_표준서.html", "👉 [클릭] 표준서 열기 📄") | O15: 1) 미보상 필지 현출 & 지적 대조 ➔ 2) 가설 펜스(H=1.8m) 차단 ➔ 3) 우회 토공 동선 수립 ➔ 4) 용지 보상 대책서 감리 승인 | P15: =HYPERLINK(LEFT(CELL("filename",A1),FIND("[",CELL("filename",A1))-1)&"2.사전토공사\14_용지보상 Risk 파악\수행지침\용지보상 Risk 파악_수행지침.html", "👉 [클릭] 수행지침 열기 📄") | Q15: 미보상 필지 지적 대조, 경계 가설 펜스(H=1.8m) 차단 및 우회 토공 동선 서면 승인 | R15: =HYPERLINK(LEFT(CELL("filename",A1),FIND("[",CELL("filename",A1))-1)&"2.사전토공사\14_용지보상 Risk 파악\체크리스트\용지보상 Risk 파악_체크리스트.html", "👉 [클릭] 체크리스트 열기 📄")
A16: 9000 | B16: 9000-2 | C16: 사전토공사 | D16: 9000-2-15 | E16: 9000-2-12, 9000-2-14 | F16: 9000-2-16, 9000-2-17 | G16: 시공계획서 검토 지원 | H16: D-30 | I16: 토목품질팀 | J16: 건진법 시행령 제89조 | 사전 토공 시공계획서 표준 8대 목차 검토 | 착공 14일 전 감리 서면 승인 | K16: 1) 사전 토공 시공계획서 작성 ➔ 2) 8대 목차 & KCS 수치 명시 ➔ 3) 착공 14일 전 감리단 제출 ➔ 4) 시공계획서 감리 서면 승인 | L16: 사전 토공 시공계획서 표준 8대 목차, KCS 수치 수록 및 착공 14일 전 감리 서면 승인 | M16: 건진법 시행령 제89조 | 사전 토공 시공계획서 표준 8대 목차 검토 | 착공 14일 전 감리 서면 승인 | N16: =HYPERLINK(LEFT(CELL("filename",A1),FIND("[",CELL("filename",A1))-1)&"2.사전토공사\15_시공계획서 검토 지원\표준서\시공계획서 검토 지원_표준서.html", "👉 [클릭] 표준서 열기 📄") | O16: 1) 사전 토공 시공계획서 작성 ➔ 2) 8대 목차 & KCS 수치 명시 ➔ 3) 착공 14일 전 감리단 제출 ➔ 4) 시공계획서 감리 서면 승인 | P16: =HYPERLINK(LEFT(CELL("filename",A1),FIND("[",CELL("filename",A1))-1)&"2.사전토공사\15_시공계획서 검토 지원\수행지침\시공계획서 검토 지원_수행지침.html", "👉 [클릭] 수행지침 열기 📄") | Q16: 사전 토공 시공계획서 표준 8대 목차, KCS 수치 수록 및 착공 14일 전 감리 서면 승인 | R16: =HYPERLINK(LEFT(CELL("filename",A1),FIND("[",CELL("filename",A1))-1)&"2.사전토공사\15_시공계획서 검토 지원\체크리스트\시공계획서 검토 지원_체크리스트.html", "👉 [클릭] 체크리스트 열기 📄")
A17: 9000 | B17: 9000-2 | C17: 사전토공사 | D17: 9000-2-16 | E17: 9000-2-14, 9000-2-15 | F17: 9000-2-17, 9000-2-18 | G17: 설계변경 (착수전) | H17: D-30 | I17: 현장 공무팀/공사팀 | J17: 지방계약법 정산 수칙 | 착수 전 토종 변경 및 수량 증감 실정보고 작성 | 총사업비 변경 승인 수속 | K17: 1) 토질 변경 & 수량 증감 실정보고 작성 ➔ 2) 단가 비교표 작성 ➔ 3) 설계변경 도서 제출 ➔ 4) 총사업비 변경 승인 결재 | L17: 토질 변경 & 수량 증감 실정보고서 작성, 단가 비교표 작성 및 총사업비 변경 승인 결재 | M17: 지방계약법 정산 수칙 | 착수 전 토종 변경 및 수량 증감 실정보고 작성 | 총사업비 변경 승인 수속 | N17: =HYPERLINK(LEFT(CELL("filename",A1),FIND("[",CELL("filename",A1))-1)&"2.사전토공사\16_시공계획 수립\표준서\설계변경 (착수전)_표준서.html", "👉 [클릭] 표준서 열기 📄") | O17: 1) 토질 변경 & 수량 증감 실정보고 작성 ➔ 2) 단가 비교표 작성 ➔ 3) 설계변경 도서 제출 ➔ 4) 총사업비 변경 승인 결재 | P17: =HYPERLINK(LEFT(CELL("filename",A1),FIND("[",CELL("filename",A1))-1)&"2.사전토공사\16_시공계획 수립\수행지침\설계변경 (착수전)_수행지침.html", "👉 [클릭] 수행지침 열기 📄") | Q17: 토질 변경 & 수량 증감 실정보고서 작성, 단가 비교표 작성 및 총사업비 변경 승인 결재 | R17: =HYPERLINK(LEFT(CELL("filename",A1),FIND("[",CELL("filename",A1))-1)&"2.사전토공사\16_시공계획 수립\체크리스트\설계변경 (착수전)_체크리스트.html", "👉 [클릭] 체크리스트 열기 📄")
A18: 9000 | B18: 9000-2 | C18: 사전토공사 | D18: 9000-2-17 | E18: 9000-2-15, 9000-2-16 | F18: 9000-2-19 | G18: 시공계획 수립 | H18: D-30 | I18: 현장 공사팀 | J18: KCS 47 10 25 토공 시방 | 깎기/성토 토공 유동표 작성 및 3D BIM 도면 대조 | 책임감리원 최종 승인 | K18: 1) 토공 깎기/성토 유동표 작성 ➔ 2) 3D BIM 모델 표고 대조 ➔ 3) 사면 안성성 계산서 부착 ➔ 4) 토공 시공계획서 감리 최종 결재 | L18: 토공 깎기/성토 유동표 작성, 3D BIM 모델 표고 대조 및 사면 안전성 계산서 감리 결재 | M18: KCS 47 10 25 토공 시방 | 깎기/성토 토공 유동표 작성 및 3D BIM 도면 대조 | 책임감리원 최종 승인 | N18: =HYPERLINK(LEFT(CELL("filename",A1),FIND("[",CELL("filename",A1))-1)&"2.사전토공사\17_후행공종 요구조건 반영 설계변경 검토\표준서\후행공종 요구조건 반영 설계변경 검토_표준서.html", "👉 [클릭] 표준서 열기 📄") | O18: 1) 토공 깎기/성토 유동표 작성 ➔ 2) 3D BIM 모델 표고 대조 ➔ 3) 사면 안성성 계산서 부착 ➔ 4) 토공 시공계획서 감리 최종 결재 | P18: =HYPERLINK(LEFT(CELL("filename",A1),FIND("[",CELL("filename",A1))-1)&"2.사전토공사\17_후행공종 요구조건 반영 설계변경 검토\수행지침\후행공종 요구조건 반영 설계변경 검토_수행지침.html", "👉 [클릭] 수행지침 열기 📄") | Q18: 토공 깎기/성토 유동표 작성, 3D BIM 모델 표고 대조 및 사면 안전성 계산서 감리 결재 | R18: =HYPERLINK(LEFT(CELL("filename",A1),FIND("[",CELL("filename",A1))-1)&"2.사전토공사\17_후행공종 요구조건 반영 설계변경 검토\체크리스트\후행공종 요구조건 반영 설계변경 검토_체크리스트.html", "👉 [클릭] 체크리스트 열기 📄")
A19: 9000 | B19: 9000-2 | C19: 사전토공사 | D19: 9000-2-18 | E19: 9000-2-16 | F19: 9000-2-19, 9000-2-20 | G19: 후행공종 요구조건 반영 설계변경 검토 | H19: D-30 | I19: 현장 공무팀/공사팀 | J19: 건진법 설계변경 수칙 | 궤도/구조물 후행 공종 요구 표고 오차(±10mm) 반영 | 설계변경 실정보고서 작성 | K19: 1) 궤도/구조물 후행 요구 조건 수집 ➔ 2) 마무리면 표고 오차(±10mm) 반영 ➔ 3) 설계변경 실정보고서 작성 ➔ 4) 책임감리원 기술 승인 | L19: 궤도/구조물 후행 요구 조건 반영, 마무리면 표고 오차(±10mm) 반영 및 설계변경 실정보고 | M19: 건진법 설계변경 수칙 | 궤도/구조물 후행 공종 요구 표고 오차(±10mm) 반영 | 설계변경 실정보고서 작성 | N19: =HYPERLINK(LEFT(CELL("filename",A1),FIND("[",CELL("filename",A1))-1)&"2.사전토공사\18_설계변경 (착수전)\표준서\설계변경 (착수전)_표준서.html", "👉 [클릭] 표준서 열기 📄") | O19: 1) 궤도/구조물 후행 요구 조건 수집 ➔ 2) 마무리면 표고 오차(±10mm) 반영 ➔ 3) 설계변경 실정보고서 작성 ➔ 4) 책임감리원 기술 승인 | P19: =HYPERLINK(LEFT(CELL("filename",A1),FIND("[",CELL("filename",A1))-1)&"2.사전토공사\18_설계변경 (착수전)\수행지침\설계변경 (착수전)_수행지침.html", "👉 [클릭] 수행지침 열기 📄") | Q19: 궤도/구조물 후행 요구 조건 반영, 마무리면 표고 오차(±10mm) 반영 및 설계변경 실정보고 | R19: =HYPERLINK(LEFT(CELL("filename",A1),FIND("[",CELL("filename",A1))-1)&"2.사전토공사\18_설계변경 (착수전)\체크리스트\설계변경 (착수전)_체크리스트.html", "👉 [클릭] 체크리스트 열기 📄")
A20: 9000 | B20: 9000-2 | C20: 사전토공사 | D20: 9000-2-19 | E20: 9000-2-17, 9000-2-18 | F20: 9000-2-21, 9000-2-22 | G20: 설계변경 지원 | H20: D-30 | I20: 토목수행팀 | J20: 건진법 설계변경 규정 | 수량 산출서 및 단가 비교표 작성 | 책임감리원 기술 검토 의견서 첨부 | K20: 1) 변경 수량 산출서 정밀 집계 ➔ 2) 신규 단가 산정 서류 부착 ➔ 3) 감리단 기술 검토 수속 ➔ 4) 설계변경 제출 서면 결재 | L20: 변경 수량 산출서 정밀 집계, 신규 단가 산정 서류 첨부 및 책임감리원 기술 검토 수속 | M20: 건진법 설계변경 규정 | 수량 산출서 및 단가 비교표 작성 | 책임감리원 기술 검토 의견서 첨부 | N20: =HYPERLINK(LEFT(CELL("filename",A1),FIND("[",CELL("filename",A1))-1)&"2.사전토공사\18_설계변경_착수전\표준서\후행공종 요구조건 반영 설계변경 검토_표준서.html", "👉 [클릭] 표준서 열기 📄") | O20: 1) 변경 수량 산출서 정밀 집계 ➔ 2) 신규 단가 산정 서류 부착 ➔ 3) 감리단 기술 검토 수속 ➔ 4) 설계변경 제출 서면 결재 | P20: =HYPERLINK(LEFT(CELL("filename",A1),FIND("[",CELL("filename",A1))-1)&"2.사전토공사\18_설계변경_착수전\수행지침\후행공종 요구조건 반영 설계변경 검토_수행지침.html", "👉 [클릭] 수행지침 열기 📄") | Q20: 변경 수량 산출서 정밀 집계, 신규 단가 산정 서류 첨부 및 책임감리원 기술 검토 수속 | R20: =HYPERLINK(LEFT(CELL("filename",A1),FIND("[",CELL("filename",A1))-1)&"2.사전토공사\18_설계변경_착수전\체크리스트\후행공종 요구조건 반영 설계변경 검토_체크리스트.html", "👉 [클릭] 체크리스트 열기 📄")
A21: 9000 | B21: 9000-2 | C21: 사전토공사 | D21: 9000-2-20 | E21: 9000-2-18 | F21: 9000-2-22 | G21: 교통관리 및 교통안전시설 설치 | H21: D-20 | I21: 현장 공사팀 | J21: 도로교통법 안전 수칙 | 게이트 바리케이트, 야간 LED 경광등 부설 | 전담 안전 신호수(2인 2조) 100% 배치 | K21: 1) 게이트 바리케이트 & 경광등 부설 ➔ 2) 우회 차선 표지판 설치 ➔ 3) 전담 신호수(2인 2조) 배치 ➔ 4) 교통 안전 점검 대장 결재 | L21: 게이트 바리케이트/LED 경광등 설치, 우회 차선 표지판 검측 및 전담 신호수(2인 2조) 배치 | M21: 도로교통법 안전 수칙 | 게이트 바리케이트, 야간 LED 경광등 부설 | 전담 안전 신호수(2인 2조) 100% 배치 | N21: =HYPERLINK(LEFT(CELL("filename",A1),FIND("[",CELL("filename",A1))-1)&"2.사전토공사\19_설계변경 지원\표준서\설계변경 지원_표준서.html", "👉 [클릭] 표준서 열기 📄") | O21: 1) 게이트 바리케이트 & 경광등 부설 ➔ 2) 우회 차선 표지판 설치 ➔ 3) 전담 신호수(2인 2조) 배치 ➔ 4) 교통 안전 점검 대장 결재 | P21: =HYPERLINK(LEFT(CELL("filename",A1),FIND("[",CELL("filename",A1))-1)&"2.사전토공사\19_설계변경 지원\수행지침\설계변경 지원_수행지침.html", "👉 [클릭] 수행지침 열기 📄") | Q21: 게이트 바리케이트/LED 경광등 설치, 우회 차선 표지판 검측 및 전담 신호수(2인 2조) 배치 | R21: =HYPERLINK(LEFT(CELL("filename",A1),FIND("[",CELL("filename",A1))-1)&"2.사전토공사\19_설계변경 지원\체크리스트\설계변경 지원_체크리스트.html", "👉 [클릭] 체크리스트 열기 📄")
A22: 9000 | B22: 9000-2 | C22: 사전토공사 | D22: 9000-2-21 | E22: 9000-2-19 | F22: 9000-2-23 | G22: 장비 검수 지원 | H22: D-10 | I22: 기술안전팀 | J22: 건설기계관리법 제13조 | 자중 10t+ 굴착기, 덤프 정기검사증 검수 | 후방 센서 점검 및 반입 허가 | K22: 1) 10t+ 굴착기/덤프 사양 검수 ➔ 2) 건설기계 정기검사증 점검 ➔ 3) 후방 카메라/경보음 시동 점검 ➔ 4) 장비 반입 승인서 감리 결재 | L22: 자중 10t+ 굴착기/덤프 정기검사증, 후방 카메라/경보음 시동 점검 및 반입 허가 결재 | M22: 건설기계관리법 제13조 | 자중 10t+ 굴착기, 덤프 정기검사증 검수 | 후방 센서 점검 및 반입 허가 | N22: =HYPERLINK(LEFT(CELL("filename",A1),FIND("[",CELL("filename",A1))-1)&"2.사전토공사\20_교통관리 및 교통안전시설 설치\표준서\교통관리 및 교통안전시설 설치_표준서.html", "👉 [클릭] 표준서 열기 📄") | O22: 1) 10t+ 굴착기/덤프 사양 검수 ➔ 2) 건설기계 정기검사증 점검 ➔ 3) 후방 카메라/경보음 시동 점검 ➔ 4) 장비 반입 승인서 감리 결재 | P22: =HYPERLINK(LEFT(CELL("filename",A1),FIND("[",CELL("filename",A1))-1)&"2.사전토공사\20_교통관리 및 교통안전시설 설치\수행지침\교통관리 및 교통안전시설 설치_수행지침.html", "👉 [클릭] 수행지침 열기 📄") | Q22: 자중 10t+ 굴착기/덤프 정기검사증, 후방 카메라/경보음 시동 점검 및 반입 허가 결재 | R22: =HYPERLINK(LEFT(CELL("filename",A1),FIND("[",CELL("filename",A1))-1)&"2.사전토공사\20_교통관리 및 교통안전시설 설치\체크리스트\교통관리 및 교통안전시설 설치_체크리스트.html", "👉 [클릭] 체크리스트 열기 📄")
A23: 9000 | B23: 9000-2 | C23: 사전토공사 | D23: 9000-2-22 | E23: 9000-2-19, 9000-2-20 | F23: 9000-2-23, 9000-2-24 | G23: 벌목/벌근제거 | H23: D+10~30 | I23: 현장 공사팀 | J23: KCS 47 10 25 산림 벌목 시방 | 수목 벌목 및 뿌리 제거(벌근) 깊이 30cm 이상 | 임목 폐기물 수속 처리 | K23: 1) 현장 지반 수목 벌목 시행 ➔ 2) 뿌리 제거(벌근) 깊이 30cm 굴착 ➔ 3) 임목 폐기물 수속 처리 ➔ 4) 벌목 벌근 성과표 감리 승인 | L23: 현장 수목 벌목 시행, 뿌리 제거(벌근) 깊이 30cm 이상 굴착 및 임목 폐기물 수속 처리 | M23: KCS 47 10 25 산림 벌목 시방 | 수목 벌목 및 뿌리 제거(벌근) 깊이 30cm 이상 | 임목 폐기물 수속 처리 | N23: =HYPERLINK(LEFT(CELL("filename",A1),FIND("[",CELL("filename",A1))-1)&"2.사전토공사\21_장비 검수 지원\표준서\장비 검수 지원_표준서.html", "👉 [클릭] 표준서 열기 📄") | O23: 1) 현장 지반 수목 벌목 시행 ➔ 2) 뿌리 제거(벌근) 깊이 30cm 굴착 ➔ 3) 임목 폐기물 수속 처리 ➔ 4) 벌목 벌근 성과표 감리 승인 | P23: =HYPERLINK(LEFT(CELL("filename",A1),FIND("[",CELL("filename",A1))-1)&"2.사전토공사\21_장비 검수 지원\수행지침\장비 검수 지원_수행지침.html", "👉 [클릭] 수행지침 열기 📄") | Q23: 현장 수목 벌목 시행, 뿌리 제거(벌근) 깊이 30cm 이상 굴착 및 임목 폐기물 수속 처리 | R23: =HYPERLINK(LEFT(CELL("filename",A1),FIND("[",CELL("filename",A1))-1)&"2.사전토공사\21_장비 검수 지원\체크리스트\장비 검수 지원_체크리스트.html", "👉 [클릭] 체크리스트 열기 📄")
A24: 9000 | B24: 9000-2 | C24: 사전토공사 | D24: 9000-2-23 | E24: 9000-2-21, 9000-2-22 | F24: 9000-2-25 | G24: 기존구조물 / 지장물 처리 | H24: D+10~25 | I24: 현장 공사팀 / 공무팀 | J24: 폐기물관리법 준수 | 기존 아스콘/콘크리트 구조물 안전 삭평 철거 | 건설 폐기물 성적표 수속 | K24: 1) 기존 아스콘/콘크리트 삭평 철거 ➔ 2) 폐기물 분리 수거 & 적재 ➔ 3) 건설 폐기물 위탁 처리 ➔ 4) 지장물 처리 성과표 감리 승인 | L24: 기존 아스콘/콘크리트 삭평 철거, 건설 폐기물 분리 수거 적재 및 폐기물 성적서 수속 | M24: 폐기물관리법 준수 | 기존 아스콘/콘크리트 구조물 안전 삭평 철거 | 건설 폐기물 성적표 수속 | N24: =HYPERLINK(LEFT(CELL("filename",A1),FIND("[",CELL("filename",A1))-1)&"2.사전토공사\22_벌목_벌근제거\표준서\벌목_벌근제거_표준서.html", "👉 [클릭] 표준서 열기 📄") | O24: 1) 기존 아스콘/콘크리트 삭평 철거 ➔ 2) 폐기물 분리 수거 & 적재 ➔ 3) 건설 폐기물 위탁 처리 ➔ 4) 지장물 처리 성과표 감리 승인 | P24: =HYPERLINK(LEFT(CELL("filename",A1),FIND("[",CELL("filename",A1))-1)&"2.사전토공사\22_벌목_벌근제거\수행지침\벌목_벌근제거_수행지침.html", "👉 [클릭] 수행지침 열기 📄") | Q24: 기존 아스콘/콘크리트 삭평 철거, 건설 폐기물 분리 수거 적재 및 폐기물 성적서 수속 | R24: =HYPERLINK(LEFT(CELL("filename",A1),FIND("[",CELL("filename",A1))-1)&"2.사전토공사\22_벌목_벌근제거\체크리스트\벌목_벌근제거_체크리스트.html", "👉 [클릭] 체크리스트 열기 📄")
A25: 9000 | B25: 9000-2 | C25: 사전토공사 | D25: 9000-2-24 | E25: 9000-2-22 | F25: 9000-2-25, 9000-2-26 | G25: 진입로 조성 | H25: D+10~30 | I25: 현장 공사팀 | J25: KCS 47 10 25 가설 도로 | 덤프트럭 진입 가설 도로 폭 6m 포설 | 쇄석 골재(두께 20cm) 부설 & 살수 | K25: 1) 가설 도로 폭 6m 성토 굴착 ➔ 2) 쇄석 골재(두께 20cm) 부설 ➔ 3) 10t 롤러 다짐 & 살수 ➔ 4) 진입로 조성 성과표 감리 승인 | L25: 가설 도로 폭 6m 성토 굴착, 쇄석 골재(두께 20cm) 부설, 10t 롤러 다짐 및 살수 점검 | M25: KCS 47 10 25 가설 도로 | 덤프트럭 진입 가설 도로 폭 6m 포설 | 쇄석 골재(두께 20cm) 부설 & 살수 | N25: =HYPERLINK(LEFT(CELL("filename",A1),FIND("[",CELL("filename",A1))-1)&"2.사전토공사\23_기존구조물 _ 지장물 처리\표준서\기존구조물 _ 지장물 처리_표준서.html", "👉 [클릭] 표준서 열기 📄") | O25: 1) 가설 도로 폭 6m 성토 굴착 ➔ 2) 쇄석 골재(두께 20cm) 부설 ➔ 3) 10t 롤러 다짐 & 살수 ➔ 4) 진입로 조성 성과표 감리 승인 | P25: =HYPERLINK(LEFT(CELL("filename",A1),FIND("[",CELL("filename",A1))-1)&"2.사전토공사\23_기존구조물 _ 지장물 처리\수행지침\기존구조물 _ 지장물 처리_수행지침.html", "👉 [클릭] 수행지침 열기 📄") | Q25: 가설 도로 폭 6m 성토 굴착, 쇄석 골재(두께 20cm) 부설, 10t 롤러 다짐 및 살수 점검 | R25: =HYPERLINK(LEFT(CELL("filename",A1),FIND("[",CELL("filename",A1))-1)&"2.사전토공사\23_기존구조물 _ 지장물 처리\체크리스트\기존구조물 _ 지장물 처리_체크리스트.html", "👉 [클릭] 체크리스트 열기 📄")
A26: 9000 | B26: 9000-2 | C26: 사전토공사 | D26: 9000-2-25 | E26: 9000-2-23, 9000-2-24 | F26: 9000-2-27 | G26: 배수/환경시설 설치 | H26: D+10~30 | I26: 현장 공사팀 | J26: KCS 47 10 25 배수 시방 | 가배수로(0.6×0.6m) & 가침사지 설치 | 세륜기(깊이 1.2m) 가동 및 배수 검측 | K26: 1) 가배수로(0.6×0.6m) & 가침사지 터파기 ➔ 2) 세륜기(깊이 1.2m) 부설 ➔ 3) 양수 펌프 비치 ➔ 4) 배수 환경 시설 감리 서면 승인 | L26: 가배수로(0.6×0.6m) & 가침사지 설치, 세륜기(깊이 1.2m) 가동 및 수중 양수 펌프 비치 | M26: KCS 47 10 25 배수 시방 | 가배수로(0.6×0.6m) & 가침사지 설치 | 세륜기(깊이 1.2m) 가동 및 배수 검측 | N26: =HYPERLINK(LEFT(CELL("filename",A1),FIND("[",CELL("filename",A1))-1)&"2.사전토공사\23_기존구조물_지장물 처리\표준서\기존구조물 _ 지장물 처리_표준서.html", "👉 [클릭] 표준서 열기 📄") | O26: 1) 가배수로(0.6×0.6m) & 가침사지 터파기 ➔ 2) 세륜기(깊이 1.2m) 부설 ➔ 3) 양수 펌프 비치 ➔ 4) 배수 환경 시설 감리 서면 승인 | P26: =HYPERLINK(LEFT(CELL("filename",A1),FIND("[",CELL("filename",A1))-1)&"2.사전토공사\23_기존구조물_지장물 처리\수행지침\기존구조물 _ 지장물 처리_수행지침.html", "👉 [클릭] 수행지침 열기 📄") | Q26: 가배수로(0.6×0.6m) & 가침사지 설치, 세륜기(깊이 1.2m) 가동 및 수중 양수 펌프 비치 | R26: =HYPERLINK(LEFT(CELL("filename",A1),FIND("[",CELL("filename",A1))-1)&"2.사전토공사\23_기존구조물_지장물 처리\체크리스트\기존구조물 _ 지장물 처리_체크리스트.html", "👉 [클릭] 체크리스트 열기 📄")
A27: 9000 | B27: 9000-2 | C27: 사전토공사 | D27: 9000-2-26 | E27: 9000-2-24 | F27: 9000-2-27, 9000-2-28 | G27: 토공 굴착 | H27: D+10~30 | I27: 현장 공사팀 | J27: KCS 47 10 25 굴착 규정 | 3D GPS 굴착기 표고 오차 ±20mm 통제 | 사면 비탈면 경사(1:1.5) 준수 | K27: 1) 3D GPS 굴착기 정밀 세팅 ➔ 2) 토사 깎기 & 사면 비탈면(1:1.5) 굴착 ➔ 3) 표고 오차(±20mm) 검측 ➔ 4) 토공 굴착 성과표 감리 승인 | L27: 3D GPS 굴착기 표고 오차 ±20mm 통제, 사면 비탈면 경사(1:1.5 이하) 준수 및 굴착 검측 | M27: KCS 47 10 25 굴착 규정 | 3D GPS 굴착기 표고 오차 ±20mm 통제 | 사면 비탈면 경사(1:1.5) 준수 | N27: =HYPERLINK(LEFT(CELL("filename",A1),FIND("[",CELL("filename",A1))-1)&"2.사전토공사\24_진입로 조성\표준서\진입로 조성_표준서.html", "👉 [클릭] 표준서 열기 📄") | O27: 1) 3D GPS 굴착기 정밀 세팅 ➔ 2) 토사 깎기 & 사면 비탈면(1:1.5) 굴착 ➔ 3) 표고 오차(±20mm) 검측 ➔ 4) 토공 굴착 성과표 감리 승인 | P27: =HYPERLINK(LEFT(CELL("filename",A1),FIND("[",CELL("filename",A1))-1)&"2.사전토공사\24_진입로 조성\수행지침\진입로 조성_수행지침.html", "👉 [클릭] 수행지침 열기 📄") | Q27: 3D GPS 굴착기 표고 오차 ±20mm 통제, 사면 비탈면 경사(1:1.5 이하) 준수 및 굴착 검측 | R27: =HYPERLINK(LEFT(CELL("filename",A1),FIND("[",CELL("filename",A1))-1)&"2.사전토공사\24_진입로 조성\체크리스트\진입로 조성_체크리스트.html", "👉 [클릭] 체크리스트 열기 📄")
A28: 9000 | B28: 9000-2 | C28: 사전토공사 | D28: 9000-2-27 | E28: 9000-2-25, 9000-2-26 | F28: 9000-2-29 | G28: 노상토 지지력 확인 | H28: D+10~30 | I28: 현장 품질팀 | J28: KS F 2310 규정 준수 | 굴착 바닥 원지반 평판재하시험 K30 ≥ 70 MN/m³ | 덤프트럭 펌핑 연약 지반 점검 | K28: 1) 굴착 바닥 원지반 수평 정리 ➔ 2) K30 평판재하시험(≥70 MN/m³) ➔ 3) 덤프트럭 펌핑 연약 지반 점검 ➔ 4) 노상토 지지력 성과표 승인 | L28: 굴착 바닥 평판재하시험 K30 ≥ 70 MN/m³, 덤프트럭 펌핑 연약 지반 점검 및 노상토 승인 | M28: KS F 2310 규정 준수 | 굴착 바닥 원지반 평판재하시험 K30 ≥ 70 MN/m³ | 덤프트럭 펌핑 연약 지반 점검 | N28: =HYPERLINK(LEFT(CELL("filename",A1),FIND("[",CELL("filename",A1))-1)&"2.사전토공사\25_배수_환경시설 설치\표준서\배수_환경시설 설치_표준서.html", "👉 [클릭] 표준서 열기 📄") | O28: 1) 굴착 바닥 원지반 수평 정리 ➔ 2) K30 평판재하시험(≥70 MN/m³) ➔ 3) 덤프트럭 펌핑 연약 지반 점검 ➔ 4) 노상토 지지력 성과표 승인 | P28: =HYPERLINK(LEFT(CELL("filename",A1),FIND("[",CELL("filename",A1))-1)&"2.사전토공사\25_배수_환경시설 설치\수행지침\배수_환경시설 설치_수행지침.html", "👉 [클릭] 수행지침 열기 📄") | Q28: 굴착 바닥 평판재하시험 K30 ≥ 70 MN/m³, 덤프트럭 펌핑 연약 지반 점검 및 노상토 승인 | R28: =HYPERLINK(LEFT(CELL("filename",A1),FIND("[",CELL("filename",A1))-1)&"2.사전토공사\25_배수_환경시설 설치\체크리스트\배수_환경시설 설치_체크리스트.html", "👉 [클릭] 체크리스트 열기 📄")
A29: 9000 | B29: 9000-2 | C29: 사전토공사 | D29: 9000-2-28 | E29: 9000-2-26 | F29: 9000-2-29 | G29: 쌓기 및 다짐(필요시) | H29: D+10~30 | I29: 현장 공사팀 | J29: KCS 47 10 25 성토 시방 | 층두께 ≤ 30cm 토사 포설 | 10t 강동 롤러 다짐(들밀도 다짐도 ≥ 90%) | K29: 1) 성토 토사 30cm 층포설 ➔ 2) 살수차 최적함수비 살수 ➔ 3) 10t 강동 롤러 다짐(다짐도≥90%) ➔ 4) 성토 다짐 성과표 감리 승인 | L29: 성토 토사 30cm 층포설, 살수차 최적함수비 OMC 살수 및 10t 롤러 다짐(다짐도 ≥ 90%) | M29: KCS 47 10 25 성토 시방 | 층두께 ≤ 30cm 토사 포설 | 10t 강동 롤러 다짐(들밀도 다짐도 ≥ 90%) | N29: =HYPERLINK(LEFT(CELL("filename",A1),FIND("[",CELL("filename",A1))-1)&"2.사전토공사\26_토공 굴착\표준서\토공 굴착_표준서.html", "👉 [클릭] 표준서 열기 📄") | O29: 1) 성토 토사 30cm 층포설 ➔ 2) 살수차 최적함수비 살수 ➔ 3) 10t 강동 롤러 다짐(다짐도≥90%) ➔ 4) 성토 다짐 성과표 감리 승인 | P29: =HYPERLINK(LEFT(CELL("filename",A1),FIND("[",CELL("filename",A1))-1)&"2.사전토공사\26_토공 굴착\수행지침\토공 굴착_수행지침.html", "👉 [클릭] 수행지침 열기 📄") | Q29: 성토 토사 30cm 층포설, 살수차 최적함수비 OMC 살수 및 10t 롤러 다짐(다짐도 ≥ 90%) | R29: =HYPERLINK(LEFT(CELL("filename",A1),FIND("[",CELL("filename",A1))-1)&"2.사전토공사\26_토공 굴착\체크리스트\토공 굴착_체크리스트.html", "👉 [클릭] 체크리스트 열기 📄")
A30: 9000 | B30: 9000-2 | C30: 사전토공사 | D30: 9000-2-29 | E30: 9000-2-27, 9000-2-28 | F30: 9000-2-30 | G30: 현장지원 | H30: D+75일 이후 | I30: 토목수행팀, 토목품질팀, 토목안전팀 | J30: 현장 통합 소통 수칙 | 일일 TBM 및 품질/안전 지원 대장 수록 | 감리 입회 검측 서면 승인 | K30: 1) 일일 현장 품질/안전 지원 ➔ 2) TBM 및 근로자 교육 ➔ 3) 공정 장애 요소 해소 ➔ 4) 현장 지원 대장 서면 승인 | L30: 일일 현장 품질/안전 지원 대장, TBM 및 근로자 교육 시행 서면 승인 | M30: 현장 통합 소통 수칙 | 일일 TBM 및 품질/안전 지원 대장 수록 | 감리 입회 검측 서면 승인 | N30: =HYPERLINK(LEFT(CELL("filename",A1),FIND("[",CELL("filename",A1))-1)&"2.사전토공사\27_노상토 지지력 확인\표준서\노상토 지지력 확인_표준서.html", "👉 [클릭] 표준서 열기 📄") | O30: 1) 일일 현장 품질/안전 지원 ➔ 2) TBM 및 근로자 교육 ➔ 3) 공정 장애 요소 해소 ➔ 4) 현장 지원 대장 서면 승인 | P30: =HYPERLINK(LEFT(CELL("filename",A1),FIND("[",CELL("filename",A1))-1)&"2.사전토공사\27_노상토 지지력 확인\수행지침\노상토 지지력 확인_수행지침.html", "👉 [클릭] 수행지침 열기 📄") | Q30: 일일 현장 품질/안전 지원 대장, TBM 및 근로자 교육 시행 서면 승인 | R30: =HYPERLINK(LEFT(CELL("filename",A1),FIND("[",CELL("filename",A1))-1)&"2.사전토공사\27_노상토 지지력 확인\체크리스트\노상토 지지력 확인_체크리스트.html", "👉 [클릭] 체크리스트 열기 📄")
A31: 9000 | B31: 9000-2 | C31: 사전토공사 | D31: 9000-2-30 | E31: 9000-2-29 | F31: 9000-2-31 | G31: 강화노반 인계 | H31: D+75일 이후 | I31: 현장 공사팀 / 품질팀 | J31: KCS 47 10 25 인계인수 수칙 | 토공-강화노반 시공팀 3자 합동 레벨 측량 | 마무리면 인계인수서 서명 | K31: 1) 토공-강화노반 시공팀 3자 합동 현측 ➔ 2) 마무리면 레벨 오차(±10mm) 확인 ➔ 3) 인계인수 합의서 서명 ➔ 4) 토공 마무리면 인계 완료 | L31: 토공-강화노반 시공팀 3자 합동 레벨 측량, 마무리면 레벨 오차(±10mm) 인계인수서 서명 | M31: KCS 47 10 25 인계인수 수칙 | 토공-강화노반 시공팀 3자 합동 레벨 측량 | 마무리면 인계인수서 서명 | N31: =HYPERLINK(LEFT(CELL("filename",A1),FIND("[",CELL("filename",A1))-1)&"2.사전토공사\28_쌓기 및 다짐_필요시\표준서\쌓기 및 다짐(필요시)_표준서.html", "👉 [클릭] 표준서 열기 📄") | O31: 1) 토공-강화노반 시공팀 3자 합동 현측 ➔ 2) 마무리면 레벨 오차(±10mm) 확인 ➔ 3) 인계인수 합의서 서명 ➔ 4) 토공 마무리면 인계 완료 | P31: =HYPERLINK(LEFT(CELL("filename",A1),FIND("[",CELL("filename",A1))-1)&"2.사전토공사\28_쌓기 및 다짐_필요시\수행지침\쌓기 및 다짐(필요시)_수행지침.html", "👉 [클릭] 수행지침 열기 📄") | Q31: 토공-강화노반 시공팀 3자 합동 레벨 측량, 마무리면 레벨 오차(±10mm) 인계인수서 서명 | R31: =HYPERLINK(LEFT(CELL("filename",A1),FIND("[",CELL("filename",A1))-1)&"2.사전토공사\28_쌓기 및 다짐_필요시\체크리스트\쌓기 및 다짐(필요시)_체크리스트.html", "👉 [클릭] 체크리스트 열기 📄")
A32: 9000 | B32: 9000-2 | C32: 사전토공사 | D32: 9000-2-31 | E32: 9000-2-30 | F32: - | G32: 장비 검수 지원 | H32: D+75일 이후 | I32: 기술안전팀 | J32: 성토 및 사토 운반용 토공장비 검토 | K32: 현장 여건 및 후행공종 요구조건에 적합한 시공계획 작성여부 확인 | L32: 시공계획서 작성지원 | M32: KCS 47 10 25 인계인수 수칙 | 토공-강화노반 시공팀 3자 합동 레벨 측량 | 마무리면 인계인수서 서명 | N32: =HYPERLINK(LEFT(CELL("filename",A1),FIND("[",CELL("filename",A1))-1)&"2.사전토공사\29_현장지원\표준서\현장지원_표준서.html", "👉 [클릭] 표준서 열기 📄") | O32: 1) 토공-강화노반 시공팀 3자 합동 현측 ➔ 2) 마무리면 레벨 오차(±10mm) 확인 ➔ 3) 인계인수 합의서 서명 ➔ 4) 토공 마무리면 인계 완료 | P32: =HYPERLINK(LEFT(CELL("filename",A1),FIND("[",CELL("filename",A1))-1)&"2.사전토공사\29_현장지원\수행지침\현장지원_수행지침.html", "👉 [클릭] 수행지침 열기 📄") | Q32: 토공-강화노반 시공팀 3자 합동 레벨 측량, 마무리면 레벨 오차(±10mm) 인계인수서 서명 | R32: =HYPERLINK(LEFT(CELL("filename",A1),FIND("[",CELL("filename",A1))-1)&"2.사전토공사\29_현장지원\체크리스트\현장지원_체크리스트.html", "👉 [클릭] 체크리스트 열기 📄")

Sheet 지장물이설
A1: L2 코드 | B1: L3 코드 | C1: L3 대공종명 | D1: L4 코드 | E1: 선행 | F1: 후행 | G1: 작업단위 (Level 4 Task/Activity) | H1: 일정 (D-Day) | I1: 주관 | J1: 목적 | K1: 방법 | L1: 산출물(결과) | M1: 표준서 (Standard) 요약 | N1: 표준서 파일 (HTML) | O1: 수행지침 (Guideline) 요약 | P1: 수행지침 파일 (HTML) | Q1: 체크리스트 (Checklist) 요약 | R1: 체크리스트 파일 (HTML) | S1: 비고
A2: 9000 | B2: 9000-3 | C2: 지장물이설 | D2: 9000-3-1 | E2: - | F2: 9000-3-2, 9000-3-3 | G2: Site Survey Risk 검토 | H2: P-30 | I2: 토목국내견적팀 | J2: 지하안전관리에 관한 특별법 제23조 | 현장 지반 조사, GPR 탐사 데이터 및 신설 궤도 간섭 리스크 사전 분석 | 지장물 이설 리스크 관리계획 수립 | K2: 1) 지반 조사 주상도 & GPR 데이터 대조 ➔ 2) 신설 궤도 구조물 간섭 관로 추출 ➔ 3) 기관별 이설 우선순위 수립 ➔ 4) 지장물 리스크 보고서 결재 | L2: 지반 시추 주상도, GPR 3D 지중 관로 탐사 데이터 대조 및 신설 궤도 구조물 간섭 관로 사전 현출 점검 | M2: 지하안전관리에 관한 특별법 제23조 | 현장 지반 조사, GPR 탐사 데이터 및 신설 궤도 간섭 리스크 사전 분석 | 지장물 이설 리스크 관리계획 수립 | N2: =HYPERLINK(LEFT(CELL("filename",A1),FIND("[",CELL("filename",A1))-1)&"3.지장물이설\1_Site Survey Risk 검토\표준서\1_Site Survey Risk 검토_표준서.html", "👉 [클릭] 표준서 열기 📄") | O2: 1) 지반 조사 주상도 & GPR 데이터 대조 ➔ 2) 신설 궤도 구조물 간섭 관로 추출 ➔ 3) 기관별 이설 우선순위 수립 ➔ 4) 지장물 리스크 보고서 결재 | P2: =HYPERLINK(LEFT(CELL("filename",A1),FIND("[",CELL("filename",A1))-1)&"3.지장물이설\1_Site Survey Risk 검토\수행지침\1_Site Survey Risk 검토_수행지침.html", "👉 [클릭] 수행지침 열기 📄") | Q2: 지반 시추 주상도, GPR 3D 지중 관로 탐사 데이터 대조 및 신설 궤도 구조물 간섭 관로 사전 현출 점검 | R2: =HYPERLINK(LEFT(CELL("filename",A1),FIND("[",CELL("filename",A1))-1)&"3.지장물이설\1_Site Survey Risk 검토\체크리스트\1_Site Survey Risk 검토_체크리스트.html", "👉 [클릭] 체크리스트 열기 📄")
A3: 9000 | B3: 9000-3 | C3: 지장물이설 | D3: 9000-3-2 | E3: 9000-3-1 | F3: 9000-3-4 | G3: 발주전략 KOM (도급지분) | H3: P+0 | I3: 현장소장 | J3: KCS 47 10 25 시방 준수 | 도급분 지장물 이설 발주 시방서 검토 & 3D BIM 도면 대조 | 발주처·감리·시공 3자 킥오프 미팅 결재 | K3: 1) 도급분 이설 시방서 요구조건 검토 ➔ 2) 3D BIM 도면 관로 좌표 대조 ➔ 3) 공기 지연 예비비 수립 ➔ 4) 발주·감리·시공 3자 킥오프 결재 | L3: KCS 47 10 25 시방 요구조건, 도급분 지장물 이설 수량 및 3D BIM 도면 간섭 zero 검증 | M3: KCS 47 10 25 시방 준수 | 도급분 지장물 이설 발주 시방서 검토 & 3D BIM 도면 대조 | 발주처·감리·시공 3자 킥오프 미팅 결재 | N3: =HYPERLINK(LEFT(CELL("filename",A1),FIND("[",CELL("filename",A1))-1)&"3.지장물이설\2_발주전략 KOM (도급지분)\표준서\2_발주전략 KOM (도급지분)_표준서.html", "👉 [클릭] 표준서 열기 📄") | O3: 1) 도급분 이설 시방서 요구조건 검토 ➔ 2) 3D BIM 도면 관로 좌표 대조 ➔ 3) 공기 지연 예비비 수립 ➔ 4) 발주·감리·시공 3자 킥오프 결재 | P3: =HYPERLINK(LEFT(CELL("filename",A1),FIND("[",CELL("filename",A1))-1)&"3.지장물이설\2_발주전략 KOM (도급지분)\수행지침\2_발주전략 KOM (도급지분)_수행지침.html", "👉 [클릭] 수행지침 열기 📄") | Q3: KCS 47 10 25 시방 요구조건, 도급분 지장물 이설 수량 및 3D BIM 도면 간섭 zero 검증 | R3: =HYPERLINK(LEFT(CELL("filename",A1),FIND("[",CELL("filename",A1))-1)&"3.지장물이설\2_발주전략 KOM (도급지분)\체크리스트\2_발주전략 KOM (도급지분)_체크리스트.html", "👉 [클릭] 체크리스트 열기 📄")
A4: 9000 | B4: 9000-3 | C4: 지장물이설 | D4: 9000-3-3 | E4: 9000-3-1 | F4: 9000-3-5 | G4: 지장물 이설 요청 (위수탁고) | H4: P+0 | I4: 공사팀 / 발주기관 | J4: 지방계약법 및 관할 점용기관 규정 | 위수탁 지장물 이설 협약서 작성 & 공문 발송 | 기관별 이설 소요 기간 및 예산 확보 | K4: 1) 관할 점용기관 이설 요청 공문 작성 ➔ 2) 이설 협약서 정산 조건 수속 ➔ 3) 기관별 이설 소요 기간 협의 ➔ 4) 위수탁 이설 확약 공문 수령 | L4: 위수탁 이설 요청 공문 부착, 점용기관 협약 조건 수속 및 이설 예비비 계상 서약 | M4: 지방계약법 및 관할 점용기관 규정 | 위수탁 지장물 이설 협약서 작성 & 공문 발송 | 기관별 이설 소요 기간 및 예산 확보 | N4: =HYPERLINK(LEFT(CELL("filename",A1),FIND("[",CELL("filename",A1))-1)&"3.지장물이설\2_발주전적 KOM (도급지분)\표준서\발주전적 KOM (도급지분)_표준서.html", "👉 [클릭] 표준서 열기 📄") | O4: 1) 관할 점용기관 이설 요청 공문 작성 ➔ 2) 이설 협약서 정산 조건 수속 ➔ 3) 기관별 이설 소요 기간 협의 ➔ 4) 위수탁 이설 확약 공문 수령 | P4: =HYPERLINK(LEFT(CELL("filename",A1),FIND("[",CELL("filename",A1))-1)&"3.지장물이설\2_발주전적 KOM (도급지분)\수행지침\발주전적 KOM (도급지분)_수행지침.html", "👉 [클릭] 수행지침 열기 📄") | Q4: 위수탁 이설 요청 공문 부착, 점용기관 협약 조건 수속 및 이설 예비비 계상 서약 | R4: =HYPERLINK(LEFT(CELL("filename",A1),FIND("[",CELL("filename",A1))-1)&"3.지장물이설\2_발주전적 KOM (도급지분)\체크리스트\발주전적 KOM (도급지분)_체크리스트.html", "👉 [클릭] 체크리스트 열기 📄")
A5: 9000 | B5: 9000-3 | C5: 지장물이설 | D5: 9000-3-4 | E5: 9000-3-2 | F5: 9000-3-5, 9000-3-6 | G5: 도급자분 이설업체 선정(상/하수) | H5: P+5 | I5: 현장소장 | J5: 건설산업기본법 제29조 | 상하수도 설비 전문건설업 면허 및 적정성(≥ 82%) 평가 | 노무비 전용계좌 지정 및 계약 승인 | K5: 1) 상하수도 전문건설업 면허 심사 ➔ 2) 하도급 적정성(≥ 82%) 평가 ➔ 3) 노무비 전용계좌 개설 ➔ 4) 하도급 계약 승인 통보서 결재 | L5: 상하수도 전문건설업 면허/실적 심사, 하도급 적정성 평가(≥ 82%) 및 노무비 전용계좌 지정 | M5: 건설산업기본법 제29조 | 상하수도 설비 전문건설업 면허 및 적정성(≥ 82%) 평가 | 노무비 전용계좌 지정 및 계약 승인 | N5: =HYPERLINK(LEFT(CELL("filename",A1),FIND("[",CELL("filename",A1))-1)&"3.지장물이설\3_지장물 이설 요청 (위수탁고)\표준서\3_지장물 이설 요청 (위수탁고)_표준서.html", "👉 [클릭] 표준서 열기 📄") | O5: 1) 상하수도 전문건설업 면허 심사 ➔ 2) 하도급 적정성(≥ 82%) 평가 ➔ 3) 노무비 전용계좌 개설 ➔ 4) 하도급 계약 승인 통보서 결재 | P5: =HYPERLINK(LEFT(CELL("filename",A1),FIND("[",CELL("filename",A1))-1)&"3.지장물이설\3_지장물 이설 요청 (위수탁고)\수행지침\3_지장물 이설 요청 (위수탁고)_수행지침.html", "👉 [클릭] 수행지침 열기 📄") | Q5: 상하수도 전문건설업 면허/실적 심사, 하도급 적정성 평가(≥ 82%) 및 노무비 전용계좌 지정 | R5: =HYPERLINK(LEFT(CELL("filename",A1),FIND("[",CELL("filename",A1))-1)&"3.지장물이설\3_지장물 이설 요청 (위수탁고)\체크리스트\3_지장물 이설 요청 (위수탁고)_체크리스트.html", "👉 [클릭] 체크리스트 열기 📄")
A6: 9000 | B6: 9000-3 | C6: 지장물이설 | D6: 9000-3-5 | E6: 9000-3-3, 9000-3-4 | F6: 9000-3-7, 9000-3-8 | G6: 지장물 조사 (위탁기관 합동) | H6: P+10 | I6: 현장 공사팀 | J6: 본 과업은 트램 선로 굴착 예정 구간 내 매설된 한국전력, 도시가스, 상하수도, 통신 관로 등 지하 지장물의 정확한 매설 위치, 관경, 매설 깊이를 관할 점용기관과 1:1 현장 합동으로 정밀 실측·조사하여 3D BIM 간섭 모델을 구축하는 것을 목적으로 함. | K6: 1) 한전/가스/수자원공사 1:1 현장 입회 ➔ 2) 관로 위치, 관경(mm), 깊이 현측 ➔ 3) 3D BIM 매설 관로 매핑 ➔ 4) 지장물 조사서 감리 서면 승인 | L6: 한국전력, 도시가스, 수자원공사 1:1 현장 입회 및 지하 매설물 관경(mm), 심도 깊이 3D BIM 매핑 | M6: 본 과업은 트램 선로 굴착 예정 구간 내 매설된 한국전력, 도시가스, 상하수도, 통신 관로 등 지하 지장물의 정확한 매설 위치, 관경, 매설 깊이를 관할 점용기관과 1:1 현장 합동으로 정밀 실측·조사하여 3D BIM 간섭 모델을 구축하는 것을 목적으로 함. | N6: =HYPERLINK(LEFT(CELL("filename",A1),FIND("[",CELL("filename",A1))-1)&"3.지장물이설\4_도급자분 이설업체 선정(상_하수)\표준서\4_도급자분 이설업체 선정(상_하수)_표준서.html", "👉 [클릭] 표준서 열기 📄") | O6: 1) 한전/가스/수자원공사 1:1 현장 입회 ➔ 2) 관로 위치, 관경(mm), 깊이 현측 ➔ 3) 3D BIM 매설 관로 매핑 ➔ 4) 지장물 조사서 감리 서면 승인 | P6: =HYPERLINK(LEFT(CELL("filename",A1),FIND("[",CELL("filename",A1))-1)&"3.지장물이설\4_도급자분 이설업체 선정(상_하수)\수행지침\4_도급자분 이설업체 선정(상_하수)_수행지침.html", "👉 [클릭] 수행지침 열기 📄") | Q6: 한국전력, 도시가스, 수자원공사 1:1 현장 입회 및 지하 매설물 관경(mm), 심도 깊이 3D BIM 매핑 | R6: =HYPERLINK(LEFT(CELL("filename",A1),FIND("[",CELL("filename",A1))-1)&"3.지장물이설\4_도급자분 이설업체 선정(상_하수)\체크리스트\4_도급자분 이설업체 선정(상_하수)_체크리스트.html", "👉 [클릭] 체크리스트 열기 📄")
A7: 9000 | B7: 9000-3 | C7: 지장물이설 | D7: 9000-3-6 | E7: 9000-3-4 | F7: 9000-3-8 | G7: 지장물 이설 계획 수립 | H7: P+15 | I7: 현장 공사팀 | J7: 본 과업은 현장 실측된 지장물 조사 결과를 바탕으로 공정 간섭을 최소화하는 이설 순서, 가설 방호 공법, 임시 도로 우회 계획을 수립하고, 시공 착수 전 책임감리단의 서면 기술 승인을 확보하는 것을 목적으로 함. | K7: 1) 지장물 이설 공정표 수립 ➔ 2) 가설 매달기 방호 & 우회 차선 설계 ➔ 3) 착공 14일 전 감리단 제출 ➔ 4) 이설 계획서 책임감리원 승인 | L7: 지장물 이설 공정표 수립, 가설 매달기 방호/우회 차선 설계 및 착공 14일 전 감리 서면 승인 | M7: 본 과업은 현장 실측된 지장물 조사 결과를 바탕으로 공정 간섭을 최소화하는 이설 순서, 가설 방호 공법, 임시 도로 우회 계획을 수립하고, 시공 착수 전 책임감리단의 서면 기술 승인을 확보하는 것을 목적으로 함. | N7: =HYPERLINK(LEFT(CELL("filename",A1),FIND("[",CELL("filename",A1))-1)&"3.지장물이설\4_최고의 팀 만들기 지원\표준서\최고의 팀 만들기 지원_표준서.html", "👉 [클릭] 표준서 열기 📄") | O7: 1) 지장물 이설 공정표 수립 ➔ 2) 가설 매달기 방호 & 우회 차선 설계 ➔ 3) 착공 14일 전 감리단 제출 ➔ 4) 이설 계획서 책임감리원 승인 | P7: =HYPERLINK(LEFT(CELL("filename",A1),FIND("[",CELL("filename",A1))-1)&"3.지장물이설\4_최고의 팀 만들기 지원\수행지침\수행지침.html", "👉 [클릭] 수행지침 열기 📄") | Q7: 지장물 이설 공정표 수립, 가설 매달기 방호/우회 차선 설계 및 착공 14일 전 감리 서면 승인 | R7: =HYPERLINK(LEFT(CELL("filename",A1),FIND("[",CELL("filename",A1))-1)&"3.지장물이설\4_최고의 팀 만들기 지원\체크리스트\최고의 팀 만들기 지원_체크리스트.html", "👉 [클릭] 체크리스트 열기 📄")
A8: 9000 | B8: 9000-3 | C8: 지장물이설 | D8: 9000-3-7 | E8: 9000-3-5 | F8: 9000-3-9, 9000-3-10 | G8: 최고의 팀 만들기 지원 | H8: P+20 | I8: 외주관리팀 | J8: 본 과업은 지장물 이설 공사 관련 시공사, 감리단, 유관 점용기관 간 전담 기술 조직을 배치하고 수시 협의 체계를 마련하여, 현장 돌발 간섭 및 인허가 지연 이슈를 신속히 해결하고 안전 공정을 준수하는 것을 목적으로 함. | K8: 1) 지장물 전담 기술자 1:1 배치 ➔ 2) 3자 주간 소통 회의 개최 ➔ 3) 근로자 환경 개선 & TBM ➔ 4) One-Team 조직표 감리 서면 승인 | L8: 지장물 전담 기술자 1:1 현장 배치, 발주·감리·시공 3자 주간 소통 회의 및 일일 TBM/음주 측정(0.00%) | M8: 본 과업은 지장물 이설 공사 관련 시공사, 감리단, 유관 점용기관 간 전담 기술 조직을 배치하고 수시 협의 체계를 마련하여, 현장 돌발 간섭 및 인허가 지연 이슈를 신속히 해결하고 안전 공정을 준수하는 것을 목적으로 함. | N8: =HYPERLINK(LEFT(CELL("filename",A1),FIND("[",CELL("filename",A1))-1)&"3.지장물이설\5_지장물 조사 (위탁기관 합동)\표준서\5_지장물 조사 (위탁기관 합동)_표준서.html", "👉 [클릭] 표준서 열기 📄") | O8: 1) 지장물 전담 기술자 1:1 배치 ➔ 2) 3자 주간 소통 회의 개최 ➔ 3) 근로자 환경 개선 & TBM ➔ 4) One-Team 조직표 감리 서면 승인 | P8: =HYPERLINK(LEFT(CELL("filename",A1),FIND("[",CELL("filename",A1))-1)&"3.지장물이설\5_지장물 조사 (위탁기관 합동)\수행지침\5_지장물 조사 (위탁기관 합동)_수행지침.html", "👉 [클릭] 수행지침 열기 📄") | Q8: 지장물 전담 기술자 1:1 현장 배치, 발주·감리·시공 3자 주간 소통 회의 및 일일 TBM/음주 측정(0.00%) | R8: =HYPERLINK(LEFT(CELL("filename",A1),FIND("[",CELL("filename",A1))-1)&"3.지장물이설\5_지장물 조사 (위탁기관 합동)\체크리스트\5_지장물 조사 (위탁기관 합동)_체크리스트.html", "👉 [클릭] 체크리스트 열기 📄")
A9: 9000 | B9: 9000-3 | C9: 지장물이설 | D9: 9000-3-8 | E9: 9000-3-5, 9000-3-6 | F9: 9000-3-11 | G9: 착수전 Big Room 회의 | H9: D-60 | I9: 현장소장 | J9: 본 과업은 지장물 이설 착수 전 발주처, 감리단, 관할 지자체, 점용기관, 시공사 합동으로 3D BIM 기반 Big Room 회의를 개최하여, 공정 마일스톤 연동 및 시공 위험 요소를 사전에 상호 검증·확정하는 것을 목적으로 함. | K9: 1) 4자(발주·감리·지자체·시공) 빅룸 결성 ➔ 2) 지장물 이설 마일스톤 연동 ➔ 3) 간섭 리스크 즉시 해소 ➔ 4) 빅룸 회의록 4자 서명 완수 | L9: 4자(발주·감리·지자체·시공) 빅룸 회의 결성, 지장물 간섭 Zero 및 마일스톤 연동 회의록 서명 | M9: 본 과업은 지장물 이설 착수 전 발주처, 감리단, 관할 지자체, 점용기관, 시공사 합동으로 3D BIM 기반 Big Room 회의를 개최하여, 공정 마일스톤 연동 및 시공 위험 요소를 사전에 상호 검증·확정하는 것을 목적으로 함. | N9: =HYPERLINK(LEFT(CELL("filename",A1),FIND("[",CELL("filename",A1))-1)&"3.지장물이설\5_착수전 Big Room 회의\표준서\착수전 Big Room 회의_표준서.html", "👉 [클릭] 표준서 열기 📄") | O9: 1) 4자(발주·감리·지자체·시공) 빅룸 결성 ➔ 2) 지장물 이설 마일스톤 연동 ➔ 3) 간섭 리스크 즉시 해소 ➔ 4) 빅룸 회의록 4자 서명 완수 | P9: =HYPERLINK(LEFT(CELL("filename",A1),FIND("[",CELL("filename",A1))-1)&"3.지장물이설\5_착수전 Big Room 회의\수행지침\수행지침.html", "👉 [클릭] 수행지침 열기 📄") | Q9: 4자(발주·감리·지자체·시공) 빅룸 회의 결성, 지장물 간섭 Zero 및 마일스톤 연동 회의록 서명 | R9: =HYPERLINK(LEFT(CELL("filename",A1),FIND("[",CELL("filename",A1))-1)&"3.지장물이설\5_착수전 Big Room 회의\체크리스트\착수전 Big Room 회의_체크리스트.html", "👉 [클릭] 체크리스트 열기 📄")
A10: 9000 | B10: 9000-3 | C10: 지장물이설 | D10: 9000-3-9 | E10: 9000-3-7 | F10: 9000-3-12, 9000-3-13 | G10: 인허가 절차 진행 | H10: D-50 | I10: 현장 공무팀 | J10: 본 과업은 도로법, 하천법 등 관련 법령에 의거하여 지자체 및 관할 관청에 도로점용, 하천점용 등 법정 인허가 신청 도서를 작성·접수하고 정식 인허가 필증을 수속하여 법적 공사 착수 여건을 완비하는 것을 목적으로 함. | K10: 1) 지자체 도로/하천점용 허가서 작성 ➔ 2) 관련 부서 서류 제출 & 심의 ➔ 3) 보증보험 증권 부착 ➔ 4) 법정 인허가 필증 감리 수속 | L10: 지자체 도로점용 허가 & 하천점용 허가서 수속, 보증보험 증권 제출 및 법정 인허가 필증 검수 | M10: 본 과업은 도로법, 하천법 등 관련 법령에 의거하여 지자체 및 관할 관청에 도로점용, 하천점용 등 법정 인허가 신청 도서를 작성·접수하고 정식 인허가 필증을 수속하여 법적 공사 착수 여건을 완비하는 것을 목적으로 함. | N10: =HYPERLINK(LEFT(CELL("filename",A1),FIND("[",CELL("filename",A1))-1)&"3.지장물이설\6_관리기관(맑은물사업소) 협의\표준서\관리기관(맑은물사업소) 협의_표준서.html", "👉 [클릭] 표준서 열기 📄") | O10: 1) 지자체 도로/하천점용 허가서 작성 ➔ 2) 관련 부서 서류 제출 & 심의 ➔ 3) 보증보험 증권 부착 ➔ 4) 법정 인허가 필증 감리 수속 | P10: =HYPERLINK(LEFT(CELL("filename",A1),FIND("[",CELL("filename",A1))-1)&"3.지장물이설\6_관리기관(맑은물사업소) 협의\수행지침\관리기관(맑은물사업소) 협의_수행지침.html", "👉 [클릭] 수행지침 열기 📄") | Q10: 지자체 도로점용 허가 & 하천점용 허가서 수속, 보증보험 증권 제출 및 법정 인허가 필증 검수 | R10: =HYPERLINK(LEFT(CELL("filename",A1),FIND("[",CELL("filename",A1))-1)&"3.지장물이설\6_관리기관(맑은물사업소) 협의\체크리스트\관리기관(맑은물사업소) 협의_체크리스트.html", "👉 [클릭] 체크리스트 열기 📄")
A11: 9000 | B11: 9000-3 | C11: 지장물이설 | D11: 9000-3-10 | E11: 9000-3-7 | F11: 9000-3-14 | G11: 교통처리대책 협의 및 승인 | H11: D-45 | I11: 현장 공무팀/안전팀 | J11: 본 과업은 도로 굴착 및 지장물 이설 공사 중 통행 불편 및 교통 사고를 예방하기 위해, 관할 경찰서 교통안전 심의를 거쳐 우회 차선 확보, LED 신호 가설물 배치, 전담 신호수 운용 대책을 정식 승인받는 것을 목적으로 함. | K11: 1) 교통 우회 도면 & 차선 설계 ➔ 2) 동탄경찰서 도로점용 허가 ➔ 3) 전담 신호수(2인 2조) 배치 ➔ 4) 교통소통 대책서 감리 서면 승인 | L11: 동탄경찰서 도로점용 허가, 우회 차선 설계 및 전담 안전 신호수(2인 2조)/LED 경광등 배치 | M11: 본 과업은 도로 굴착 및 지장물 이설 공사 중 통행 불편 및 교통 사고를 예방하기 위해, 관할 경찰서 교통안전 심의를 거쳐 우회 차선 확보, LED 신호 가설물 배치, 전담 신호수 운용 대책을 정식 승인받는 것을 목적으로 함. | N11: =HYPERLINK(LEFT(CELL("filename",A1),FIND("[",CELL("filename",A1))-1)&"3.지장물이설\6_지장물 이설 계획 수립\표준서\지장물 이설 계획 수립_표준서.html", "👉 [클릭] 표준서 열기 📄") | O11: 1) 교통 우회 도면 & 차선 설계 ➔ 2) 동탄경찰서 도로점용 허가 ➔ 3) 전담 신호수(2인 2조) 배치 ➔ 4) 교통소통 대책서 감리 서면 승인 | P11: =HYPERLINK(LEFT(CELL("filename",A1),FIND("[",CELL("filename",A1))-1)&"3.지장물이설\6_지장물 이설 계획 수립\수행지침\수행지침.html", "👉 [클릭] 수행지침 열기 📄") | Q11: 동탄경찰서 도로점용 허가, 우회 차선 설계 및 전담 안전 신호수(2인 2조)/LED 경광등 배치 | R11: =HYPERLINK(LEFT(CELL("filename",A1),FIND("[",CELL("filename",A1))-1)&"3.지장물이설\6_지장물 이설 계획 수립\체크리스트\지장물 이설 계획 수립_체크리스트.html", "👉 [클릭] 체크리스트 열기 📄")
A12: 9000 | B12: 9000-3 | C12: 지장물이설 | D12: 9000-3-11 | E12: 9000-3-8 | F12: 9000-3-13, 9000-3-15 | G12: 민원 저감 대책 수립 | H12: D-40 | I12: 현장 공무팀/민원팀 | J12: 본 과업은 야간 굴착 및 관로 접속 공사에 따른 단수·단전, 소음·진동 민원을 예방하기 위해, 사전 안내 방송, 방음벽 설치, 세륜기 가동 및 전담 민원 대응반을 운용하여 주민 불편을 최소화하는 것을 목적으로 함. | K12: 1) 야간 공사 소음 방음벽(H=3m) 설치 ➔ 2) 세륜기 가동 & 분무 살수 ➔ 3) 단수/단전 사전 주민 공지 ➔ 4) 민원 대응반 서면 승인 | L12: 야간 공사 소음 방음벽(H=3m) 가동, 이동식 세륜기(깊이 1.2m) 가동 및 단수 사전 주민 알림 | M12: 본 과업은 야간 굴착 및 관로 접속 공사에 따른 단수·단전, 소음·진동 민원을 예방하기 위해, 사전 안내 방송, 방음벽 설치, 세륜기 가동 및 전담 민원 대응반을 운용하여 주민 불편을 최소화하는 것을 목적으로 함. | N12: =HYPERLINK(LEFT(CELL("filename",A1),FIND("[",CELL("filename",A1))-1)&"3.지장물이설\7_위수탁 지장물 이설 설계\표준서\위수탁 지장물 이설 설계_표준서.html", "👉 [클릭] 표준서 열기 📄") | O12: 1) 야간 공사 소음 방음벽(H=3m) 설치 ➔ 2) 세륜기 가동 & 분무 살수 ➔ 3) 단수/단전 사전 주민 공지 ➔ 4) 민원 대응반 서면 승인 | P12: =HYPERLINK(LEFT(CELL("filename",A1),FIND("[",CELL("filename",A1))-1)&"3.지장물이설\7_위수탁 지장물 이설 설계\수행지침\수행지침.html", "👉 [클릭] 수행지침 열기 📄") | Q12: 야간 공사 소음 방음벽(H=3m) 가동, 이동식 세륜기(깊이 1.2m) 가동 및 단수 사전 주민 알림 | R12: =HYPERLINK(LEFT(CELL("filename",A1),FIND("[",CELL("filename",A1))-1)&"3.지장물이설\7_위수탁 지장물 이설 설계\체크리스트\위수탁 지장물 이설 설계_체크리스트.html", "👉 [클릭] 체크리스트 열기 📄")
A13: 9000 | B13: 9000-3 | C13: 지장물이설 | D13: 9000-3-12 | E13: 9000-3-9 | F13: 9000-3-16 | G13: 용지보상 Risk 파악 | H13: D-35 | I13: 현장 공무팀 / 토목계약관리팀 | J13: 본 과업은 지장물 이설 작업 부지 내 미보상 사유지나 국공유지 경계를 사전 실측하여, 무단 점용으로 인한 시공 중단 및 법적 분쟁 리스크를 원천 차단하고 우회 부지를 정비하는 것을 목적으로 함. | K13: 1) 미보상 사유지 경계 현출 ➔ 2) 가설 펜스(H=1.8m) 차단 ➔ 3) 3D 우회 토공 동선 수립 ➔ 4) 용지 보상 리스크 대책 승인 | L13: 미보상 사유지 경계 현출, 가설 펜스(H=1.8m) 차단 및 3D 우회 토공 동선 마일스톤 연동 | M13: 본 과업은 지장물 이설 작업 부지 내 미보상 사유지나 국공유지 경계를 사전 실측하여, 무단 점용으로 인한 시공 중단 및 법적 분쟁 리스크를 원천 차단하고 우회 부지를 정비하는 것을 목적으로 함. | N13: =HYPERLINK(LEFT(CELL("filename",A1),FIND("[",CELL("filename",A1))-1)&"3.지장물이설\7_최고의 팀 만들기 지원\표준서\7_최고의 팀 만들기 지원_표준서.html", "👉 [클릭] 표준서 열기 📄") | O13: 1) 미보상 사유지 경계 현출 ➔ 2) 가설 펜스(H=1.8m) 차단 ➔ 3) 3D 우회 토공 동선 수립 ➔ 4) 용지 보상 리스크 대책 승인 | P13: =HYPERLINK(LEFT(CELL("filename",A1),FIND("[",CELL("filename",A1))-1)&"3.지장물이설\7_최고의 팀 만들기 지원\수행지침\7_최고의 팀 만들기 지원_수행지침.html", "👉 [클릭] 수행지침 열기 📄") | Q13: 미보상 사유지 경계 현출, 가설 펜스(H=1.8m) 차단 및 3D 우회 토공 동선 마일스톤 연동 | R13: =HYPERLINK(LEFT(CELL("filename",A1),FIND("[",CELL("filename",A1))-1)&"3.지장물이설\7_최고의 팀 만들기 지원\체크리스트\7_최고의 팀 만들기 지원_체크리스트.html", "👉 [클릭] 체크리스트 열기 📄")
A14: 9000 | B14: 9000-3 | C14: 지장물이설 | D14: 9000-3-13 | E14: 9000-3-9, 9000-3-11 | F14: 9000-3-16, 9000-3-17 | G14: 관리기관(맑은물사업소) 협의 | H14: D-40 | I14: 현장 공무팀 | J14: 본 과업은 상하수도 관로 이설 시 관할 맑은물사업소와의 사전 기술 협의를 통해 수돗물 단수 구간 및 일정을 정밀 조정하고, 신구 관로 접속 설계 도서의 기술적 적정성을 결재받는 것을 목적으로 함. | K14: 1) 맑은물사업소 이설 위치 현측 ➔ 2) 단수 일정(최대 6시간) 협의 ➔ 3) 신구관 접속 도면 검토 ➔ 4) 이설 승인 공문 수령 | L14: 맑은물사업소 합동 이설 위치 검토, 수돗물 단수 일정(최대 6h) 수협 및 신구관 접속 도면 결재 | M14: 본 과업은 상하수도 관로 이설 시 관할 맑은물사업소와의 사전 기술 협의를 통해 수돗물 단수 구간 및 일정을 정밀 조정하고, 신구 관로 접속 설계 도서의 기술적 적정성을 결재받는 것을 목적으로 함. | N14: =HYPERLINK(LEFT(CELL("filename",A1),FIND("[",CELL("filename",A1))-1)&"3.지장물이설\8_상하수도 이설계획 실정보고\표준서\상하수도 이설계획 실정보고_표준서.html", "👉 [클릭] 표준서 열기 📄") | O14: 1) 맑은물사업소 이설 위치 현측 ➔ 2) 단수 일정(최대 6시간) 협의 ➔ 3) 신구관 접속 도면 검토 ➔ 4) 이설 승인 공문 수령 | P14: =HYPERLINK(LEFT(CELL("filename",A1),FIND("[",CELL("filename",A1))-1)&"3.지장물이설\8_상하수도 이설계획 실정보고\수행지침\상하수도 이설계획 실정보고_수행지침.html", "👉 [클릭] 수행지침 열기 📄") | Q14: 맑은물사업소 합동 이설 위치 검토, 수돗물 단수 일정(최대 6h) 수협 및 신구관 접속 도면 결재 | R14: =HYPERLINK(LEFT(CELL("filename",A1),FIND("[",CELL("filename",A1))-1)&"3.지장물이설\8_상하수도 이설계획 실정보고\체크리스트\상하수도 이설계획 실정보고_체크리스트.html", "👉 [클릭] 체크리스트 열기 📄")
A15: 9000 | B15: 9000-3 | C15: 지장물이설 | D15: 9000-3-14 | E15: 9000-3-10 | F15: 9000-3-17 | G15: 위수탁 지장물 이설 설계 | H15: D-40 | I15: 엔지니어링팀/위수탁기관 | J15: 본 과업은 전문 위수탁 기관의 지장물 이설 설계 도서 및 3D BIM 간섭 매핑을 종합 기술 검토하여, 공사비 변경 및 설계 반영의 정합성을 사전 검증하는 것을 목적으로 함. | K15: 1) 위수탁 기관 설계도서 수속 ➔ 2) 3D BIM 간섭 리스크 점검 ➔ 3) 총사업비 변경 수량 검증 ➔ 4) 위수탁 설계도서 감리 승인 | L15: 위수탁 기관 설계도서 기술 검토, 3D BIM 간섭 리스크 점검 및 총사업비 변경 수량 승인 | M15: 본 과업은 전문 위수탁 기관의 지장물 이설 설계 도서 및 3D BIM 간섭 매핑을 종합 기술 검토하여, 공사비 변경 및 설계 반영의 정합성을 사전 검증하는 것을 목적으로 함. | N15: =HYPERLINK(LEFT(CELL("filename",A1),FIND("[",CELL("filename",A1))-1)&"3.지장물이설\8_착수전 Big Room 회의\표준서\8_착수전 Big Room 회의_표준서.html", "👉 [클릭] 표준서 열기 📄") | O15: 1) 위수탁 기관 설계도서 수속 ➔ 2) 3D BIM 간섭 리스크 점검 ➔ 3) 총사업비 변경 수량 검증 ➔ 4) 위수탁 설계도서 감리 승인 | P15: =HYPERLINK(LEFT(CELL("filename",A1),FIND("[",CELL("filename",A1))-1)&"3.지장물이설\8_착수전 Big Room 회의\수행지침\8_착수전 Big Room 회의_수행지침.html", "👉 [클릭] 수행지침 열기 📄") | Q15: 위수탁 기관 설계도서 기술 검토, 3D BIM 간섭 리스크 점검 및 총사업비 변경 수량 승인 | R15: =HYPERLINK(LEFT(CELL("filename",A1),FIND("[",CELL("filename",A1))-1)&"3.지장물이설\8_착수전 Big Room 회의\체크리스트\8_착수전 Big Room 회의_체크리스트.html", "👉 [클릭] 체크리스트 열기 📄")
A16: 9000 | B16: 9000-3 | C16: 지장물이설 | D16: 9000-3-15 | E16: 9000-3-11 | F16: 9000-3-18 | G16: 상하수도 이설계획 실정보고 | H16: D-30 | I16: 현장 공무팀 | J16: 본 과업은 현장 지지층 및 타 매설물과의 이격 거리 확보에 따라 발생하는 공법 변경 및 수량 증감 사항에 대해 책임감리단에 실정보고서를 제출하고 서면 결재를 획득하는 것을 목적으로 함. | K16: 1) 현장 지장물 현출 실정보고 작성 ➔ 2) 공법 변경 & 수량 증감 산출 ➔ 3) 기술 검토 의견서 첨부 ➔ 4) 실정보고서 감리 서면 승인 | L16: 현장 지장물 현출 실정보고서 작성, 공법 변경 및 수량 증감 산출 책임감리원 승인 | M16: 본 과업은 현장 지지층 및 타 매설물과의 이격 거리 확보에 따라 발생하는 공법 변경 및 수량 증감 사항에 대해 책임감리단에 실정보고서를 제출하고 서면 결재를 획득하는 것을 목적으로 함. | N16: =HYPERLINK(LEFT(CELL("filename",A1),FIND("[",CELL("filename",A1))-1)&"3.지장물이설\9_위수탁 계약 체결\표준서\위수탁 계약 체결_표준서.html", "👉 [클릭] 표준서 열기 📄") | O16: 1) 현장 지장물 현출 실정보고 작성 ➔ 2) 공법 변경 & 수량 증감 산출 ➔ 3) 기술 검토 의견서 첨부 ➔ 4) 실정보고서 감리 서면 승인 | P16: =HYPERLINK(LEFT(CELL("filename",A1),FIND("[",CELL("filename",A1))-1)&"3.지장물이설\9_위수탁 계약 체결\수행지침\수행지침.html", "👉 [클릭] 수행지침 열기 📄") | Q16: 현장 지장물 현출 실정보고서 작성, 공법 변경 및 수량 증감 산출 책임감리원 승인 | R16: =HYPERLINK(LEFT(CELL("filename",A1),FIND("[",CELL("filename",A1))-1)&"3.지장물이설\9_위수탁 계약 체결\체크리스트\위수탁 계약 체결_체크리스트.html", "👉 [클릭] 체크리스트 열기 📄")
A17: 9000 | B17: 9000-3 | C17: 지장물이설 | D17: 9000-3-16 | E17: 9000-3-12, 9000-3-13 | F17: 9000-3-19, 9000-3-20 | G17: 위수탁 계약 체결 | H17: D-25 | I17: 현장 공무팀 / 발주처 | J17: 본 과업은 전문 점용기관(한전, 가스공사, 수자원공사 등)과 지장물 이설 공사비 분담금, 정산 조건, 공기 이행에 관한 정식 위수탁 협약을 체결하여 법적 공사 이행 기반을 다지는 것을 목적으로 함. | K17: 1) 관할 점용기관 협약 조건 수속 ➔ 2) 정산 분담금 & 예비비 협의 ➔ 3) 위수탁 계약서 작성 ➔ 4) 위수탁 이설 계약 체결 승인 | L17: 관할 점용기관 위수탁 이설 협약서 체결, 공사비 분담금 및 예비비 계상 합의 서약 | M17: 본 과업은 전문 점용기관(한전, 가스공사, 수자원공사 등)과 지장물 이설 공사비 분담금, 정산 조건, 공기 이행에 관한 정식 위수탁 협약을 체결하여 법적 공사 이행 기반을 다지는 것을 목적으로 함. | N17: =HYPERLINK(LEFT(CELL("filename",A1),FIND("[",CELL("filename",A1))-1)&"3.지장물이설\9_인허가 절차 진행\표준서\9_인허가 절차 진행_표준서.html", "👉 [클릭] 표준서 열기 📄") | O17: 1) 관할 점용기관 협약 조건 수속 ➔ 2) 정산 분담금 & 예비비 협의 ➔ 3) 위수탁 계약서 작성 ➔ 4) 위수탁 이설 계약 체결 승인 | P17: =HYPERLINK(LEFT(CELL("filename",A1),FIND("[",CELL("filename",A1))-1)&"3.지장물이설\9_인허가 절차 진행\수행지침\9_인허가 절차 진행_수행지침.html", "👉 [클릭] 수행지침 열기 📄") | Q17: 관할 점용기관 위수탁 이설 협약서 체결, 공사비 분담금 및 예비비 계상 합의 서약 | R17: =HYPERLINK(LEFT(CELL("filename",A1),FIND("[",CELL("filename",A1))-1)&"3.지장물이설\9_인허가 절차 진행\체크리스트\9_인허가 절차 진행_체크리스트.html", "👉 [클릭] 체크리스트 열기 📄")
A18: 9000 | B18: 9000-3 | C18: 지장물이설 | D18: 9000-3-17 | E18: 9000-3-13, 9000-3-14 | F18: 9000-3-20, 9000-3-21 | G18: 도로점용/굴착행위 인허가 | H18: D+0 | I18: 현장 공무팀/공사팀 | J18: 본 과업은 공사 구역 도로 굴착을 위해 관할 지자체에 도로 굴착 행위 허가 신청을 접수하고, 도로 복구 보증보험 증권 제출 등 관계 법령상 행위 허가를 완수하는 것을 목적으로 함. | K18: 1) 도로 굴착 허가 신청서 작성 ➔ 2) 지자체 도로굴착 심의 필 ➔ 3) 복구 보증보험 증권 제출 ➔ 4) 도로 굴착 허가증 감리 결재 | L18: 지자체 도로 굴착 허가 신청서 접수, 심의 필증 수령 및 도로 복구 보증보험 증권 제출 | M18: 본 과업은 공사 구역 도로 굴착을 위해 관할 지자체에 도로 굴착 행위 허가 신청을 접수하고, 도로 복구 보증보험 증권 제출 등 관계 법령상 행위 허가를 완수하는 것을 목적으로 함. | N18: =HYPERLINK(LEFT(CELL("filename",A1),FIND("[",CELL("filename",A1))-1)&"3.지장물이설\10_교통처리대책 협의 및 승인\표준서\10_교통처리대책 협의 및 승인_표준서.html", "👉 [클릭] 표준서 열기 📄") | O18: 1) 도로 굴착 허가 신청서 작성 ➔ 2) 지자체 도로굴착 심의 필 ➔ 3) 복구 보증보험 증권 제출 ➔ 4) 도로 굴착 허가증 감리 결재 | P18: =HYPERLINK(LEFT(CELL("filename",A1),FIND("[",CELL("filename",A1))-1)&"3.지장물이설\10_교통처리대책 협의 및 승인\수행지침\10_교통처리대책 협의 및 승인_수행지침.html", "👉 [클릭] 수행지침 열기 📄") | Q18: 지자체 도로 굴착 허가 신청서 접수, 심의 필증 수령 및 도로 복구 보증보험 증권 제출 | R18: =HYPERLINK(LEFT(CELL("filename",A1),FIND("[",CELL("filename",A1))-1)&"3.지장물이설\10_교통처리대책 협의 및 승인\체크리스트\10_교통처리대책 협의 및 승인_체크리스트.html", "👉 [클릭] 체크리스트 열기 📄")
A19: 9000 | B19: 9000-3 | C19: 지장물이설 | D19: 9000-3-18 | E19: 9000-3-15 | F19: 9000-3-21, 9000-3-22 | G19: 교통통제 및 교통안전시설 설치 | H19: D+0 | I19: 현장 안전팀/공사팀 | J19: 본 과업은 굴착 작업 구간 주변의 차량 및 보행자 안전을 확보하기 위해, 안전 바리케이트, 휀스, LED 쏠라등을 부설하고 정비된 전담 신호수를 현장에 100% 배치하는 것을 목적으로 함. | K19: 1) 굴착 구간 안전 바리케이트 부설 ➔ 2) 야간 LED 경광등 & 표지판 설치 ➔ 3) 전담 신호수(2인 2조) 배치 ➔ 4) 교통 안전 점검 대장 결재 | L19: 굴착 구간 안전 바리케이트 부설, 야간 LED 경광등 설치 및 전담 신호수(2인 2조) 배치 | M19: 본 과업은 굴착 작업 구간 주변의 차량 및 보행자 안전을 확보하기 위해, 안전 바리케이트, 휀스, LED 쏠라등을 부설하고 정비된 전담 신호수를 현장에 100% 배치하는 것을 목적으로 함. | N19: =HYPERLINK(LEFT(CELL("filename",A1),FIND("[",CELL("filename",A1))-1)&"3.지장물이설\10_도로점용_굴착행위 인허가\표준서\도로점용_굴착행위 인허가_표준서.html", "👉 [클릭] 표준서 열기 📄") | O19: 1) 굴착 구간 안전 바리케이트 부설 ➔ 2) 야간 LED 경광등 & 표지판 설치 ➔ 3) 전담 신호수(2인 2조) 배치 ➔ 4) 교통 안전 점검 대장 결재 | P19: =HYPERLINK(LEFT(CELL("filename",A1),FIND("[",CELL("filename",A1))-1)&"3.지장물이설\10_도로점용_굴착행위 인허가\수행지침\도로점용_굴착행위 인허가_수행지침.html", "👉 [클릭] 수행지침 열기 📄") | Q19: 굴착 구간 안전 바리케이트 부설, 야간 LED 경광등 설치 및 전담 신호수(2인 2조) 배치 | R19: =HYPERLINK(LEFT(CELL("filename",A1),FIND("[",CELL("filename",A1))-1)&"3.지장물이설\10_도로점용_굴착행위 인허가\체크리스트\도로점용_굴착행위 인허가_체크리스트.html", "👉 [클릭] 체크리스트 열기 📄")
A20: 9000 | B20: 9000-3 | C20: 지장물이설 | D20: 9000-3-19 | E20: 9000-3-16 | F20: 9000-3-23 | G20: 줄따기(GPR)를 통한 기존 지장물 매설 확인 | H20: D+1 | I20: 현장 공무팀/공사팀 | J20: 본 과업은 굴착 중 기존 지하 관로의 충격·파손 사고를 근본적으로 예방하기 위해, GPR 3D 탐사 후 인력 시탐 줄파기(깊이 1.5m)를 수행하여 관로 실체를 눈으로 확인하고 위치 표시판을 비치하는 것을 목적으로 함. | K20: 1) GPR 3D 지중 관로 탐사 ➔ 2) 인력 시탐 줄파기(깊이 1.5m) ➔ 3) 실체 관로 노출 & 위치 매핑 ➔ 4) 지장물 현측표 감리 서면 승인 | L20: GPR 3D 지중 관로 탐사, 인력 시탐 줄파기(폭 0.5m, 깊이 1.5m) 및 실체 관로 노출 매핑 | M20: 본 과업은 굴착 중 기존 지하 관로의 충격·파손 사고를 근본적으로 예방하기 위해, GPR 3D 탐사 후 인력 시탐 줄파기(깊이 1.5m)를 수행하여 관로 실체를 눈으로 확인하고 위치 표시판을 비치하는 것을 목적으로 함. | N20: =HYPERLINK(LEFT(CELL("filename",A1),FIND("[",CELL("filename",A1))-1)&"3.지장물이설\11_교통통제 및 교통안전시설 설치\표준서\교통통제 및 교통안전시설 설치_표준서.html", "👉 [클릭] 표준서 열기 📄") | O20: 1) GPR 3D 지중 관로 탐사 ➔ 2) 인력 시탐 줄파기(깊이 1.5m) ➔ 3) 실체 관로 노출 & 위치 매핑 ➔ 4) 지장물 현측표 감리 서면 승인 | P20: =HYPERLINK(LEFT(CELL("filename",A1),FIND("[",CELL("filename",A1))-1)&"3.지장물이설\11_교통통제 및 교통안전시설 설치\수행지침\교통통제 및 교통안전시설 설치_수행지침.html", "👉 [클릭] 수행지침 열기 📄") | Q20: GPR 3D 지중 관로 탐사, 인력 시탐 줄파기(폭 0.5m, 깊이 1.5m) 및 실체 관로 노출 매핑 | R20: =HYPERLINK(LEFT(CELL("filename",A1),FIND("[",CELL("filename",A1))-1)&"3.지장물이설\11_교통통제 및 교통안전시설 설치\체크리스트\교통통제 및 교통안전시설 설치_체크리스트.html", "👉 [클릭] 체크리스트 열기 📄")
A21: 9000 | B21: 9000-3 | C21: 지장물이설 | D21: 9000-3-20 | E21: 9000-3-16, 9000-3-17 | F21: 9000-3-23, 9000-3-24 | G21: 이설 위치 토공 굴착 | H21: D+3 | I21: 현장 공사팀 | J21: 본 과업은 신규 관로가 매설될 구역의 비탈면 경사(1:1.5) 준수 및 흙막이 가설재를 안전하게 설치하고, 굴착 바닥 원지반 지반반력계수를 시험·검측하는 것을 목적으로 함. | K21: 1) 굴착 비탈면 경사(1:1.5) 측량 ➔ 2) 굴착 & 흙막이 가설재 부설 ➔ 3) 바닥 원지반 K30(≥70) 검측 ➔ 4) 굴착 완료 성과표 감리 승인 | L21: 굴착 비탈면 경사(1:1.5 이하) 측량, 흙막이 가설재 부설 및 바닥 원지반 K30 ≥ 70 지비력 검측 | M21: 본 과업은 신규 관로가 매설될 구역의 비탈면 경사(1:1.5) 준수 및 흙막이 가설재를 안전하게 설치하고, 굴착 바닥 원지반 지반반력계수를 시험·검측하는 것을 목적으로 함. | N21: =HYPERLINK(LEFT(CELL("filename",A1),FIND("[",CELL("filename",A1))-1)&"3.지장물이설\11_민원 저감 대책 수립\표준서\11_민원 저감 대책 수립_표준서.html", "👉 [클릭] 표준서 열기 📄") | O21: 1) 굴착 비탈면 경사(1:1.5) 측량 ➔ 2) 굴착 & 흙막이 가설재 부설 ➔ 3) 바닥 원지반 K30(≥70) 검측 ➔ 4) 굴착 완료 성과표 감리 승인 | P21: =HYPERLINK(LEFT(CELL("filename",A1),FIND("[",CELL("filename",A1))-1)&"3.지장물이설\11_민원 저감 대책 수립\수행지침\11_민원 저감 대책 수립_수행지침.html", "👉 [클릭] 수행지침 열기 📄") | Q21: 굴착 비탈면 경사(1:1.5 이하) 측량, 흙막이 가설재 부설 및 바닥 원지반 K30 ≥ 70 지비력 검측 | R21: =HYPERLINK(LEFT(CELL("filename",A1),FIND("[",CELL("filename",A1))-1)&"3.지장물이설\11_민원 저감 대책 수립\체크리스트\11_민원 저감 대책 수립_체크리스트.html", "👉 [클릭] 체크리스트 열기 📄")
A22: 9000 | B22: 9000-3 | C22: 지장물이설 | D22: 9000-3-21 | E22: 9000-3-17, 9000-3-18 | F22: 9000-3-24, 9000-3-25 | G22: 신규관로 매설 및 설치 | H22: D+5 | I22: 현장 공사팀 / 전문협력사 | J22: 본 과업은 시방 규격에 부합하는 신규 상하수도·가스관을 부설하고 바닥 모래 기초(두께 10cm)를 시공하여, 관로 경사 및 수평 위치의 정확도를 확보하는 것을 목적으로 함. | K22: 1) 관로 모래 기초(10cm) 부설 ➔ 2) 신규 상하수도관/가스관 부설 ➔ 3) 관로 종단 구배(≥0.5%) 검측 ➔ 4) 신규 관로 부설 감리 서면 승인 | L22: 관로 모래 기초(두께 10cm) 부설, 신규 상하수도관/가스관 부설 및 종단 구배(≥ 0.5%) 검측 | M22: 본 과업은 시방 규격에 부합하는 신규 상하수도·가스관을 부설하고 바닥 모래 기초(두께 10cm)를 시공하여, 관로 경사 및 수평 위치의 정확도를 확보하는 것을 목적으로 함. | N22: =HYPERLINK(LEFT(CELL("filename",A1),FIND("[",CELL("filename",A1))-1)&"3.지장물이설\12_용지보상 Risk 파악\표준서\12_용지보상 Risk 파악_표준서.html", "👉 [클릭] 표준서 열기 📄") | O22: 1) 관로 모래 기초(10cm) 부설 ➔ 2) 신규 상하수도관/가스관 부설 ➔ 3) 관로 종단 구배(≥0.5%) 검측 ➔ 4) 신규 관로 부설 감리 서면 승인 | P22: =HYPERLINK(LEFT(CELL("filename",A1),FIND("[",CELL("filename",A1))-1)&"3.지장물이설\12_용지보상 Risk 파악\수행지침\12_용지보상 Risk 파악_수행지침.html", "👉 [클릭] 수행지침 열기 📄") | Q22: 관로 모래 기초(두께 10cm) 부설, 신규 상하수도관/가스관 부설 및 종단 구배(≥ 0.5%) 검측 | R22: =HYPERLINK(LEFT(CELL("filename",A1),FIND("[",CELL("filename",A1))-1)&"3.지장물이설\12_용지보상 Risk 파악\체크리스트\12_용지보상 Risk 파악_체크리스트.html", "👉 [클릭] 체크리스트 열기 📄")
A23: 9000 | B23: 9000-3 | C23: 지장물이설 | D23: 9000-3-22 | E23: 9000-3-18 | F23: 9000-3-25 | G23: 무단수 연결을 위한 시설 설치 | H23: D+8 | I23: 현장 공사팀 / 전문업체 | J23: 본 과업은 시민 수돗물 공급 중단(단수) 피해를 예방하기 위해, 무단수 천공기 및 밸브 차단 장비를 정밀 체결하여 연속 급수 상태에서 관로 이설 작업을 수행하는 것을 목적으로 함. | K23: 1) 무단수 천공기 정밀 세팅 ➔ 2) 차단 밸브 & 챔버 설치 ➔ 3) 수압 시험 및 가동 시운전 ➔ 4) 무단수 시설 검측 감리 승인 | L23: 무단수 천공기 정밀 세팅, 차단 밸브 & 챔버 설치 및 수압 시험/가동 시운전 검측 | M23: 본 과업은 시민 수돗물 공급 중단(단수) 피해를 예방하기 위해, 무단수 천공기 및 밸브 차단 장비를 정밀 체결하여 연속 급수 상태에서 관로 이설 작업을 수행하는 것을 목적으로 함. | N23: =HYPERLINK(LEFT(CELL("filename",A1),FIND("[",CELL("filename",A1))-1)&"3.지장물이설\12_줄따기(GPR)를 통한 기존 지장물 매설 확인\표준서\줄따기(GPR)를 통한 기존 지장물 매설 확인_표준서.html", "👉 [클릭] 표준서 열기 📄") | O23: 1) 무단수 천공기 정밀 세팅 ➔ 2) 차단 밸브 & 챔버 설치 ➔ 3) 수압 시험 및 가동 시운전 ➔ 4) 무단수 시설 검측 감리 승인 | P23: =HYPERLINK(LEFT(CELL("filename",A1),FIND("[",CELL("filename",A1))-1)&"3.지장물이설\12_줄따기(GPR)를 통한 기존 지장물 매설 확인\수행지침\수행지침.html", "👉 [클릭] 수행지침 열기 📄") | Q23: 무단수 천공기 정밀 세팅, 차단 밸브 & 챔버 설치 및 수압 시험/가동 시운전 검측 | R23: =HYPERLINK(LEFT(CELL("filename",A1),FIND("[",CELL("filename",A1))-1)&"3.지장물이설\12_줄따기(GPR)를 통한 기존 지장물 매설 확인\체크리스트\줄따기(GPR)를 통한 기존 지장물 매설 확인_체크리스트.html", "👉 [클릭] 체크리스트 열기 📄")
A24: 9000 | B24: 9000-3 | C24: 지장물이설 | D24: 9000-3-23 | E24: 9000-3-19, 9000-3-20 | F24: 9000-3-26, 9000-3-27 | G24: 신규관로 및 연결관로 접속 | H24: D+10 | I24: 현장 공사팀 | J24: 본 과업은 신구 관로 접속 부위의 기밀성 및 누수 여부를 검증하기 위해, 규정 하중 수압 시험(10kgf/cm², 1시간 유지)을 수행하고 부식 방지 피복 작업을 완수하는 것을 목적으로 함. | K24: 1) 신구 관로 접속 부위 부설 ➔ 2) 수압 시험(10kgf/cm², 1h 유지) ➔ 3) 부식 방지 피복 랩핑 시행 ➔ 4) 관로 접속 검측 성과표 승인 | L24: 신구 관로 접속 부위 부설, 수압 시험(10kgf/cm², 1h 유지) 및 부식 방지 피복 랩핑 검측 | M24: 본 과업은 신구 관로 접속 부위의 기밀성 및 누수 여부를 검증하기 위해, 규정 하중 수압 시험(10kgf/cm², 1시간 유지)을 수행하고 부식 방지 피복 작업을 완수하는 것을 목적으로 함. | N24: =HYPERLINK(LEFT(CELL("filename",A1),FIND("[",CELL("filename",A1))-1)&"3.지장물이설\13_관리기관(맑은물사업소) 협의\표준서\13_관리기관(맑은물사업소) 협의_표준서.html", "👉 [클릭] 표준서 열기 📄") | O24: 1) 신구 관로 접속 부위 부설 ➔ 2) 수압 시험(10kgf/cm², 1h 유지) ➔ 3) 부식 방지 피복 랩핑 시행 ➔ 4) 관로 접속 검측 성과표 승인 | P24: =HYPERLINK(LEFT(CELL("filename",A1),FIND("[",CELL("filename",A1))-1)&"3.지장물이설\13_관리기관(맑은물사업소) 협의\수행지침\관리기관(맑은물사업소) 협의_수행지침.html", "👉 [클릭] 수행지침 열기 📄") | Q24: 신구 관로 접속 부위 부설, 수압 시험(10kgf/cm², 1h 유지) 및 부식 방지 피복 랩핑 검측 | R24: =HYPERLINK(LEFT(CELL("filename",A1),FIND("[",CELL("filename",A1))-1)&"3.지장물이설\13_관리기관(맑은물사업소) 협의\체크리스트\관리기관(맑은물사업소) 협의_체크리스트.html", "👉 [클릭] 체크리스트 열기 📄")
A25: 9000 | B25: 9000-3 | C25: 지장물이설 | D25: 9000-3-24 | E25: 9000-3-20, 9000-3-21 | F25: 9000-3-27, 9000-3-28 | G25: 기존관로 철거 및 원상복구 | H25: D+15 | I25: 현장 공사팀 | J25: 본 과업은 이설 완료 후 사용 중지된 폐관로를 안전하게 수거·폐기하고, 굴착 구역을 토사 30cm 층다짐(다짐도 95% 이상) 및 아스콘 가포설로 원래 도로 상태로 정밀 복구하는 것을 목적으로 함. | K25: 1) 기존 폐관로 안전 철거/수거 ➔ 2) 토사 30cm 층다짐(다짐도≥95%) ➔ 3) 아스콘 가포설 & 평탄성 검측 ➔ 4) 원상복구 성과표 감리 승인 | L25: 기존 폐관로 안전 철거/수거, 토사 30cm 층다짐(다짐도 ≥ 95%) 원상복구 및 아스콘 가포설 | M25: 본 과업은 이설 완료 후 사용 중지된 폐관로를 안전하게 수거·폐기하고, 굴착 구역을 토사 30cm 층다짐(다짐도 95% 이상) 및 아스콘 가포설로 원래 도로 상태로 정밀 복구하는 것을 목적으로 함. | N25: =HYPERLINK(LEFT(CELL("filename",A1),FIND("[",CELL("filename",A1))-1)&"3.지장물이설\13_이설 위치 토공 굴착\표준서\이설 위치 토공 굴착_표준서.html", "👉 [클릭] 표준서 열기 📄") | O25: 1) 기존 폐관로 안전 철거/수거 ➔ 2) 토사 30cm 층다짐(다짐도≥95%) ➔ 3) 아스콘 가포설 & 평탄성 검측 ➔ 4) 원상복구 성과표 감리 승인 | P25: =HYPERLINK(LEFT(CELL("filename",A1),FIND("[",CELL("filename",A1))-1)&"3.지장물이설\13_이설 위치 토공 굴착\수행지침\수행지침.html", "👉 [클릭] 수행지침 열기 📄") | Q25: 기존 폐관로 안전 철거/수거, 토사 30cm 층다짐(다짐도 ≥ 95%) 원상복구 및 아스콘 가포설 | R25: =HYPERLINK(LEFT(CELL("filename",A1),FIND("[",CELL("filename",A1))-1)&"3.지장물이설\13_이설 위치 토공 굴착\체크리스트\이설 위치 토공 굴착_체크리스트.html", "👉 [클릭] 체크리스트 열기 📄")
A26: 9000 | B26: 9000-3 | C26: 지장물이설 | D26: 9000-3-25 | E26: 9000-3-21, 9000-3-22 | F26: 9000-3-28, 9000-3-29 | G26: 광역상수관 이설 공사 | H26: D+20 | I26: 공사팀 (협의: 한국수자원공사) | J26: 본 과업은 광역상수관(Ø500mm 이상) 이설 시 한국수자원공사 입회 하에 수압 시험 및 수질 검사를 실시하여, 광역 용수 공급의 안정성과 수질 안전성을 확보하는 것을 목적으로 함. | K26: 1) 광역상수관(Ø500mm+) 부설 ➔ 2) 수압 시험 & 수질 검사 시행 ➔ 3) 한국수자원공사 현장 입회 ➔ 4) 광역상수관 이설 완료 승인 | L26: 광역상수관(Ø500mm+) 부설, 수압 시험 및 수질 검사 합격 (한국수자원공사 1:1 입회 검측) | M26: 본 과업은 광역상수관(Ø500mm 이상) 이설 시 한국수자원공사 입회 하에 수압 시험 및 수질 검사를 실시하여, 광역 용수 공급의 안정성과 수질 안전성을 확보하는 것을 목적으로 함. | N26: =HYPERLINK(LEFT(CELL("filename",A1),FIND("[",CELL("filename",A1))-1)&"3.지장물이설\14_신규관로 매설 및 설치\표준서\신규관로 매설 및 설치_표준서.html", "👉 [클릭] 표준서 열기 📄") | O26: 1) 광역상수관(Ø500mm+) 부설 ➔ 2) 수압 시험 & 수질 검사 시행 ➔ 3) 한국수자원공사 현장 입회 ➔ 4) 광역상수관 이설 완료 승인 | P26: =HYPERLINK(LEFT(CELL("filename",A1),FIND("[",CELL("filename",A1))-1)&"3.지장물이설\14_신규관로 매설 및 설치\수행지침\수행지침.html", "👉 [클릭] 수행지침 열기 📄") | Q26: 광역상수관(Ø500mm+) 부설, 수압 시험 및 수질 검사 합격 (한국수자원공사 1:1 입회 검측) | R26: =HYPERLINK(LEFT(CELL("filename",A1),FIND("[",CELL("filename",A1))-1)&"3.지장물이설\14_신규관로 매설 및 설치\체크리스트\신규관로 매설 및 설치_체크리스트.html", "👉 [클릭] 체크리스트 열기 📄")
A27: 9000 | B27: 9000-3 | C27: 지장물이설 | D27: 9000-3-26 | E27: 9000-3-23 | F27: 9000-3-30 | G27: 상수도 관로 이설 공사 | H27: D+22 | I27: 공사팀 (협의: 맑은물사업소) | J27: 본 과업은 지방 상수도 배수관(Ø200~300mm) 이설 후 탁수 퇴수 작업 및 잔류염소 수질 검사를 시행하여, 주민 유해 물질 없는 깨끗한 수돗물 공급 상태를 검증하는 것을 목적으로 함. | K27: 1) 배수관(Ø200~300mm) 이설 부설 ➔ 2) 탁수 퇴수 & 잔류염소 시험 ➔ 3) 맑은물사업소 합동 현측 ➔ 4) 상수도 관로 이설 감리 승인 | L27: 배수관(Ø200~300mm) 이설, 탁수 퇴수 작업 및 잔류염소 시험 합격 (맑은물사업소 현측) | M27: 본 과업은 지방 상수도 배수관(Ø200~300mm) 이설 후 탁수 퇴수 작업 및 잔류염소 수질 검사를 시행하여, 주민 유해 물질 없는 깨끗한 수돗물 공급 상태를 검증하는 것을 목적으로 함. | N27: =HYPERLINK(LEFT(CELL("filename",A1),FIND("[",CELL("filename",A1))-1)&"3.지장물이설\14_위수탁 지장물 이설 설계\표준서\14_위수탁 지장물 이설 설계_표준서.html", "👉 [클릭] 표준서 열기 📄") | O27: 1) 배수관(Ø200~300mm) 이설 부설 ➔ 2) 탁수 퇴수 & 잔류염소 시험 ➔ 3) 맑은물사업소 합동 현측 ➔ 4) 상수도 관로 이설 감리 승인 | P27: =HYPERLINK(LEFT(CELL("filename",A1),FIND("[",CELL("filename",A1))-1)&"3.지장물이설\14_위수탁 지장물 이설 설계\수행지침\수행지침.html", "👉 [클릭] 수행지침 열기 📄") | Q27: 배수관(Ø200~300mm) 이설, 탁수 퇴수 작업 및 잔류염소 시험 합격 (맑은물사업소 현측) | R27: =HYPERLINK(LEFT(CELL("filename",A1),FIND("[",CELL("filename",A1))-1)&"3.지장물이설\14_위수탁 지장물 이설 설계\체크리스트\위수탁 지장물 이설 설계_체크리스트.html", "👉 [클릭] 체크리스트 열기 📄")
A28: 9000 | B28: 9000-3 | C28: 지장물이설 | D28: 9000-3-27 | E28: 9000-3-23, 9000-3-24 | F28: 9000-3-30, 9000-3-31 | G28: 하수도 관로 이설 공사 | H28: D+25 | I28: 공사팀 (협의: 맑은물사업소) | J28: 본 과업은 하수관(Ø400mm 이상) 이설 후 CCTV 관로 내부 전수 검사 및 통수 담수 시험을 시행하여, 관로 파손이나 구배 불량에 따른 배수 막힘을 예방하는 것을 목적으로 함. | K28: 1) 하수관(Ø400mm+) 연결 부설 ➔ 2) CCTV 관로 내부 검사 시행 ➔ 3) 통수 담수 시험 완료 ➔ 4) 하수도 관로 이설 감리 승인 | L28: 하수관(Ø400mm+) 연결 부설, CCTV 관로 내부 검사 & 통수 담수 시험 합격 (하수도사업소 인수) | M28: 본 과업은 하수관(Ø400mm 이상) 이설 후 CCTV 관로 내부 전수 검사 및 통수 담수 시험을 시행하여, 관로 파손이나 구배 불량에 따른 배수 막힘을 예방하는 것을 목적으로 함. | N28: =HYPERLINK(LEFT(CELL("filename",A1),FIND("[",CELL("filename",A1))-1)&"3.지장물이설\15_무단수 연결을 위한 시설 설치\표준서\무단수 연결을 위한 시설 설치_표준서.html", "👉 [클릭] 표준서 열기 📄") | O28: 1) 하수관(Ø400mm+) 연결 부설 ➔ 2) CCTV 관로 내부 검사 시행 ➔ 3) 통수 담수 시험 완료 ➔ 4) 하수도 관로 이설 감리 승인 | P28: =HYPERLINK(LEFT(CELL("filename",A1),FIND("[",CELL("filename",A1))-1)&"3.지장물이설\15_무단수 연결을 위한 시설 설치\수행지침\무단수 연결을 위한 시설 설치_수행지침.html", "👉 [클릭] 수행지침 열기 📄") | Q28: 하수관(Ø400mm+) 연결 부설, CCTV 관로 내부 검사 & 통수 담수 시험 합격 (하수도사업소 인수) | R28: =HYPERLINK(LEFT(CELL("filename",A1),FIND("[",CELL("filename",A1))-1)&"3.지장물이설\15_무단수 연결을 위한 시설 설치\체크리스트\무단수 연결을 위한 시설 설치_체크리스트.html", "👉 [클릭] 체크리스트 열기 📄")
A29: 9000 | B29: 9000-3 | C29: 지장물이설 | D29: 9000-3-28 | E29: 9000-3-24, 9000-3-25 | F29: 9000-3-31, 9000-3-32 | G29: 도시가스관 이설 공사 | H29: D+28 | I29: 공사팀 (협의: 한국가스공사, 삼천리) | J29: 본 과업은 도시가스 관로 이설 접합 부위에 대한 비파괴검사(RT 100%) 및 가스 기밀 시험을 도시가스사 기술자 입회 하에 수행하여, 폭발 및 누출 위험을 근본적으로 차단하는 것을 목적으로 함. | K29: 1) 도시가스관 매설 & 용접 ➔ 2) 비파괴검사(RT 100%) & 기밀 시험 ➔ 3) 도시가스사 1:1 입회 검측 ➔ 4) 가스관 이설 완료 승인 | L29: 도시가스관 매설 & 용접, 비파괴검사(RT 100%) 및 기밀 시험 합격 (도시가스사 1:1 입회) | M29: 본 과업은 도시가스 관로 이설 접합 부위에 대한 비파괴검사(RT 100%) 및 가스 기밀 시험을 도시가스사 기술자 입회 하에 수행하여, 폭발 및 누출 위험을 근본적으로 차단하는 것을 목적으로 함. | N29: =HYPERLINK(LEFT(CELL("filename",A1),FIND("[",CELL("filename",A1))-1)&"3.지장물이설\15_상하수도 이설계획 실정보고\표준서\15_상하수도 이설계획 실정보고_표준서.html", "👉 [클릭] 표준서 열기 📄") | O29: 1) 도시가스관 매설 & 용접 ➔ 2) 비파괴검사(RT 100%) & 기밀 시험 ➔ 3) 도시가스사 1:1 입회 검측 ➔ 4) 가스관 이설 완료 승인 | P29: =HYPERLINK(LEFT(CELL("filename",A1),FIND("[",CELL("filename",A1))-1)&"3.지장물이설\15_상하수도 이설계획 실정보고\수행지침\상하수도 이설계획 실정보고_수행지침.html", "👉 [클릭] 수행지침 열기 📄") | Q29: 도시가스관 매설 & 용접, 비파괴검사(RT 100%) 및 기밀 시험 합격 (도시가스사 1:1 입회) | R29: =HYPERLINK(LEFT(CELL("filename",A1),FIND("[",CELL("filename",A1))-1)&"3.지장물이설\15_상하수도 이설계획 실정보고\체크리스트\상하수도 이설계획 실정보고_체크리스트.html", "👉 [클릭] 체크리스트 열기 📄")
A30: 9000 | B30: 9000-3 | C30: 지장물이설 | D30: 9000-3-29 | E30: 9000-3-25 | F30: 9000-3-32 | G30: 지역난방관 이설 공사 | H30: D+30 | I30: 공사팀 (협의: 한국지역난방공사) | J30: 본 과업은 고온·고압 지역난방 수송관 이설 시 비파괴 용접 검사 및 단열 보온재 피복 상태를 정밀 점검하여, 열 손실 방지 및 안전한 열 공급 여건을 완성하는 것을 목적으로 함. | K30: 1) 난방 수송관 매설 & 용접 ➔ 2) 100% 비파괴검사 & 피복 랩핑 ➔ 3) 지역난방공사 시운전 인수 ➔ 4) 지역난방관 이설 감리 승인 | L30: 난방 수송관 매설 & 용접, 100% 비파괴검사 및 피복 랩핑 검수 (지역난방공사 인수) | M30: 본 과업은 고온·고압 지역난방 수송관 이설 시 비파괴 용접 검사 및 단열 보온재 피복 상태를 정밀 점검하여, 열 손실 방지 및 안전한 열 공급 여건을 완성하는 것을 목적으로 함. | N30: =HYPERLINK(LEFT(CELL("filename",A1),FIND("[",CELL("filename",A1))-1)&"3.지장물이설\16_신규관로 및 연결관로 접속\표준서\신규관로 및 연결관로 접속_표준서.html", "👉 [클릭] 표준서 열기 📄") | O30: 1) 난방 수송관 매설 & 용접 ➔ 2) 100% 비파괴검사 & 피복 랩핑 ➔ 3) 지역난방공사 시운전 인수 ➔ 4) 지역난방관 이설 감리 승인 | P30: =HYPERLINK(LEFT(CELL("filename",A1),FIND("[",CELL("filename",A1))-1)&"3.지장물이설\16_신규관로 및 연결관로 접속\수행지침\수행지침.html", "👉 [클릭] 수행지침 열기 📄") | Q30: 난방 수송관 매설 & 용접, 100% 비파괴검사 및 피복 랩핑 검수 (지역난방공사 인수) | R30: =HYPERLINK(LEFT(CELL("filename",A1),FIND("[",CELL("filename",A1))-1)&"3.지장물이설\16_신규관로 및 연결관로 접속\체크리스트\신규관로 및 연결관로 접속_체크리스트.html", "👉 [클릭] 체크리스트 열기 📄")
A31: 9000 | B31: 9000-3 | C31: 지장물이설 | D31: 9000-3-30 | E31: 9000-3-26, 9000-3-27 | F31: 9000-3-33 | G31: 통신관로 및 케이블 이설 공사 | H31: D+35 | I31: 공사팀 (협의: KT, LGU+, SKT) | J31: 본 과업은 통신 광케이블 관로 이설 후 절연 저항 시험 및 광신호 손실 측정을 시행하여, 동탄 도시 통신망의 끊김 없는 고품질 신호 전달 상태를 승인받는 것을 목적으로 함. | K31: 1) 통신 광케이블 관로 부설 ➔ 2) 광케이블 포설 & 접속 ➔ 3) 절연저항 & 광손실 시험 ➔ 4) KT/SKT 통신사 광신호 승인 | L31: 통신 광케이블 관로 부설, 절연 저항 & 광손실 실측 합격 (KT/SKT 광신호 승인) | M31: 본 과업은 통신 광케이블 관로 이설 후 절연 저항 시험 및 광신호 손실 측정을 시행하여, 동탄 도시 통신망의 끊김 없는 고품질 신호 전달 상태를 승인받는 것을 목적으로 함. | N31: =HYPERLINK(LEFT(CELL("filename",A1),FIND("[",CELL("filename",A1))-1)&"3.지장물이설\16_위수탁 계약 체결\표준서\16_위수탁 계약 체결_표준서.html", "👉 [클릭] 표준서 열기 📄") | O31: 1) 통신 광케이블 관로 부설 ➔ 2) 광케이블 포설 & 접속 ➔ 3) 절연저항 & 광손실 시험 ➔ 4) KT/SKT 통신사 광신호 승인 | P31: =HYPERLINK(LEFT(CELL("filename",A1),FIND("[",CELL("filename",A1))-1)&"3.지장물이설\16_위수탁 계약 체결\수행지침\수행지침.html", "👉 [클릭] 수행지침 열기 📄") | Q31: 통신 광케이블 관로 부설, 절연 저항 & 광손실 실측 합격 (KT/SKT 광신호 승인) | R31: =HYPERLINK(LEFT(CELL("filename",A1),FIND("[",CELL("filename",A1))-1)&"3.지장물이설\16_위수탁 계약 체결\체크리스트\위수탁 계약 체결_체크리스트.html", "👉 [클릭] 체크리스트 열기 📄")
A32: 9000 | B32: 9000-3 | C32: 지장물이설 | D32: 9000-3-31 | E32: 9000-3-27, 9000-3-28 | F32: 9000-3-33, 9000-3-34 | G32: 특고압 전력관로 이설 공사 | H32: D+40 | I32: 공사팀 (협의: 한국전력공사) | J32: 본 과업은 22.9kV 특고압 전력관로 및 맨홀 이설 시 한전(KEPCO) 기술 입회 하에 절연내력 시험을 필하고, 지정된 휴전 시간에 전력 절체(Cut-over)를 안전하게 완료하는 것을 목적으로 함. | K32: 1) 22.9kV 특고압 관로/맨홀 부설 ➔ 2) 전력 케이블 인입 & 내력 시험 ➔ 3) 한전 입회 휴전 Cut-over ➔ 4) 전력관로 이설 완료 승인 | L32: 22.9kV 특고압 관로/맨홀 부설, 절연내력 시험 합격 (한전 KEPCO 입회 휴전 Cut-over) | M32: 본 과업은 22.9kV 특고압 전력관로 및 맨홀 이설 시 한전(KEPCO) 기술 입회 하에 절연내력 시험을 필하고, 지정된 휴전 시간에 전력 절체(Cut-over)를 안전하게 완료하는 것을 목적으로 함. | N32: =HYPERLINK(LEFT(CELL("filename",A1),FIND("[",CELL("filename",A1))-1)&"3.지장물이설\17_기존관로 철거 및 원상복구\표준서\기존관로 철거 및 원상복구_표준서.html", "👉 [클릭] 표준서 열기 📄") | O32: 1) 22.9kV 특고압 관로/맨홀 부설 ➔ 2) 전력 케이블 인입 & 내력 시험 ➔ 3) 한전 입회 휴전 Cut-over ➔ 4) 전력관로 이설 완료 승인 | P32: =HYPERLINK(LEFT(CELL("filename",A1),FIND("[",CELL("filename",A1))-1)&"3.지장물이설\17_기존관로 철거 및 원상복구\수행지침\기존관로 철거 및 원상복구_수행지침.html", "👉 [클릭] 수행지침 열기 📄") | Q32: 22.9kV 특고압 관로/맨홀 부설, 절연내력 시험 합격 (한전 KEPCO 입회 휴전 Cut-over) | R32: =HYPERLINK(LEFT(CELL("filename",A1),FIND("[",CELL("filename",A1))-1)&"3.지장물이설\17_기존관로 철거 및 원상복구\체크리스트\기존관로 철거 및 원상복구_체크리스트.html", "👉 [클릭] 체크리스트 열기 📄")
A33: 9000 | B33: 9000-3 | C33: 지장물이설 | D33: 9000-3-32 | E33: 9000-3-28, 9000-3-29 | F33: 9000-3-34 | G33: 상하수도 이설 시공 최종 점검 | H33: D+60 | I33: 현장 감리원 / 맑은물사업소 | J33: 본 과업은 송유관 등 특수 매설 관로 이설 시 비파괴 NDT 검사 및 초음파 탐상 시험 결과를 종합 검증하여, 대한송유관공사로의 안전한 시설물 인계인수를 완수하는 것을 목적으로 함. | K33: 1) 송유관 용접 부설 ➔ 2) NDT 비파괴검사 & 초음파 탐상 ➔ 3) 송유관공사 안전 점검 ➔ 4) 송유관 이설 완료 서면 승인 | L33: 송유관 용접 부설, NDT 비파괴검사 및 초음파 탐상 시험 100% 합격 (대한송유관공사 인수) | M33: 본 과업은 송유관 등 특수 매설 관로 이설 시 비파괴 NDT 검사 및 초음파 탐상 시험 결과를 종합 검증하여, 대한송유관공사로의 안전한 시설물 인계인수를 완수하는 것을 목적으로 함. | N33: =HYPERLINK(LEFT(CELL("filename",A1),FIND("[",CELL("filename",A1))-1)&"3.지장물이설\17_도로점용_굴착행위 인허가\표준서\17_도로점용_굴착행위 인허가_표준서.html", "👉 [클릭] 표준서 열기 📄") | O33: 1) 송유관 용접 부설 ➔ 2) NDT 비파괴검사 & 초음파 탐상 ➔ 3) 송유관공사 안전 점검 ➔ 4) 송유관 이설 완료 서면 승인 | P33: =HYPERLINK(LEFT(CELL("filename",A1),FIND("[",CELL("filename",A1))-1)&"3.지장물이설\17_도로점용_굴착행위 인허가\수행지침\도로점용_굴착행위 인허가_수행지침.html", "👉 [클릭] 수행지침 열기 📄") | Q33: 송유관 용접 부설, NDT 비파괴검사 및 초음파 탐상 시험 100% 합격 (대한송유관공사 인수) | R33: =HYPERLINK(LEFT(CELL("filename",A1),FIND("[",CELL("filename",A1))-1)&"3.지장물이설\17_도로점용_굴착행위 인허가\체크리스트\도로점용_굴착행위 인허가_체크리스트.html", "👉 [클릭] 체크리스트 열기 📄")
A34: 9000 | B34: 9000-3 | C34: 지장물이설 | D34: 9000-3-33 | E34: 9000-3-30, 9000-3-31 | F34: 9000-3-35, 9000-3-36 | G34: 위수탁 지하지장물 이설 최종 점검 | H34: D+65 | I34: 현장 감리원 / 위수탁기관 | J34: 본 과업은 신설된 상하수도 관로의 수압·수질·CCTV 검사 대장을 최종 종합하여, 지자체 및 점용기관 3자 합동 현장 인계 점검을 수행하는 것을 목적으로 함. | K34: 1) 신설 관로 종합 현측 ➔ 2) 수압/수질/CCTV 검사 종합 ➔ 3) 지자체 3자 합동 점검 ➔ 4) 상하수도 최종 점검 대장 승인 | L34: 신설 관로 종합 현측, 수압/수질/CCTV 검사 종합 대장 작성 및 지자체 3자 합동 점검 | M34: 본 과업은 신설된 상하수도 관로의 수압·수질·CCTV 검사 대장을 최종 종합하여, 지자체 및 점용기관 3자 합동 현장 인계 점검을 수행하는 것을 목적으로 함. | N34: =HYPERLINK(LEFT(CELL("filename",A1),FIND("[",CELL("filename",A1))-1)&"3.지장물이설\18_광역상수관 이설 공사\표준서\광역상수관 이설 공사_표준서.html", "👉 [클릭] 표준서 열기 📄") | O34: 1) 신설 관로 종합 현측 ➔ 2) 수압/수질/CCTV 검사 종합 ➔ 3) 지자체 3자 합동 점검 ➔ 4) 상하수도 최종 점검 대장 승인 | P34: =HYPERLINK(LEFT(CELL("filename",A1),FIND("[",CELL("filename",A1))-1)&"3.지장물이설\18_광역상수관 이설 공사\수행지침\광역상수관 이설 공사_수행지침.html", "👉 [클릭] 수행지침 열기 📄") | Q34: 신설 관로 종합 현측, 수압/수질/CCTV 검사 종합 대장 작성 및 지자체 3자 합동 점검 | R34: =HYPERLINK(LEFT(CELL("filename",A1),FIND("[",CELL("filename",A1))-1)&"3.지장물이설\18_광역상수관 이설 공사\체크리스트\광역상수관 이설 공사_체크리스트.html", "👉 [클릭] 체크리스트 열기 📄")
A35: 9000 | B35: 9000-3 | C35: 지장물이설 | D35: 9000-3-34 | E35: 9000-3-31, 9000-3-32 | F35: 9000-3-36 | G35: 상하수도 이설 정산 금액 검토 | H35: D+70 | I35: 현장 공무팀 | J35: 본 과업은 관할 위탁기관의 최종 현장 인수 성과와 3D BIM 준공 도면을 대조하여, 실제 이설 공사에 투입된 내역 및 정산금의 기술적 타당성을 검토하는 것을 목적으로 함. | K35: 1) 위탁기관 1:1 인수 검측 ➔ 2) 3D BIM 준공 도면 대조 ➔ 3) 이설 완료 현장 서명 ➔ 4) 준공 보고서 감리 서면 승인 | L35: 위탁기관 1:1 인수 검측, 3D BIM 준공 도면 대조 및 이설 준공 보고서 감리 서면 승인 | M35: 본 과업은 관할 위탁기관의 최종 현장 인수 성과와 3D BIM 준공 도면을 대조하여, 실제 이설 공사에 투입된 내역 및 정산금의 기술적 타당성을 검토하는 것을 목적으로 함. | N35: =HYPERLINK(LEFT(CELL("filename",A1),FIND("[",CELL("filename",A1))-1)&"3.지장물이설\18_교통통제 및 교통안전시설 설치\표준서\18_교통통제 및 교통안전시설 설치_표준서.html", "👉 [클릭] 표준서 열기 📄") | O35: 1) 위탁기관 1:1 인수 검측 ➔ 2) 3D BIM 준공 도면 대조 ➔ 3) 이설 완료 현장 서명 ➔ 4) 준공 보고서 감리 서면 승인 | P35: =HYPERLINK(LEFT(CELL("filename",A1),FIND("[",CELL("filename",A1))-1)&"3.지장물이설\18_교통통제 및 교통안전시설 설치\수행지침\교통통제 및 교통안전시설 설치_수행지침.html", "👉 [클릭] 수행지침 열기 📄") | Q35: 위탁기관 1:1 인수 검측, 3D BIM 준공 도면 대조 및 이설 준공 보고서 감리 서면 승인 | R35: =HYPERLINK(LEFT(CELL("filename",A1),FIND("[",CELL("filename",A1))-1)&"3.지장물이설\18_교통통제 및 교통안전시설 설치\체크리스트\교통통제 및 교통안전시설 설치_체크리스트.html", "👉 [클릭] 체크리스트 열기 📄")
A36: 9000 | B36: 9000-3 | C36: 지장물이설 | D36: 9000-3-35 | E36: 9000-3-33 | F36: 9000-3-37 | G36: 위수탁 처리 정산금액 지급 | H36: D+80 | I36: 현장 공무팀 / 발주처 | J36: 본 과업은 실정보고 및 시공 결과에 기반하여 정밀 단가 산정 정산서를 작성하고, 책임감리원의 서면 결재를 거쳐 위탁기관 공사 정산금을 지급 수속하는 것을 목적으로 함. | K36: 1) 실정보고 투입 물량 집계 ➔ 2) 정산 단가 산정 서류 작성 ➔ 3) 정산서 감리 기술 검토 ➔ 4) 정산 금액 최종 서면 승인 | L36: 실정보고 투입 물량 집계, 정산 단가 산정 서류 작성 및 책임감리원 정산 금액 서면 승인 | M36: 본 과업은 실정보고 및 시공 결과에 기반하여 정밀 단가 산정 정산서를 작성하고, 책임감리원의 서면 결재를 거쳐 위탁기관 공사 정산금을 지급 수속하는 것을 목적으로 함. | N36: =HYPERLINK(LEFT(CELL("filename",A1),FIND("[",CELL("filename",A1))-1)&"3.지장물이설\19_상수도 관로 이설 공사\표준서\상수도 관로 이설 공사_표준서.html", "👉 [클릭] 표준서 열기 📄") | O36: 1) 실정보고 투입 물량 집계 ➔ 2) 정산 단가 산정 서류 작성 ➔ 3) 정산서 감리 기술 검토 ➔ 4) 정산 금액 최종 서면 승인 | P36: =HYPERLINK(LEFT(CELL("filename",A1),FIND("[",CELL("filename",A1))-1)&"3.지장물이설\19_상수도 관로 이설 공사\수행지침\상수도 관로 이설 공사_수행지침.html", "👉 [클릭] 수행지침 열기 📄") | Q36: 실정보고 투입 물량 집계, 정산 단가 산정 서류 작성 및 책임감리원 정산 금액 서면 승인 | R36: =HYPERLINK(LEFT(CELL("filename",A1),FIND("[",CELL("filename",A1))-1)&"3.지장물이설\19_상수도 관로 이설 공사\체크리스트\상수도 관로 이설 공사_체크리스트.html", "👉 [클릭] 체크리스트 열기 📄")
A37: 9000 | B37: 9000-3 | C37: 지장물이설 | D37: 9000-3-36 | E37: 9000-3-33, 9000-3-34 | F37: 9000-3-37 | G37: 도급자분/위수탁분 설계변경 정산 | H37: D+90 | I37: 현장 공무팀 / 화성시 | J37: 본 과업은 이설 완료된 지장물 공사의 실투입 집행 영수증과 정산서를 관할 위탁기관에 최종 제출하여 정산금 청구 및 집행 절차를 완수하는 것을 목적으로 함. | K37: 1) 위탁기관 정산 청구서 작성 ➔ 2) 증빙 영수증 & 성과표 첨부 ➔ 3) 정산금 지급 수속 ➔ 4) 이설 정산금 집행 완료 | L37: 위탁기관 정산 청구서 작성, 증빙 영수증 & 성과표 부착 및 이설 정산금 집행 완료 | M37: 본 과업은 이설 완료된 지장물 공사의 실투입 집행 영수증과 정산서를 관할 위탁기관에 최종 제출하여 정산금 청구 및 집행 절차를 완수하는 것을 목적으로 함. | N37: =HYPERLINK(LEFT(CELL("filename",A1),FIND("[",CELL("filename",A1))-1)&"3.지장물이설\19_줄따기(GPR)를 통한 기존 지장물 매설 확인\표준서\19_줄따기(GPR)를 통한 기존 지장물 매설 확인_표준서.html", "👉 [클릭] 표준서 열기 📄") | O37: 1) 위탁기관 정산 청구서 작성 ➔ 2) 증빙 영수증 & 성과표 첨부 ➔ 3) 정산금 지급 수속 ➔ 4) 이설 정산금 집행 완료 | P37: =HYPERLINK(LEFT(CELL("filename",A1),FIND("[",CELL("filename",A1))-1)&"3.지장물이설\19_줄따기(GPR)를 통한 기존 지장물 매설 확인\수행지침\수행지침.html", "👉 [클릭] 수행지침 열기 📄") | Q37: 위탁기관 정산 청구서 작성, 증빙 영수증 & 성과표 부착 및 이설 정산금 집행 완료 | R37: =HYPERLINK(LEFT(CELL("filename",A1),FIND("[",CELL("filename",A1))-1)&"3.지장물이설\19_줄따기(GPR)를 통한 기존 지장물 매설 확인\체크리스트\줄따기(GPR)를 통한 기존 지장물 매설 확인_체크리스트.html", "👉 [클릭] 체크리스트 열기 📄")
A38: 9000 | B38: 9000-3 | C38: 지장물이설 | D38: 9000-3-37 | E38: 9000-3-35, 9000-3-36 | F38: 9000-3-38 | G38: 공사전 선행공종에서 인수받을 사항 | H38: D-90 | I38: 현장 사업단 / 공무팀 | J38: 본 과업은 도급분 및 위수탁분 지장물 이설 공사비 변동에 따른 총사업비 변경 계약을 체결하고, 발주처 정식 변경 공문을 수령하여 변경 예산 확보를 완수하는 것을 목적으로 함. | K38: 1) 설계변경 총사업비 산정 ➔ 2) 도급/위수탁 변경 변경 수속 ➔ 3) 발주처 변경 공문 수령 ➔ 4) 설계변경 정산 최종 승인 | L38: 설계변경 총사업비 산정, 도급/위수탁 변경 변경 수속 및 발주처 변경 공문 수령 | M38: 본 과업은 도급분 및 위수탁분 지장물 이설 공사비 변동에 따른 총사업비 변경 계약을 체결하고, 발주처 정식 변경 공문을 수령하여 변경 예산 확보를 완수하는 것을 목적으로 함. | N38: =HYPERLINK(LEFT(CELL("filename",A1),FIND("[",CELL("filename",A1))-1)&"3.지장물이설\20_이설 위치 토공 굴착\표준서\20_이설 위치 토공 굴착_표준서.html", "👉 [클릭] 표준서 열기 📄") | O38: 1) 설계변경 총사업비 산정 ➔ 2) 도급/위수탁 변경 변경 수속 ➔ 3) 발주처 변경 공문 수령 ➔ 4) 설계변경 정산 최종 승인 | P38: =HYPERLINK(LEFT(CELL("filename",A1),FIND("[",CELL("filename",A1))-1)&"3.지장물이설\20_이설 위치 토공 굴착\수행지침\수행지침.html", "👉 [클릭] 수행지침 열기 📄") | Q38: 설계변경 총사업비 산정, 도급/위수탁 변경 변경 수속 및 발주처 변경 공문 수령 | R38: =HYPERLINK(LEFT(CELL("filename",A1),FIND("[",CELL("filename",A1))-1)&"3.지장물이설\20_이설 위치 토공 굴착\체크리스트\이설 위치 토공 굴착_체크리스트.html", "👉 [클릭] 체크리스트 열기 📄")
A39: 9000 | B39: 9000-3 | C39: 지장물이설 | D39: 9000-3-38 | E39: 9000-3-37 | F39: - | G39: 공사중 챙겨야할 후행공종의 요구사항 | H39: D+100 | I39: 현장 공사팀 / 강화노반팀 | J39: 본 과업은 선행 토공 및 지장물 이설 부지의 측량 기준점 및 지반 성과 대장을 인수하여, 후행 노반 및 궤도 공사팀과의 공정 간섭 없는 매끄러운 3자 인계인수를 완료하는 것을 목적으로 함. | K39: 1) 선행 토공 & 측량 성과 인수 ➔ 2) 현장 지장물 인계인수 ➔ 3) 3자 합동 현측 실시 ➔ 4) 인계인수서 3자 서명 완료 | L39: 선행 토공 및 측량 성과 인수 대장 작성, 3자 합동 현측 및 인계인수서 서명 완료 | M39: 본 과업은 선행 토공 및 지장물 이설 부지의 측량 기준점 및 지반 성과 대장을 인수하여, 후행 노반 및 궤도 공사팀과의 공정 간섭 없는 매끄러운 3자 인계인수를 완료하는 것을 목적으로 함. | N39: =HYPERLINK(LEFT(CELL("filename",A1),FIND("[",CELL("filename",A1))-1)&"3.지장물이설\20_하수도 관로 이설 공사\표준서\하수도 관로 이설 공사_표준서.html", "👉 [클릭] 표준서 열기 📄") | O39: 1) 선행 토공 & 측량 성과 인수 ➔ 2) 현장 지장물 인계인수 ➔ 3) 3자 합동 현측 실시 ➔ 4) 인계인수서 3자 서명 완료 | P39: =HYPERLINK(LEFT(CELL("filename",A1),FIND("[",CELL("filename",A1))-1)&"3.지장물이설\20_하수도 관로 이설 공사\수행지침\수행지침.html", "👉 [클릭] 수행지침 열기 📄") | Q39: 선행 토공 및 측량 성과 인수 대장 작성, 3자 합동 현측 및 인계인수서 서명 완료 | R39: =HYPERLINK(LEFT(CELL("filename",A1),FIND("[",CELL("filename",A1))-1)&"3.지장물이설\20_하수도 관로 이설 공사\체크리스트\하수도 관로 이설 공사_체크리스트.html", "👉 [클릭] 체크리스트 열기 📄")

Sheet 상부강화노반
A1: L2 코드 | B1: L3 코드 | C1: L3 대공종명 | D1: L4 코드 | E1: 선행 | F1: 후행 | G1: 작업단위 (Level 4 Task/Activity) | H1: 일정 (D-Day) | I1: 주관 | J1: 목적 | K1: 방법 | L1: 산출물(결과) | M1: 표준서 (Standard) 요약 | N1: 표준서 파일 (HTML) | O1: 수행지침 (Guideline) 요약 | P1: 수행지침 파일 (HTML) | Q1: 체크리스트 (Checklist) 요약 | R1: 체크리스트 파일 (HTML) | S1: 비고
A2: 9000 | B2: 9000-4 | C2: 상부강화노반 | D2: 9000-4-1 | E2: - | F2: 9000-4-2, 9000-4-3 | G2: 지반조사 상세검토 | H2: D-100 | I2: 현장 공사팀 | J2: 본 과업은 동탄트램 선로 하부 지반의 지질 구조 및 지층 분포 상태를 정밀 분석하여, 노면 매립 궤도 및 상부강화노반의 불등침하 방지와 지반 지지력 확보를 위한 최적의 지반 개량 공법(PVD/DCM)을 확정하는 것을 목적으로 함. | K2: 1) 시추 주상도 & GPR 3D 매핑 분석 ➔ 2) N치 < 4 연약지반 심도 경계 추출 ➔ 3) PVD/DCM 개량 공법 검토 ➔ 4) 기술사 서명 지반조사 보고서 감리 승인 | L2: 시추 주상도 대조, GPR 지중 탐사 3D 매핑 및 N치 < 4 연약지반 층후 경출 (PVD/DCM 개량 승인) | M2: 본 과업은 동탄트램 선로 하부 지반의 지질 구조 및 지층 분포 상태를 정밀 분석하여, 노면 매립 궤도 및 상부강화노반의 불등침하 방지와 지반 지지력 확보를 위한 최적의 지반 개량 공법(PVD/DCM)을 확정하는 것을 목적으로 함. | N2: =HYPERLINK(LEFT(CELL("filename",A1),FIND("[",CELL("filename",A1))-1)&"4.상부강화노반\1_지반조사 상세검토\표준서\지반조사 상세검토_표준서.html", "👉 [클릭] 표준서 열기 📄") | O2: 1) 시추 주상도 & GPR 3D 매핑 분석 ➔ 2) N치 < 4 연약지반 심도 경계 추출 ➔ 3) PVD/DCM 개량 공법 검토 ➔ 4) 기술사 서명 지반조사 보고서 감리 승인 | P2: =HYPERLINK(LEFT(CELL("filename",A1),FIND("[",CELL("filename",A1))-1)&"4.상부강화노반\1_지반조사 상세검토\수행지침\지반조사 상세검토_수행지침.html", "👉 [클릭] 수행지침 열기 📄") | Q2: 시추 주상도 대조, GPR 지중 탐사 3D 매핑 및 N치 < 4 연약지반 층후 경출 (PVD/DCM 개량 승인) | R2: =HYPERLINK(LEFT(CELL("filename",A1),FIND("[",CELL("filename",A1))-1)&"4.상부강화노반\1_지반조사 상세검토\체크리스트\지반조사 상세검토_체크리스트.html", "👉 [클릭] 체크리스트 열기 📄")
A3: 9000 | B3: 9000-4 | C3: 상부강화노반 | D3: 9000-4-2 | E3: 9000-4-1 | F3: 9000-4-4, 9000-4-5 | G3: 발주전략 KOM | H3: D-70 | I3: 현장소장 | J3: 본 과업은 상부강화노반 시공 착수 전 발주처·감리단·시공사 간 기술 요구사항과 3D BIM 도면의 표고/구배 기준을 명확히 공유하고, 지장물 및 용지 리스크에 대한 예비비 수립 등 공사 수행 전반의 품질 및 공기 리스크를 사전 예방하는 것을 목적으로 함. | K3: 1) 발주처 시방서 요구조건 분석 ➔ 2) 3D BIM 도면 표고/구배 검증 ➔ 3) 지장물/용지 리스크 예비비 수립 ➔ 4) 발주·감리·시공 3자 킥오프 결재 | L3: KCS 47 10 25 시방 검토, 쇄석 입도 50mm/다짐도 95% 명시 및 3D BIM 도면 대조 (발주전략 킥오프 결재) | M3: 본 과업은 상부강화노반 시공 착수 전 발주처·감리단·시공사 간 기술 요구사항과 3D BIM 도면의 표고/구배 기준을 명확히 공유하고, 지장물 및 용지 리스크에 대한 예비비 수립 등 공사 수행 전반의 품질 및 공기 리스크를 사전 예방하는 것을 목적으로 함. | N3: =HYPERLINK(LEFT(CELL("filename",A1),FIND("[",CELL("filename",A1))-1)&"4.상부강화노반\2_발주전략 KOM\표준서\발주전략 KOM_표준서.html", "👉 [클릭] 표준서 열기 📄") | O3: 1) 발주처 시방서 요구조건 분석 ➔ 2) 3D BIM 도면 표고/구배 검증 ➔ 3) 지장물/용지 리스크 예비비 수립 ➔ 4) 발주·감리·시공 3자 킥오프 결재 | P3: =HYPERLINK(LEFT(CELL("filename",A1),FIND("[",CELL("filename",A1))-1)&"4.상부강화노반\2_발주전략 KOM\수행지침\발주전략 KOM_수행지침.html", "👉 [클릭] 수행지침 열기 📄") | Q3: KCS 47 10 25 시방 검토, 쇄석 입도 50mm/다짐도 95% 명시 및 3D BIM 도면 대조 (발주전략 킥오프 결재) | R3: =HYPERLINK(LEFT(CELL("filename",A1),FIND("[",CELL("filename",A1))-1)&"4.상부강화노반\2_발주전략 KOM\체크리스트\발주전략 KOM_체크리스트.html", "👉 [클릭] 체크리스트 열기 📄")
A4: 9000 | B4: 9000-4 | C4: 상부강화노반 | D4: 9000-4-3 | E4: 9000-4-1 | F4: 9000-4-6 | G4: 철도보호지구에서의 행위신고(필요시) | H4: D-60 (D-70~D-60) | I4: 현장 공사팀 | J4: 본 과업은 기존 운행 중인 철도선로 인접 30m 이내 구역 굴착 시 선로의 변형 및 열차 운행 안전 사고를 방지하기 위해, 철도운영기관과의 사전 행위신고 및 기술 협의를 완료하고 운행선 안전관리 체계를 확보하는 것을 목적으로 함. | K4: 1) 궤도 중심 30m 법정 경계 측량 ➔ 2) 행위신고서/안전계획서 접수 ➔ 3) 관할 철도운영기관 기술 심의 ➔ 4) 운행선안전관리자 현장 1:1 배치 | L4: 궤도 중심 30m 법정 경계 측량(오차 ≤ 5mm), 행위신고서 접수 및 운행선안전관리자 1:1 현장 배치 | M4: 본 과업은 기존 운행 중인 철도선로 인접 30m 이내 구역 굴착 시 선로의 변형 및 열차 운행 안전 사고를 방지하기 위해, 철도운영기관과의 사전 행위신고 및 기술 협의를 완료하고 운행선 안전관리 체계를 확보하는 것을 목적으로 함. | N4: =HYPERLINK(LEFT(CELL("filename",A1),FIND("[",CELL("filename",A1))-1)&"4.상부강화노반\3_철도보호지구에서의 행위신고(필요시)\표준서\철도보호지구 행위신고_표준서.html", "👉 [클릭] 표준서 열기 📄") | O4: 1) 궤도 중심 30m 법정 경계 측량 ➔ 2) 행위신고서/안전계획서 접수 ➔ 3) 관할 철도운영기관 기술 심의 ➔ 4) 운행선안전관리자 현장 1:1 배치 | P4: =HYPERLINK(LEFT(CELL("filename",A1),FIND("[",CELL("filename",A1))-1)&"4.상부강화노반\3_철도보호지구에서의 행위신고(필요시)\수행지침\철도보호지구 행위신고_수행지침.html", "👉 [클릭] 수행지침 열기 📄") | Q4: 궤도 중심 30m 법정 경계 측량(오차 ≤ 5mm), 행위신고서 접수 및 운행선안전관리자 1:1 현장 배치 | R4: =HYPERLINK(LEFT(CELL("filename",A1),FIND("[",CELL("filename",A1))-1)&"4.상부강화노반\3_철도보호지구에서의 행위신고(필요시)\체크리스트\철도보호지구 행위신고_체크리스트.html", "👉 [클릭] 체크리스트 열기 📄")
A5: 9000 | B5: 9000-4 | C5: 상부강화노반 | D5: 9000-4-4 | E5: 9000-4-2 | F5: 9000-4-7 | G5: 착수전 측량 Data 확인 | H5: D-35 (D-60~D-35) | I5: 현장 공사팀 | J5: 본 과업은 공사 착수 전 국가 기준점(CP/TBM)과 3D BIM 계획 표고를 현장에 정밀 세팅하여, 트램 궤도의 선형 오차를 방지하고 시공 전 구간의 수평·수직 기준 신뢰도를 100% 확보하는 것을 목적으로 함. | K5: 1) 국가 CP/TBM 기준점 인수 ➔ 2) GRS80 수준측량(폐합오차 ≤ 5mm√K) ➔ 3) 현장 인조점 3개소 매설 ➔ 4) 측량 성과표 작성 & 3D BIM 승인 | L5: 국가 CP/TBM 기준점 인수, GRS80 수준측량(폐합오차 ≤ 5mm√K) 및 현장 인조점 3개소 매설 성과 | M5: 본 과업은 공사 착수 전 국가 기준점(CP/TBM)과 3D BIM 계획 표고를 현장에 정밀 세팅하여, 트램 궤도의 선형 오차를 방지하고 시공 전 구간의 수평·수직 기준 신뢰도를 100% 확보하는 것을 목적으로 함. | N5: =HYPERLINK(LEFT(CELL("filename",A1),FIND("[",CELL("filename",A1))-1)&"4.상부강화노반\4_착수전 측량 Data 확인\표준서\착수전 측량 Data 확인_표준서.html", "👉 [클릭] 표준서 열기 📄") | O5: 1) 국가 CP/TBM 기준점 인수 ➔ 2) GRS80 수준측량(폐합오차 ≤ 5mm√K) ➔ 3) 현장 인조점 3개소 매설 ➔ 4) 측량 성과표 작성 & 3D BIM 승인 | P5: =HYPERLINK(LEFT(CELL("filename",A1),FIND("[",CELL("filename",A1))-1)&"4.상부강화노반\4_착수전 측량 Data 확인\수행지침\착수전 측량 Data 확인_수행지침.html", "👉 [클릭] 수행지침 열기 📄") | Q5: 국가 CP/TBM 기준점 인수, GRS80 수준측량(폐합오차 ≤ 5mm√K) 및 현장 인조점 3개소 매설 성과 | R5: =HYPERLINK(LEFT(CELL("filename",A1),FIND("[",CELL("filename",A1))-1)&"4.상부강화노반\4_착수전 측량 Data 확인\체크리스트\착수전 측량 Data 확인_체크리스트.html", "👉 [클릭] 체크리스트 열기 📄")
A6: 9000 | B6: 9000-4 | C6: 상부강화노반 | D6: 9000-4-5 | E6: 9000-4-2 | F6: 9000-4-7, 9000-4-8 | G6: 지장물이설 협의 | H6: D-40 (D-60~D-40) | I6: 현장 공사팀 | J6: 본 과업은 노반 굴착 구역 내 매설된 가스관, 전력선, 상하수도 등 지하 지장물의 간섭 및 파손 사고를 예방하기 위해, GPR 탐사 및 인력 시탐을 통해 지장물 위치를 정밀 확인하고 관할 점용기관과의 이설 및 방호 협의를 완수하는 것을 목적으로 함. | K6: 1) GPR 3D 지중 관로 탐사 ➔ 2) 인력 시탐 줄파기(깊이 1.5m) ➔ 3) 관할 점용기관 1:1 현장 입회 ➔ 4) 매달기 방호 & 지장물 이설 완료 승인 | L6: GPR 3D 관로 탐사, 인력 시탐 줄파기(깊이 1.5m) 및 점용기관 1:1 현장 입회 매달기 방호 | M6: 본 과업은 노반 굴착 구역 내 매설된 가스관, 전력선, 상하수도 등 지하 지장물의 간섭 및 파손 사고를 예방하기 위해, GPR 탐사 및 인력 시탐을 통해 지장물 위치를 정밀 확인하고 관할 점용기관과의 이설 및 방호 협의를 완수하는 것을 목적으로 함. | N6: =HYPERLINK(LEFT(CELL("filename",A1),FIND("[",CELL("filename",A1))-1)&"4.상부강화노반\5_지장물이설 협의\표준서\지장물이설 협의_표준서.html", "👉 [클릭] 표준서 열기 📄") | O6: 1) GPR 3D 지중 관로 탐사 ➔ 2) 인력 시탐 줄파기(깊이 1.5m) ➔ 3) 관할 점용기관 1:1 현장 입회 ➔ 4) 매달기 방호 & 지장물 이설 완료 승인 | P6: =HYPERLINK(LEFT(CELL("filename",A1),FIND("[",CELL("filename",A1))-1)&"4.상부강화노반\5_지장물이설 협의\수행지침\지장물이설 협의_수행지침.html", "👉 [클릭] 수행지침 열기 📄") | Q6: GPR 3D 관로 탐사, 인력 시탐 줄파기(깊이 1.5m) 및 점용기관 1:1 현장 입회 매달기 방호 | R6: =HYPERLINK(LEFT(CELL("filename",A1),FIND("[",CELL("filename",A1))-1)&"4.상부강화노반\5_지장물이설 협의\체크리스트\지장물이설 협의_체크리스트.html", "👉 [클릭] 체크리스트 열기 📄")
A7: 9000 | B7: 9000-4 | C7: 상부강화노반 | D7: 9000-4-6 | E7: 9000-4-3 | F7: 9000-4-8 | G7: 용지보상RISK 검토 | H7: D-40 (D-60~D-40) | I7: 현장 공사팀 | J7: 본 과업은 미보상 사유지 및 민원 구역 현출을 통해 공사 진입 차단 및 공기 지연 리스크를 사전에 식별하고, 우회 토공 동선 확보 및 현장 안전 펜스 설치 등 원활한 공사 추진 환경을 조성하는 것을 목적으로 함. | K7: 1) 미보상 사유지 필지 추출 ➔ 2) 경계 가설 펜스(H=1.8m) 차단 ➔ 3) 3D 우회 토공 동선 수립 ➔ 4) 용지 보상 리스크 대책 감리 승인 | L7: 미보상 사유지 경계 현출, 가설 펜스(H=1.8m) 차단 및 3D 우회 토공 동선 마일스톤 연동 | M7: 본 과업은 미보상 사유지 및 민원 구역 현출을 통해 공사 진입 차단 및 공기 지연 리스크를 사전에 식별하고, 우회 토공 동선 확보 및 현장 안전 펜스 설치 등 원활한 공사 추진 환경을 조성하는 것을 목적으로 함. | N7: =HYPERLINK(LEFT(CELL("filename",A1),FIND("[",CELL("filename",A1))-1)&"4.상부강화노반\6_용지보상RISK 검토\표준서\용지보상RISK 검토_표준서.html", "👉 [클릭] 표준서 열기 📄") | O7: 1) 미보상 사유지 필지 추출 ➔ 2) 경계 가설 펜스(H=1.8m) 차단 ➔ 3) 3D 우회 토공 동선 수립 ➔ 4) 용지 보상 리스크 대책 감리 승인 | P7: =HYPERLINK(LEFT(CELL("filename",A1),FIND("[",CELL("filename",A1))-1)&"4.상부강화노반\6_용지보상RISK 검토\수행지침\용지보상RISK 검토_수행지침.html", "👉 [클릭] 수행지침 열기 📄") | Q7: 미보상 사유지 경계 현출, 가설 펜스(H=1.8m) 차단 및 3D 우회 토공 동선 마일스톤 연동 | R7: =HYPERLINK(LEFT(CELL("filename",A1),FIND("[",CELL("filename",A1))-1)&"4.상부강화노반\6_용지보상RISK 검토\체크리스트\용지보상RISK 검토_체크리스트.html", "👉 [클릭] 체크리스트 열기 📄")
A8: 9000 | B8: 9000-4 | C8: 상부강화노반 | D8: 9000-4-7 | E8: 9000-4-4, 9000-4-5 | F8: 9000-4-9, 9000-4-10 | G8: 최고의 팀 만들기 지원 | H8: D-50 (D-60~D-50) | I8: 현장 공사팀 | J8: 본 과업은 발주처, 감리단, 시공사 간 전담 기술 조직을 구성하고 수시 소통 체계를 구축하여, 토공 및 노반 시공 과정에서 발생하는 현장 문제에 즉각 대응하고 고품질·무재해 현장을 구현하는 것을 목적으로 함. | K8: 1) 전담 기술자 1:1 배치 ➔ 2) 3자 주간 소통 회의 개최 ➔ 3) 근로자 환경 개선 & TBM ➔ 4) One-Team 전담 조직표 서면 승인 | L8: 토공 전담 기술자 1:1 배치, 발주·감리·시공 3자 주간 소통 회의 및 일일 TBM/복지 지원 | M8: 본 과업은 발주처, 감리단, 시공사 간 전담 기술 조직을 구성하고 수시 소통 체계를 구축하여, 토공 및 노반 시공 과정에서 발생하는 현장 문제에 즉각 대응하고 고품질·무재해 현장을 구현하는 것을 목적으로 함. | N8: =HYPERLINK(LEFT(CELL("filename",A1),FIND("[",CELL("filename",A1))-1)&"4.상부강화노반\7_최고의 팀 만들기 지원\표준서\최고의 팀 만들기 지원_표준서.html", "👉 [클릭] 표준서 열기 📄") | O8: 1) 전담 기술자 1:1 배치 ➔ 2) 3자 주간 소통 회의 개최 ➔ 3) 근로자 환경 개선 & TBM ➔ 4) One-Team 전담 조직표 서면 승인 | P8: =HYPERLINK(LEFT(CELL("filename",A1),FIND("[",CELL("filename",A1))-1)&"4.상부강화노반\7_최고의 팀 만들기 지원\수행지침\최고의 팀 만들기 지원_수행지침.html", "👉 [클릭] 수행지침 열기 📄") | Q8: 토공 전담 기술자 1:1 배치, 발주·감리·시공 3자 주간 소통 회의 및 일일 TBM/복지 지원 | R8: =HYPERLINK(LEFT(CELL("filename",A1),FIND("[",CELL("filename",A1))-1)&"4.상부강화노반\7_최고의 팀 만들기 지원\체크리스트\최고의 팀 만들기 지원_체크리스트.html", "👉 [클릭] 체크리스트 열기 📄")
A9: 9000 | B9: 9000-4 | C9: 상부강화노반 | D9: 9000-4-8 | E9: 9000-4-5, 9000-4-6 | F9: 9000-4-10 | G9: 연약지반 처리공법 검토(필요시) | H9: D-35 (D-60~D-40) | I9: 현장 공사팀 | J9: 본 과업은 지반 조사 결과 연약 지반으로 도출된 구간에 대해 하중 재하 시 예상 침하량을 산출하고, 시공성 및 경제성을 고려한 지반 개량 공법(PVD/DCM 등)을 최종 확정하여 장기 침하를 방지하는 것을 목적으로 함. | K9: 1) 시공계획서 표준 8대 목차 작성 ➔ 2) KCS 47 10 25 수치 명시 ➔ 3) 착공 14일 전 감리단 제출 ➔ 4) 책임감리원 최종 서면 승인 | L9: 시공계획서 표준 8대 목차, KCS 47 10 25 다짐 수칙 수록 및 착공 14일 전 감리 서면 승인 | M9: 본 과업은 지반 조사 결과 연약 지반으로 도출된 구간에 대해 하중 재하 시 예상 침하량을 산출하고, 시공성 및 경제성을 고려한 지반 개량 공법(PVD/DCM 등)을 최종 확정하여 장기 침하를 방지하는 것을 목적으로 함. | N9: =HYPERLINK(LEFT(CELL("filename",A1),FIND("[",CELL("filename",A1))-1)&"4.상부강화노반\8_연약지반 처리공법 검토(필요시)\표준서\연약지반 처리공법 검토_표준서.html", "👉 [클릭] 표준서 열기 📄") | O9: 1) 시공계획서 표준 8대 목차 작성 ➔ 2) KCS 47 10 25 수치 명시 ➔ 3) 착공 14일 전 감리단 제출 ➔ 4) 책임감리원 최종 서면 승인 | P9: =HYPERLINK(LEFT(CELL("filename",A1),FIND("[",CELL("filename",A1))-1)&"4.상부강화노반\8_연약지반 처리공법 검토(필요시)\수행지침\연약지반 처리공법 검토_수행지침.html", "👉 [클릭] 수행지침 열기 📄") | Q9: 시공계획서 표준 8대 목차, KCS 47 10 25 다짐 수칙 수록 및 착공 14일 전 감리 서면 승인 | R9: =HYPERLINK(LEFT(CELL("filename",A1),FIND("[",CELL("filename",A1))-1)&"4.상부강화노반\8_연약지반 처리공법 검토(필요시)\체크리스트\연약지반 처리공법 검토_체크리스트.html", "👉 [클릭] 체크리스트 열기 📄")
A10: 9000 | B10: 9000-4 | C10: 상부강화노반 | D10: 9000-4-9 | E10: 9000-4-7 | F10: 9000-4-11, 9000-4-12 | G10: 토공 유동표 확인 | H10: D-35 (D-45~D-35) | I10: 현장 공사팀 | J10: 본 과업은 트램 노선 전 구간의 굴착 토사 발생량과 성토 필요량을 상호 연계·분석하여, 토사 유입·유출 밸런스를 최적화하고 운반 거리 단축 및 공사비 절감을 달성하는 것을 목적으로 함. | K10: 1) 토공 롤러/그레이더 조종원 자격 검증 ➔ 2) 건설기계 면허증 1:1 대조 ➔ 3) 일일 음주 측정 & Safety TBM ➔ 4) 작업조 편성표 감리 승인 | L10: 조종원/기술자 자격 수첩 1:1 대조, 건설기계 면허증 검증 및 일일 음주 측정(0.00%)/TBM | M10: 본 과업은 트램 노선 전 구간의 굴착 토사 발생량과 성토 필요량을 상호 연계·분석하여, 토사 유입·유출 밸런스를 최적화하고 운반 거리 단축 및 공사비 절감을 달성하는 것을 목적으로 함. | N10: =HYPERLINK(LEFT(CELL("filename",A1),FIND("[",CELL("filename",A1))-1)&"4.상부강화노반\9_토공 유동표 확인\표준서\토공 유동표 확인_표준서.html", "👉 [클릭] 표준서 열기 📄") | O10: 1) 토공 롤러/그레이더 조종원 자격 검증 ➔ 2) 건설기계 면허증 1:1 대조 ➔ 3) 일일 음주 측정 & Safety TBM ➔ 4) 작업조 편성표 감리 승인 | P10: =HYPERLINK(LEFT(CELL("filename",A1),FIND("[",CELL("filename",A1))-1)&"4.상부강화노반\9_토공 유동표 확인\수행지침\토공 유동표 확인_수행지침.html", "👉 [클릭] 수행지침 열기 📄") | Q10: 조종원/기술자 자격 수첩 1:1 대조, 건설기계 면허증 검증 및 일일 음주 측정(0.00%)/TBM | R10: =HYPERLINK(LEFT(CELL("filename",A1),FIND("[",CELL("filename",A1))-1)&"4.상부강화노반\9_토공 유동표 확인\체크리스트\토공 유동표 확인_체크리스트.html", "👉 [클릭] 체크리스트 열기 📄")
A11: 9000 | B11: 9000-4 | C11: 상부강화노반 | D11: 9000-4-10 | E11: 9000-4-7, 9000-4-8 | F11: 9000-4-12, 9000-4-13 | G11: 기공승낙 적정성 검토 | H11: D-30 (D-50~D-30) | I11: 현장 공사팀 | J11: 본 과업은 공사 부지 내 국공유지 및 사유지 사용 승인 상태를 사전 검증하여, 시공 중 법적 분쟁이나 장비 진입 차단 등의 공사 중단 리스크를 근본적으로 제거하는 것을 목적으로 함. | K11: 1) 10t+ 강동/타이어 롤러 사양 확정 ➔ 2) 정기검사증 & 등록증 검수 ➔ 3) 3D GPS 수신기/후방 카메라 점검 ➔ 4) 장비 반입 승인서 감리 결재 | L11: 자중 10t+ 강동/타이어 롤러 정기검사증, 3D GPS 수신기/후방 카메라 센서 테스트 및 반입 승인 | M11: 본 과업은 공사 부지 내 국공유지 및 사유지 사용 승인 상태를 사전 검증하여, 시공 중 법적 분쟁이나 장비 진입 차단 등의 공사 중단 리스크를 근본적으로 제거하는 것을 목적으로 함. | N11: =HYPERLINK(LEFT(CELL("filename",A1),FIND("[",CELL("filename",A1))-1)&"4.상부강화노반\10_기공승낙 적정성 검토\표준서\기공승낙 적정성 검토_표준서.html", "👉 [클릭] 표준서 열기 📄") | O11: 1) 10t+ 강동/타이어 롤러 사양 확정 ➔ 2) 정기검사증 & 등록증 검수 ➔ 3) 3D GPS 수신기/후방 카메라 점검 ➔ 4) 장비 반입 승인서 감리 결재 | P11: =HYPERLINK(LEFT(CELL("filename",A1),FIND("[",CELL("filename",A1))-1)&"4.상부강화노반\10_기공승낙 적정성 검토\수행지침\기공승낙 적정성 검토_수행지침.html", "👉 [클릭] 수행지침 열기 📄") | Q11: 자중 10t+ 강동/타이어 롤러 정기검사증, 3D GPS 수신기/후방 카메라 센서 테스트 및 반입 승인 | R11: =HYPERLINK(LEFT(CELL("filename",A1),FIND("[",CELL("filename",A1))-1)&"4.상부강화노반\10_기공승낙 적정성 검토\체크리스트\기공승낙 적정성 검토_체크리스트.html", "👉 [클릭] 체크리스트 열기 📄")
A12: 9000 | B12: 9000-4 | C12: 상부강화노반 | D12: 9000-4-11 | E12: 9000-4-9 | F12: 9000-4-14 | G12: 폐기물처리계획 수립 | H12: D-30 (D-40~D-30) | I12: 현장 공사팀 | J12: 본 과업은 건설 굴착 시 발생하는 토사, 아스콘, 콘크리트 폐기물의 성상을 분류하고 관련 법령에 따른 적정 처리 절차를 수립하여, 환경 오염 예방 및 법적 위반 리스크를 차단하는 것을 목적으로 함. | K12: 1) 석산 공급원 사전 승인 수속 ➔ 2) 쇄석 입도(Dmax 50mm) 체가름 시험 ➔ 3) 수정다짐 CBR(≥30%) 성적 산출 ➔ 4) 노반 재료 입도 DB 감리 승인 | L12: 쇄석 최대입경(Dmax ≤ 50mm), #200체 통과량(≤ 5%) 및 수정다짐 CBR(≥ 30%) 성적서 DB | M12: 본 과업은 건설 굴착 시 발생하는 토사, 아스콘, 콘크리트 폐기물의 성상을 분류하고 관련 법령에 따른 적정 처리 절차를 수립하여, 환경 오염 예방 및 법적 위반 리스크를 차단하는 것을 목적으로 함. | N12: =HYPERLINK(LEFT(CELL("filename",A1),FIND("[",CELL("filename",A1))-1)&"4.상부강화노반\11_폐기물처리계획 수립\표준서\폐기물처리계획 수립_표준서.html", "👉 [클릭] 표준서 열기 📄") | O12: 1) 석산 공급원 사전 승인 수속 ➔ 2) 쇄석 입도(Dmax 50mm) 체가름 시험 ➔ 3) 수정다짐 CBR(≥30%) 성적 산출 ➔ 4) 노반 재료 입도 DB 감리 승인 | P12: =HYPERLINK(LEFT(CELL("filename",A1),FIND("[",CELL("filename",A1))-1)&"4.상부강화노반\11_폐기물처리계획 수립\수행지침\폐기물처리계획 수립_수행지침.html", "👉 [클릭] 수행지침 열기 📄") | Q12: 쇄석 최대입경(Dmax ≤ 50mm), #200체 통과량(≤ 5%) 및 수정다짐 CBR(≥ 30%) 성적서 DB | R12: =HYPERLINK(LEFT(CELL("filename",A1),FIND("[",CELL("filename",A1))-1)&"4.상부강화노반\11_폐기물처리계획 수립\체크리스트\폐기물처리계획 수립_체크리스트.html", "👉 [클릭] 체크리스트 열기 📄")
A13: 9000 | B13: 9000-4 | C13: 상부강화노반 | D13: 9000-4-12 | E13: 9000-4-9, 9000-4-10 | F13: 9000-4-14, 9000-4-15 | G13: 철도운행협의(필요시) | H13: D-30 (D-40~D-30) | I13: 현장 공사팀 | J13: 본 과업은 운행선 인접 공사 시 열차 운행 시간표와 공사 작업 시간을 정밀 조정하여, 열차 정시 운행 보장 및 작업자 안전을 확보하는 것을 목적으로 함. | K13: 1) 화성시 정식 사토장 허가 검증 ➔ 2) γd max ≥ 1.90g/cm³ & 오염 시험 ➔ 3) 덤프 운행 송장 일일 집계 ➔ 4) 사토 계획서 감리 서면 승인 | L13: 화성시 정식 사토장 인허가, 최대건조밀도 γd max ≥ 1.90g/cm³ 및 토양오염 8개 항목 검사 합격 | M13: 본 과업은 운행선 인접 공사 시 열차 운행 시간표와 공사 작업 시간을 정밀 조정하여, 열차 정시 운행 보장 및 작업자 안전을 확보하는 것을 목적으로 함. | N13: =HYPERLINK(LEFT(CELL("filename",A1),FIND("[",CELL("filename",A1))-1)&"4.상부강화노반\12_철도운행협의(필요시)\표준서\철도운행협의_표준서.html", "👉 [클릭] 표준서 열기 📄") | O13: 1) 화성시 정식 사토장 허가 검증 ➔ 2) γd max ≥ 1.90g/cm³ & 오염 시험 ➔ 3) 덤프 운행 송장 일일 집계 ➔ 4) 사토 계획서 감리 서면 승인 | P13: =HYPERLINK(LEFT(CELL("filename",A1),FIND("[",CELL("filename",A1))-1)&"4.상부강화노반\12_철도운행협의(필요시)\수행지침\철도운행협의_수행지침.html", "👉 [클릭] 수행지침 열기 📄") | Q13: 화성시 정식 사토장 인허가, 최대건조밀도 γd max ≥ 1.90g/cm³ 및 토양오염 8개 항목 검사 합격 | R13: =HYPERLINK(LEFT(CELL("filename",A1),FIND("[",CELL("filename",A1))-1)&"4.상부강화노반\12_철도운행협의(필요시)\체크리스트\철도운행협의_체크리스트.html", "👉 [클릭] 체크리스트 열기 📄")
A14: 9000 | B14: 9000-4 | C14: 상부강화노반 | D14: 9000-4-13 | E14: 9000-4-10 | F14: 9000-4-15 | G14: 작수전 Big Room 회의 | H14: D-40 | I14: 현장 공사팀 | J14: 본 과업은 공사 착수 전 분야별(토목, 궤도, 건축, 신호, 전력) 전문가가 한자리에 모여 3D BIM 기반으로 설계 간섭 및 시공 위험 요소를 사전에 발굴·해소하는 것을 목적으로 함. | K14: 1) 가배수로(0.6×0.6m) & 가침사지 설계 ➔ 2) HDPE 유공관(Ø200mm) 자재 검수 ➔ 3) 비상 양수 펌프(200L/min) 비치 ➔ 4) 배수 처리 계획서 감리 승인 | L14: 성토 사면 가배수로(0.6×0.6m), 가침사지 2개소 및 HDPE 유공관(Ø200mm, 구배 ≥ 0.5%) 설치 | M14: 본 과업은 공사 착수 전 분야별(토목, 궤도, 건축, 신호, 전력) 전문가가 한자리에 모여 3D BIM 기반으로 설계 간섭 및 시공 위험 요소를 사전에 발굴·해소하는 것을 목적으로 함. | N14: =HYPERLINK(LEFT(CELL("filename",A1),FIND("[",CELL("filename",A1))-1)&"4.상부강화노반\13_작수전 Big Room 회의\표준서\작수전 Big Room 회의_표준서.html", "👉 [클릭] 표준서 열기 📄") | O14: 1) 가배수로(0.6×0.6m) & 가침사지 설계 ➔ 2) HDPE 유공관(Ø200mm) 자재 검수 ➔ 3) 비상 양수 펌프(200L/min) 비치 ➔ 4) 배수 처리 계획서 감리 승인 | P14: =HYPERLINK(LEFT(CELL("filename",A1),FIND("[",CELL("filename",A1))-1)&"4.상부강화노반\13_작수전 Big Room 회의\수행지침\작수전 Big Room 회의_수행지침.html", "👉 [클릭] 수행지침 열기 📄") | Q14: 성토 사면 가배수로(0.6×0.6m), 가침사지 2개소 및 HDPE 유공관(Ø200mm, 구배 ≥ 0.5%) 설치 | R14: =HYPERLINK(LEFT(CELL("filename",A1),FIND("[",CELL("filename",A1))-1)&"4.상부강화노반\13_작수전 Big Room 회의\체크리스트\작수전 Big Room 회의_체크리스트.html", "👉 [클릭] 체크리스트 열기 📄")
A15: 9000 | B15: 9000-4 | C15: 상부강화노반 | D15: 9000-4-14 | E15: 9000-4-11, 9000-4-12 | F15: 9000-4-16, 9000-4-17 | G15: 시공 계획 수립 | H15: D-30 | I15: 현장 공사팀 | J15: 본 과업은 상부강화노반 공사의 품질, 공정, 안전, 환경 관리 세부 이행 방안을 체계적으로 수립하여, 시방 기준에 부합하는 정밀 시공을 보장하는 것을 목적으로 함. | K15: 1) 건진법 제62조 안전관리계획 작성 ➔ 2) 국토안전관리원 전산 적정 심사 ➔ 3) CSI 안전관리 종합망 등록 ➔ 4) 책임감리원 서면 승인 | L15: 건진법 제62조 안전관리계획서 작성, 국토안전관리원 적정 심사 및 CSI 전산망 등록 결재 | M15: 본 과업은 상부강화노반 공사의 품질, 공정, 안전, 환경 관리 세부 이행 방안을 체계적으로 수립하여, 시방 기준에 부합하는 정밀 시공을 보장하는 것을 목적으로 함. | N15: =HYPERLINK(LEFT(CELL("filename",A1),FIND("[",CELL("filename",A1))-1)&"4.상부강화노반\14_시공 계획 수립\표준서\시공 계획 수립_표준서.html", "👉 [클릭] 표준서 열기 📄") | O15: 1) 건진법 제62조 안전관리계획 작성 ➔ 2) 국토안전관리원 전산 적정 심사 ➔ 3) CSI 안전관리 종합망 등록 ➔ 4) 책임감리원 서면 승인 | P15: =HYPERLINK(LEFT(CELL("filename",A1),FIND("[",CELL("filename",A1))-1)&"4.상부강화노반\14_시공 계획 수립\수행지침\시공 계획 수립_수행지침.html", "👉 [클릭] 수행지침 열기 📄") | Q15: 건진법 제62조 안전관리계획서 작성, 국토안전관리원 적정 심사 및 CSI 전산망 등록 결재 | R15: =HYPERLINK(LEFT(CELL("filename",A1),FIND("[",CELL("filename",A1))-1)&"4.상부강화노반\14_시공 계획 수립\체크리스트\시공 계획 수립_체크리스트.html", "👉 [클릭] 체크리스트 열기 📄")
A16: 9000 | B16: 9000-4 | C16: 상부강화노반 | D16: 9000-4-15 | E16: 9000-4-12, 9000-4-13 | F16: 9000-4-17, 9000-4-18 | G16: 사토장/토취장 선정 검토(필요시) | H16: D-30 (D-50~D-30) | I16: 현장 공사팀 | J16: 본 과업은 토공 유동 잔여 토사의 사토장 및 부족 성토재 공급을 위한 토취장의 위치, 운반 거리, 허가 유무를 검토하여 효율적 토사 수급 환경을 구축하는 것을 목적으로 함. | K16: 1) 다짐도/K30/Ev2 시험 빈도 수립 ➔ 2) 현장 시험실 장비 교정 검수 ➔ 3) 착공 14일 전 감리단 제출 ➔ 4) 품질관리계획서 감리 서면 승인 | L16: 노반 다짐도(500m³당 1회), K30(2,000m²당 1회), Ev2(1,000m²당 1회) 시험 빈도 & 장비 교정 | M16: 본 과업은 토공 유동 잔여 토사의 사토장 및 부족 성토재 공급을 위한 토취장의 위치, 운반 거리, 허가 유무를 검토하여 효율적 토사 수급 환경을 구축하는 것을 목적으로 함. | N16: =HYPERLINK(LEFT(CELL("filename",A1),FIND("[",CELL("filename",A1))-1)&"4.상부강화노반\15_사토장_토취장 선정 검토(필요시)\표준서\사토장_토취장 선정 검토_표준서.html", "👉 [클릭] 표준서 열기 📄") | O16: 1) 다짐도/K30/Ev2 시험 빈도 수립 ➔ 2) 현장 시험실 장비 교정 검수 ➔ 3) 착공 14일 전 감리단 제출 ➔ 4) 품질관리계획서 감리 서면 승인 | P16: =HYPERLINK(LEFT(CELL("filename",A1),FIND("[",CELL("filename",A1))-1)&"4.상부강화노반\15_사토장_토취장 선정 검토(필요시)\수행지침\사토장_토취장 선정 검토_수행지침.html", "👉 [클릭] 수행지침 열기 📄") | Q16: 노반 다짐도(500m³당 1회), K30(2,000m²당 1회), Ev2(1,000m²당 1회) 시험 빈도 & 장비 교정 | R16: =HYPERLINK(LEFT(CELL("filename",A1),FIND("[",CELL("filename",A1))-1)&"4.상부강화노반\15_사토장_토취장 선정 검토(필요시)\체크리스트\사토장_토취장 선정 검토_체크리스트.html", "👉 [클릭] 체크리스트 열기 📄")
A17: 9000 | B17: 9000-4 | C17: 상부강화노반 | D17: 9000-4-16 | E17: 9000-4-14 | F17: 9000-4-19 | G17: 공사사전준비 | H17: D-20 | I17: 현장 공사팀 | J17: 본 과업은 현장 사무소, 가설 펜스, 가배수로, 중장비 진출입로 등 초기 가설 인프라를 신속히 완비하여 본격적인 토공사 착수 여건을 마련하는 것을 목적으로 함. | K17: 1) 세륜기(깊이 1.2m) & 방음벽(3m) 설계 ➔ 2) 지자체 비산먼지 발생신고 ➔ 3) 살수차 1일 3회 살수 ➔ 4) 환경관리계획서 감리 서면 승인 | L17: 지자체 비산먼지 발생신고 필증, 이동식 세륜기(깊이 1.2m) & 가설 방음벽(H=3m) 가동 점검 | M17: 본 과업은 현장 사무소, 가설 펜스, 가배수로, 중장비 진출입로 등 초기 가설 인프라를 신속히 완비하여 본격적인 토공사 착수 여건을 마련하는 것을 목적으로 함. | N17: =HYPERLINK(LEFT(CELL("filename",A1),FIND("[",CELL("filename",A1))-1)&"4.상부강화노반\16_공사사전준비\표준서\공사사전준비_표준서.html", "👉 [클릭] 표준서 열기 📄") | O17: 1) 세륜기(깊이 1.2m) & 방음벽(3m) 설계 ➔ 2) 지자체 비산먼지 발생신고 ➔ 3) 살수차 1일 3회 살수 ➔ 4) 환경관리계획서 감리 서면 승인 | P17: =HYPERLINK(LEFT(CELL("filename",A1),FIND("[",CELL("filename",A1))-1)&"4.상부강화노반\16_공사사전준비\수행지침\공사사전준비_수행지침.html", "👉 [클릭] 수행지침 열기 📄") | Q17: 지자체 비산먼지 발생신고 필증, 이동식 세륜기(깊이 1.2m) & 가설 방음벽(H=3m) 가동 점검 | R17: =HYPERLINK(LEFT(CELL("filename",A1),FIND("[",CELL("filename",A1))-1)&"4.상부강화노반\16_공사사전준비\체크리스트\공사사전준비_체크리스트.html", "👉 [클릭] 체크리스트 열기 📄")
A18: 9000 | B18: 9000-4 | C18: 상부강화노반 | D18: 9000-4-17 | E18: 9000-4-14, 9000-4-15 | F18: 9000-4-19, 9000-4-20 | G18: 임시배수시설 | H18: D-25 (D-30~D-25) | I18: 현장 공사팀 | J18: 본 과업은 강우 시 현장 침수 및 토사 유출로 인한 사면 붕괴를 예방하기 위해, 가배수로, 가침사지, 양수 설비를 적시 배치하여 현장 안전을 확보하는 것을 목적으로 함. | K18: 1) 교통 우회 도면 & 차선 설계 ➔ 2) 동탄경찰서 도로점용 허가 ➔ 3) 전담 신호수(2인 2조) 배치 ➔ 4) 교통소통 대책서 감리 서면 승인 | L18: 동탄경찰서 도로점용 허가, 우회 차선 설계 및 전담 안전 신호수(2인 2조)/LED 경광등 배치 | M18: 본 과업은 강우 시 현장 침수 및 토사 유출로 인한 사면 붕괴를 예방하기 위해, 가배수로, 가침사지, 양수 설비를 적시 배치하여 현장 안전을 확보하는 것을 목적으로 함. | N18: =HYPERLINK(LEFT(CELL("filename",A1),FIND("[",CELL("filename",A1))-1)&"4.상부강화노반\17_임시배수시설\표준서\임시배수시설_표준서.html", "👉 [클릭] 표준서 열기 📄") | O18: 1) 교통 우회 도면 & 차선 설계 ➔ 2) 동탄경찰서 도로점용 허가 ➔ 3) 전담 신호수(2인 2조) 배치 ➔ 4) 교통소통 대책서 감리 서면 승인 | P18: =HYPERLINK(LEFT(CELL("filename",A1),FIND("[",CELL("filename",A1))-1)&"4.상부강화노반\17_임시배수시설\수행지침\임시배수시설_수행지침.html", "👉 [클릭] 수행지침 열기 📄") | Q18: 동탄경찰서 도로점용 허가, 우회 차선 설계 및 전담 안전 신호수(2인 2조)/LED 경광등 배치 | R18: =HYPERLINK(LEFT(CELL("filename",A1),FIND("[",CELL("filename",A1))-1)&"4.상부강화노반\17_임시배수시설\체크리스트\임시배수시설_체크리스트.html", "👉 [클릭] 체크리스트 열기 📄")
A19: 9000 | B19: 9000-4 | C19: 상부강화노반 | D19: 9000-4-18 | E19: 9000-4-15 | F19: 9000-4-20 | G19: 쌓기재료 검사 | H19: D-10 (D-30~D-10) | I19: 현장 공사팀 | J19: 본 과업은 노반 성토에 투입되는 토사 및 쇄석 재료의 입도, CBR, 최대건조밀도 등 물리적 특성을 사전에 시험·검증하여 품질 기준을 충족하는 적격 재료만을 선별 투입하는 것을 목적으로 함. | K19: 1) 토공 전문 면허 & 실적 심사 ➔ 2) 하도급 적정성 평가(≥82%) ➔ 3) 노무비 지급 전용계좌 지정 ➔ 4) 하도급 계약 승인 통보서 결재 | L19: 토공 전문건설업 면허/실적 심사, 하도급 비율(≥ 82%) 평가 및 노무비 지급 전용계좌 지정 | M19: 본 과업은 노반 성토에 투입되는 토사 및 쇄석 재료의 입도, CBR, 최대건조밀도 등 물리적 특성을 사전에 시험·검증하여 품질 기준을 충족하는 적격 재료만을 선별 투입하는 것을 목적으로 함. | N19: =HYPERLINK(LEFT(CELL("filename",A1),FIND("[",CELL("filename",A1))-1)&"4.상부강화노반\18_쌓기재료 검사\표준서\쌓기재료 검사_표준서.html", "👉 [클릭] 표준서 열기 📄") | O19: 1) 토공 전문 면허 & 실적 심사 ➔ 2) 하도급 적정성 평가(≥82%) ➔ 3) 노무비 지급 전용계좌 지정 ➔ 4) 하도급 계약 승인 통보서 결재 | P19: =HYPERLINK(LEFT(CELL("filename",A1),FIND("[",CELL("filename",A1))-1)&"4.상부강화노반\18_쌓기재료 검사\수행지침\쌓기재료 검사_수행지침.html", "👉 [클릭] 수행지침 열기 📄") | Q19: 토공 전문건설업 면허/실적 심사, 하도급 비율(≥ 82%) 평가 및 노무비 지급 전용계좌 지정 | R19: =HYPERLINK(LEFT(CELL("filename",A1),FIND("[",CELL("filename",A1))-1)&"4.상부강화노반\18_쌓기재료 검사\체크리스트\쌓기재료 검사_체크리스트.html", "👉 [클릭] 체크리스트 열기 📄")
A20: 9000 | B20: 9000-4 | C20: 상부강화노반 | D20: 9000-4-19 | E20: 9000-4-16, 9000-4-17 | F20: 9000-4-21, 9000-4-22 | G20: 장비 검수 지원 | H20: D-10 | I20: 현장 공사팀 | J20: 본 과업은 다짐 롤러, 모터그레이더, 굴착기 등 투입 건설기계의 작동 상태, 안전 장치, 교정 성적을 사전 점검하여 시공 효율성 증대 및 장비 사고를 예방하는 것을 목적으로 함. | K20: 1) KS F 2527 쇄석/유공관 서류 검토 ➔ 2) 공인시험기관 시험성적서 부착 ➔ 3) 자재 승인 신청서 제출 ➔ 4) 자재 반입 검수 및 승인 결재 | L20: KS F 2527 쇄석골재, HDPE 유공관, 투수성 부직포(200g/m²) 공인성적서 및 현장 반입 검수 | M20: 본 과업은 다짐 롤러, 모터그레이더, 굴착기 등 투입 건설기계의 작동 상태, 안전 장치, 교정 성적을 사전 점검하여 시공 효율성 증대 및 장비 사고를 예방하는 것을 목적으로 함. | N20: =HYPERLINK(LEFT(CELL("filename",A1),FIND("[",CELL("filename",A1))-1)&"4.상부강화노반\19_장비 검수 지원\표준서\장비 검수 지원_표준서.html", "👉 [클릭] 표준서 열기 📄") | O20: 1) KS F 2527 쇄석/유공관 서류 검토 ➔ 2) 공인시험기관 시험성적서 부착 ➔ 3) 자재 승인 신청서 제출 ➔ 4) 자재 반입 검수 및 승인 결재 | P20: =HYPERLINK(LEFT(CELL("filename",A1),FIND("[",CELL("filename",A1))-1)&"4.상부강화노반\19_장비 검수 지원\수행지침\장비 검수 지원_수행지침.html", "👉 [클릭] 수행지침 열기 📄") | Q20: KS F 2527 쇄석골재, HDPE 유공관, 투수성 부직포(200g/m²) 공인성적서 및 현장 반입 검수 | R20: =HYPERLINK(LEFT(CELL("filename",A1),FIND("[",CELL("filename",A1))-1)&"4.상부강화노반\19_장비 검수 지원\체크리스트\장비 검수 지원_체크리스트.html", "👉 [클릭] 체크리스트 열기 📄")
A21: 9000 | B21: 9000-4 | C21: 상부강화노반 | D21: 9000-4-20 | E21: 9000-4-17, 9000-4-18 | F21: 9000-4-22, 9000-4-23 | G21: 선로 종/횡단 및 용지경계측량 | H21: D+0~10 | I21: 현장 공사팀 | J21: 본 과업은 트램 중심선 및 용지 경계선을 정밀 측정하여, 계획 중심선 이탈 방지 및 선로 종·횡단 계획 표고 준수 상태를 검증하는 것을 목적으로 함. | K21: 1) 50m 시험 다짐 구간 지정 ➔ 2) 쇄석 30cm 두께 포설 ➔ 3) 패스별 침하량(Δh≤1mm) 측정 ➔ 4) 다짐 횟수(강동 4회) 보고서 승인 | L21: 50m 시험 구간 쇄석 30cm 포설, 패스별 침하량(Δh ≤ 1mm) 실측 및 강동 4회 다짐 횟수 확정 | M21: 본 과업은 트램 중심선 및 용지 경계선을 정밀 측정하여, 계획 중심선 이탈 방지 및 선로 종·횡단 계획 표고 준수 상태를 검증하는 것을 목적으로 함. | N21: =HYPERLINK(LEFT(CELL("filename",A1),FIND("[",CELL("filename",A1))-1)&"4.상부강화노반\20_선로 종_횡단 및 용지경계측량\표준서\선로 종_횡단 및 용지경계측량_표준서.html", "👉 [클릭] 표준서 열기 📄") | O21: 1) 50m 시험 다짐 구간 지정 ➔ 2) 쇄석 30cm 두께 포설 ➔ 3) 패스별 침하량(Δh≤1mm) 측정 ➔ 4) 다짐 횟수(강동 4회) 보고서 승인 | P21: =HYPERLINK(LEFT(CELL("filename",A1),FIND("[",CELL("filename",A1))-1)&"4.상부강화노반\20_선로 종_횡단 및 용지경계측량\수행지침\선로 종_횡단 및 용지경계측량_수행지침.html", "👉 [클릭] 수행지침 열기 📄") | Q21: 50m 시험 구간 쇄석 30cm 포설, 패스별 침하량(Δh ≤ 1mm) 실측 및 강동 4회 다짐 횟수 확정 | R21: =HYPERLINK(LEFT(CELL("filename",A1),FIND("[",CELL("filename",A1))-1)&"4.상부강화노반\20_선로 종_횡단 및 용지경계측량\체크리스트\선로 종_횡단 및 용지경계측량_체크리스트.html", "👉 [클릭] 체크리스트 열기 📄")
A22: 9000 | B22: 9000-4 | C22: 상부강화노반 | D22: 9000-4-21 | E22: 9000-4-19 | F22: 9000-4-24 | G22: 규준틀 설치 | H22: D+0~10 | I22: 현장 공사팀 | J22: 본 과업은 토공 굴착 및 성토 비탈면의 기울기와 마무리면 기준선 위치를 현장에 명확히 표시하여, 시공자가 정밀한 횡단 형상으로 토공을 추진하도록 가이드하는 것을 목적으로 함. | K22: 1) 표토(15~30cm) 제거 & 정전압 다짐 ➔ 2) 원지반 표고 레벨 측량 ➔ 3) K30(≥70 MN/m³) & 펌핑 검측 ➔ 4) 원지반 검측 성과표 감리 승인 | L22: 유기질 표토(15~30cm) 제거전압 다짐, 원지반 K30 ≥ 70 MN/m³ 평판재하 및 덤프 펌핑 점검 | M22: 본 과업은 토공 굴착 및 성토 비탈면의 기울기와 마무리면 기준선 위치를 현장에 명확히 표시하여, 시공자가 정밀한 횡단 형상으로 토공을 추진하도록 가이드하는 것을 목적으로 함. | N22: =HYPERLINK(LEFT(CELL("filename",A1),FIND("[",CELL("filename",A1))-1)&"4.상부강화노반\21_규준틀 설치\표준서\규준틀 설치_표준서.html", "👉 [클릭] 표준서 열기 📄") | O22: 1) 표토(15~30cm) 제거 & 정전압 다짐 ➔ 2) 원지반 표고 레벨 측량 ➔ 3) K30(≥70 MN/m³) & 펌핑 검측 ➔ 4) 원지반 검측 성과표 감리 승인 | P22: =HYPERLINK(LEFT(CELL("filename",A1),FIND("[",CELL("filename",A1))-1)&"4.상부강화노반\21_규준틀 설치\수행지침\규준틀 설치_수행지침.html", "👉 [클릭] 수행지침 열기 📄") | Q22: 유기질 표토(15~30cm) 제거전압 다짐, 원지반 K30 ≥ 70 MN/m³ 평판재하 및 덤프 펌핑 점검 | R22: =HYPERLINK(LEFT(CELL("filename",A1),FIND("[",CELL("filename",A1))-1)&"4.상부강화노반\21_규준틀 설치\체크리스트\규준틀 설치_체크리스트.html", "👉 [클릭] 체크리스트 열기 📄")
A23: 9000 | B23: 9000-4 | C23: 상부강화노반 | D23: 9000-4-22 | E23: 9000-4-19, 9000-4-20 | F23: 9000-4-24, 9000-4-25 | G23: 준비배수 | H23: D+10~200 | I23: 현장 공사팀 | J23: 본 과업은 성토 작업 착수 전 원지반 표면 수분 및 지하수 유입을 차단하기 위해, 준비 배수공을 시행하여 성토재의 밀실한 다짐 여건을 조성하는 것을 목적으로 함. | K23: 1) 하부노반 30cm 층포설 & 다짐 ➔ 2) 들밀도(≥90%) & K30(≥90) 시험 ➔ 3) 마무리면 레벨 오차(±20mm) 검측 ➔ 4) 하부노반 검측서 감리 승인 | L23: 토사 층두께 ≤ 30cm 포설 다짐, 들밀도 다짐도 ≥ 90% (KS F 2311) 및 K30 ≥ 90 MN/m³ 검측 | M23: 본 과업은 성토 작업 착수 전 원지반 표면 수분 및 지하수 유입을 차단하기 위해, 준비 배수공을 시행하여 성토재의 밀실한 다짐 여건을 조성하는 것을 목적으로 함. | N23: =HYPERLINK(LEFT(CELL("filename",A1),FIND("[",CELL("filename",A1))-1)&"4.상부강화노반\22_준비배수\표준서\준비배수_표준서.html", "👉 [클릭] 표준서 열기 📄") | O23: 1) 하부노반 30cm 층포설 & 다짐 ➔ 2) 들밀도(≥90%) & K30(≥90) 시험 ➔ 3) 마무리면 레벨 오차(±20mm) 검측 ➔ 4) 하부노반 검측서 감리 승인 | P23: =HYPERLINK(LEFT(CELL("filename",A1),FIND("[",CELL("filename",A1))-1)&"4.상부강화노반\22_준비배수\수행지침\준비배수_수행지침.html", "👉 [클릭] 수행지침 열기 📄") | Q23: 토사 층두께 ≤ 30cm 포설 다짐, 들밀도 다짐도 ≥ 90% (KS F 2311) 및 K30 ≥ 90 MN/m³ 검측 | R23: =HYPERLINK(LEFT(CELL("filename",A1),FIND("[",CELL("filename",A1))-1)&"4.상부강화노반\22_준비배수\체크리스트\준비배수_체크리스트.html", "👉 [클릭] 체크리스트 열기 📄")
A24: 9000 | B24: 9000-4 | C24: 상부강화노반 | D24: 9000-4-23 | E24: 9000-4-20 | F24: 9000-4-25 | G24: 벌개제근/표토제거 | H24: D+10~25 | I24: 현장 공사팀 | J24: 본 과업은 성토 지반의 잡목, 뿌리, 유기질 표토를 깨끗이 제거하여, 원지반과 성토재 간의 밀착력을 높이고 침하 및 지반 약화 요인을 제거하는 것을 목적으로 함. | K24: 1) 상부노반 토사 30cm 포설 ➔ 2) 맹암거 부직포(200g/m²) 부설 ➔ 3) HDPE 유공관(Ø200mm) 종단 연결 ➔ 4) 상부노반 시공 감리 서면 승인 | L24: 상부노반 토사 30cm 포설, 맹암거 투수성 부직포(200g/m²) 및 HDPE 유공관(Ø200mm) 매몰 검측 | M24: 본 과업은 성토 지반의 잡목, 뿌리, 유기질 표토를 깨끗이 제거하여, 원지반과 성토재 간의 밀착력을 높이고 침하 및 지반 약화 요인을 제거하는 것을 목적으로 함. | N24: =HYPERLINK(LEFT(CELL("filename",A1),FIND("[",CELL("filename",A1))-1)&"4.상부강화노반\23_벌개제근_표토제거\표준서\벌개제근_표토제거_표준서.html", "👉 [클릭] 표준서 열기 📄") | O24: 1) 상부노반 토사 30cm 포설 ➔ 2) 맹암거 부직포(200g/m²) 부설 ➔ 3) HDPE 유공관(Ø200mm) 종단 연결 ➔ 4) 상부노반 시공 감리 서면 승인 | P24: =HYPERLINK(LEFT(CELL("filename",A1),FIND("[",CELL("filename",A1))-1)&"4.상부강화노반\23_벌개제근_표토제거\수행지침\벌개제근_표토제거_수행지침.html", "👉 [클릭] 수행지침 열기 📄") | Q24: 상부노반 토사 30cm 포설, 맹암거 투수성 부직포(200g/m²) 및 HDPE 유공관(Ø200mm) 매몰 검측 | R24: =HYPERLINK(LEFT(CELL("filename",A1),FIND("[",CELL("filename",A1))-1)&"4.상부강화노반\23_벌개제근_표토제거\체크리스트\벌개제근_표토제거_체크리스트.html", "👉 [클릭] 체크리스트 열기 📄")
A25: 9000 | B25: 9000-4 | C25: 상부강화노반 | D25: 9000-4-24 | E25: 9000-4-21, 9000-4-22 | F25: 9000-4-26, 9000-4-27 | G25: 구조물 및 지장물 제거 | H25: D+10~30 | I25: 현장 공사팀 | J25: 본 과업은 성토 구역 내 존치된 기존 구조물, 옹벽, 암거 등을 철거하고 연약 지반 부위를 정리하여, 노반 다짐의 균일성과 안정성을 확보하는 것을 목적으로 함. | K25: 1) 3D GPS 모터그레이더 쇄석(50mm) 30cm 포설 ➔ 2) 살수차 최적함수비 OMC 살수 ➔ 3) 강동 4회 + 타이어 2회 다짐 ➔ 4) 표고 오차(±10mm) 검측 감리 승인 | L25: 3D GPS 쇄석(50mm) 30cm 포설, OMC 분무 살수 및 강동 4회/타이어 2회 다짐 (표고 오차 ±10mm) | M25: 본 과업은 성토 구역 내 존치된 기존 구조물, 옹벽, 암거 등을 철거하고 연약 지반 부위를 정리하여, 노반 다짐의 균일성과 안정성을 확보하는 것을 목적으로 함. | N25: =HYPERLINK(LEFT(CELL("filename",A1),FIND("[",CELL("filename",A1))-1)&"4.상부강화노반\24_구조물 및 지장물 제거\표준서\구조물 및 지장물 제거_표준서.html", "👉 [클릭] 표준서 열기 📄") | O25: 1) 3D GPS 모터그레이더 쇄석(50mm) 30cm 포설 ➔ 2) 살수차 최적함수비 OMC 살수 ➔ 3) 강동 4회 + 타이어 2회 다짐 ➔ 4) 표고 오차(±10mm) 검측 감리 승인 | P25: =HYPERLINK(LEFT(CELL("filename",A1),FIND("[",CELL("filename",A1))-1)&"4.상부강화노반\24_구조물 및 지장물 제거\수행지침\구조물 및 지장물 제거_수행지침.html", "👉 [클릭] 수행지침 열기 📄") | Q25: 3D GPS 쇄석(50mm) 30cm 포설, OMC 분무 살수 및 강동 4회/타이어 2회 다짐 (표고 오차 ±10mm) | R25: =HYPERLINK(LEFT(CELL("filename",A1),FIND("[",CELL("filename",A1))-1)&"4.상부강화노반\24_구조물 및 지장물 제거\체크리스트\구조물 및 지장물 제거_체크리스트.html", "👉 [클릭] 체크리스트 열기 📄")
A26: 9000 | B26: 9000-4 | C26: 상부강화노반 | D26: 9000-4-25 | E26: 9000-4-22, 9000-4-23 | F26: 9000-4-27, 9000-4-28 | G26: 진입로 조성 | H26: D+10~30 | I26: 현장 공사팀 | J26: 본 과업은 대형 중장비 및 토사 운반 차량의 원활하고 안전한 진출입을 위해, 잡석 포설 및 다짐을 시행하여 견고한 가설 진입로를 확보하는 것을 목적으로 함. | K26: 1) 들밀도 시험(다짐도 ≥ 95%) ➔ 2) K30 평판재하시험(≥ 110 MN/m³) ➔ 3) 동적변형계수 Ev2(≥ 60 MPa) 시험 ➔ 4) 다짐 검측 종합 보고서 승인 | L26: 노반 들밀도 다짐도 ≥ 95%, 평판재하 K30 ≥ 110 MN/m³ 및 동적변형계수 Ev2 ≥ 60 MPa (Ev2/Ev1 ≤ 2.2) | M26: 본 과업은 대형 중장비 및 토사 운반 차량의 원활하고 안전한 진출입을 위해, 잡석 포설 및 다짐을 시행하여 견고한 가설 진입로를 확보하는 것을 목적으로 함. | N26: =HYPERLINK(LEFT(CELL("filename",A1),FIND("[",CELL("filename",A1))-1)&"4.상부강화노반\25_진입로 조성\표준서\진입로 조성_표준서.html", "👉 [클릭] 표준서 열기 📄") | O26: 1) 들밀도 시험(다짐도 ≥ 95%) ➔ 2) K30 평판재하시험(≥ 110 MN/m³) ➔ 3) 동적변형계수 Ev2(≥ 60 MPa) 시험 ➔ 4) 다짐 검측 종합 보고서 승인 | P26: =HYPERLINK(LEFT(CELL("filename",A1),FIND("[",CELL("filename",A1))-1)&"4.상부강화노반\25_진입로 조성\수행지침\진입로 조성_수행지침.html", "👉 [클릭] 수행지침 열기 📄") | Q26: 노반 들밀도 다짐도 ≥ 95%, 평판재하 K30 ≥ 110 MN/m³ 및 동적변형계수 Ev2 ≥ 60 MPa (Ev2/Ev1 ≤ 2.2) | R26: =HYPERLINK(LEFT(CELL("filename",A1),FIND("[",CELL("filename",A1))-1)&"4.상부강화노반\25_진입로 조성\체크리스트\진입로 조성_체크리스트.html", "👉 [클릭] 체크리스트 열기 📄")
A27: 9000 | B27: 9000-4 | C27: 상부강화노반 | D27: 9000-4-26 | E27: 9000-4-24 | F27: 9000-4-29 | G27: 노반쌓기 | H27: D+10~180 | I27: 현장 공사팀 | J27: 본 과업은 성토재를 층당 30cm 이하 규정 두께로 포설하고 균일하게 다짐으로써, 계획 높이까지 안정적이고 밀실한 노반 구조체를 형성하는 것을 목적으로 함. | K27: 1) Ø300mm 재하판 산모래 밀착 ➔ 2) 15t 유압 잭 & 다이얼 게이지 교정 ➔ 3) 1.25mm 침하 P-S 곡선 산출 ➔ 4) K30 ≥ 110 MN/m³ 성적서 승인 | L27: Ø300mm 재하판 산모래 밀착, 15t 유압 잭 재하 및 1.25mm 침하 P-S 곡선 K30 ≥ 110 MN/m³ 성적서 | M27: 본 과업은 성토재를 층당 30cm 이하 규정 두께로 포설하고 균일하게 다짐으로써, 계획 높이까지 안정적이고 밀실한 노반 구조체를 형성하는 것을 목적으로 함. | N27: =HYPERLINK(LEFT(CELL("filename",A1),FIND("[",CELL("filename",A1))-1)&"4.상부강화노반\26_노반쌓기\표준서\노반쌓기_표준서.html", "👉 [클릭] 표준서 열기 📄") | O27: 1) Ø300mm 재하판 산모래 밀착 ➔ 2) 15t 유압 잭 & 다이얼 게이지 교정 ➔ 3) 1.25mm 침하 P-S 곡선 산출 ➔ 4) K30 ≥ 110 MN/m³ 성적서 승인 | P27: =HYPERLINK(LEFT(CELL("filename",A1),FIND("[",CELL("filename",A1))-1)&"4.상부강화노반\26_노반쌓기\수행지침\노반쌓기_수행지침.html", "👉 [클릭] 수행지침 열기 📄") | Q27: Ø300mm 재하판 산모래 밀착, 15t 유압 잭 재하 및 1.25mm 침하 P-S 곡선 K30 ≥ 110 MN/m³ 성적서 | R27: =HYPERLINK(LEFT(CELL("filename",A1),FIND("[",CELL("filename",A1))-1)&"4.상부강화노반\26_노반쌓기\체크리스트\노반쌓기_체크리스트.html", "👉 [클릭] 체크리스트 열기 📄")
A28: 9000 | B28: 9000-4 | C28: 상부강화노반 | D28: 9000-4-27 | E28: 9000-4-24, 9000-4-25 | F28: 9000-4-29, 9000-4-30 | G28: 하부노반 시공 | H28: D+10~180 | I28: 현장 공사팀 | J28: 본 과업은 상부 하중을 지지하는 하부 노반 층을 시방 기준에 맞춰 포설·다짐하고 배수 유공관을 설치하여, 노반 내부 수분 침투 예방 및 구조적 안정성을 확보하는 것을 목적으로 함. | K28: 1) LWD 동적 평판재하시험기 교정 ➔ 2) 1,000m²당 1회 무작위 시험 ➔ 3) 1차/2차 하중 재하 Ev2/Ev1 산출 ➔ 4) Ev2 ≥ 60 MPa 성적서 감리 승인 | L28: LWD 동적 평판재하시험 1,000m²당 1회, 2차 변형계수 Ev2 ≥ 60 MPa 및 비율 Ev2/Ev1 ≤ 2.2 검측 | M28: 본 과업은 상부 하중을 지지하는 하부 노반 층을 시방 기준에 맞춰 포설·다짐하고 배수 유공관을 설치하여, 노반 내부 수분 침투 예방 및 구조적 안정성을 확보하는 것을 목적으로 함. | N28: =HYPERLINK(LEFT(CELL("filename",A1),FIND("[",CELL("filename",A1))-1)&"4.상부강화노반\27_하부노반 시공\표준서\하부노반 시공_표준서.html", "👉 [클릭] 표준서 열기 📄") | O28: 1) LWD 동적 평판재하시험기 교정 ➔ 2) 1,000m²당 1회 무작위 시험 ➔ 3) 1차/2차 하중 재하 Ev2/Ev1 산출 ➔ 4) Ev2 ≥ 60 MPa 성적서 감리 승인 | P28: =HYPERLINK(LEFT(CELL("filename",A1),FIND("[",CELL("filename",A1))-1)&"4.상부강화노반\27_하부노반 시공\수행지침\하부노반 시공_수행지침.html", "👉 [클릭] 수행지침 열기 📄") | Q28: LWD 동적 평판재하시험 1,000m²당 1회, 2차 변형계수 Ev2 ≥ 60 MPa 및 비율 Ev2/Ev1 ≤ 2.2 검측 | R28: =HYPERLINK(LEFT(CELL("filename",A1),FIND("[",CELL("filename",A1))-1)&"4.상부강화노반\27_하부노반 시공\체크리스트\하부노반 시공_체크리스트.html", "👉 [클릭] 체크리스트 열기 📄")
A29: 9000 | B29: 9000-4 | C29: 상부강화노반 | D29: 9000-4-28 | E29: 9000-4-25 | F29: 9000-4-30 | G29: 상부노반 시공 | H29: D+10~180 | I29: 현장 공사팀 | J29: 본 과업은 상부강화노반 직하부 층으로서, 고품질 쇄석 혼합재를 정밀 포설하고 OMC 최적 다짐을 시행하여 노반 강성을 고도화하는 것을 목적으로 함. | K29: 1) 3m 알루미늄 직선자 교정 ➔ 2) 20m 간격 종횡단 연속 검측 ➔ 3) 갭 오차(±10mm) 요철 삭평/재다짐 ➔ 4) 평탄성 검측 성과표 감리 승인 | L29: 3m 알루미늄 직선자 20m 간격 연속 측정, 최대 갭 오차 ±10mm 이내 통제 및 요철 삭평/재다짐 | M29: 본 과업은 상부강화노반 직하부 층으로서, 고품질 쇄석 혼합재를 정밀 포설하고 OMC 최적 다짐을 시행하여 노반 강성을 고도화하는 것을 목적으로 함. | N29: =HYPERLINK(LEFT(CELL("filename",A1),FIND("[",CELL("filename",A1))-1)&"4.상부강화노반\28_상부노반 시공\표준서\상부노반 시공_표준서.html", "👉 [클릭] 표준서 열기 📄") | O29: 1) 3m 알루미늄 직선자 교정 ➔ 2) 20m 간격 종횡단 연속 검측 ➔ 3) 갭 오차(±10mm) 요철 삭평/재다짐 ➔ 4) 평탄성 검측 성과표 감리 승인 | P29: =HYPERLINK(LEFT(CELL("filename",A1),FIND("[",CELL("filename",A1))-1)&"4.상부강화노반\28_상부노반 시공\수행지침\상부노반 시공_수행지침.html", "👉 [클릭] 수행지침 열기 📄") | Q29: 3m 알루미늄 직선자 20m 간격 연속 측정, 최대 갭 오차 ±10mm 이내 통제 및 요철 삭평/재다짐 | R29: =HYPERLINK(LEFT(CELL("filename",A1),FIND("[",CELL("filename",A1))-1)&"4.상부강화노반\28_상부노반 시공\체크리스트\상부노반 시공_체크리스트.html", "👉 [클릭] 체크리스트 열기 📄")
A30: 9000 | B30: 9000-4 | C30: 상부강화노반 | D30: 9000-4-29 | E30: 9000-4-26, 9000-4-27 | F30: 9000-4-31, 9000-4-32 | G30: 강화노반 시공 | H30: D+10~180 | I30: 현장 공사팀 | J30: 본 과업은 트램 궤도와 직접 접하는 최상부 노반 층으로, 입도 조정 쇄석을 시공하여 지반반력계수(K30 ≥ 110MN/m³) 및 2차 변형계수(Ev2 ≥ 60MPa) 기준을 완수하고 궤도 지지력을 확보하는 것을 목적으로 함. | K30: 1) GRS80 토탈스테이션 정밀 세팅 ➔ 2) 10m 간격 중심선 & 표고 실측 ➔ 3) 3D BIM CAD 좌표(오차 ±10mm) 대조 ➔ 4) 종횡단 성과표 감리 승인 | L30: GRS80 광학 토탈스테이션 10m 간격 측정, 궤도 중심선(X,Y) 및 표고(Z) 오차 ±10mm 3D BIM 검측 | M30: 본 과업은 트램 궤도와 직접 접하는 최상부 노반 층으로, 입도 조정 쇄석을 시공하여 지반반력계수(K30 ≥ 110MN/m³) 및 2차 변형계수(Ev2 ≥ 60MPa) 기준을 완수하고 궤도 지지력을 확보하는 것을 목적으로 함. | N30: =HYPERLINK(LEFT(CELL("filename",A1),FIND("[",CELL("filename",A1))-1)&"4.상부강화노반\29_강화노반 시공\표준서\강화노반 시공_표준서.html", "👉 [클릭] 표준서 열기 📄") | O30: 1) GRS80 토탈스테이션 정밀 세팅 ➔ 2) 10m 간격 중심선 & 표고 실측 ➔ 3) 3D BIM CAD 좌표(오차 ±10mm) 대조 ➔ 4) 종횡단 성과표 감리 승인 | P30: =HYPERLINK(LEFT(CELL("filename",A1),FIND("[",CELL("filename",A1))-1)&"4.상부강화노반\29_강화노반 시공\수행지침\강화노반 시공_수행지침.html", "👉 [클릭] 수행지침 열기 📄") | Q30: GRS80 광학 토탈스테이션 10m 간격 측정, 궤도 중심선(X,Y) 및 표고(Z) 오차 ±10mm 3D BIM 검측 | R30: =HYPERLINK(LEFT(CELL("filename",A1),FIND("[",CELL("filename",A1))-1)&"4.상부강화노반\29_강화노반 시공\체크리스트\강화노반 시공_체크리스트.html", "👉 [클릭] 체크리스트 열기 📄")
A31: 9000 | B31: 9000-4 | C31: 상부강화노반 | D31: 9000-4-30 | E31: 9000-4-27, 9000-4-28 | F31: 9000-4-32 | G31: 토공 유동운반/사토 | H31: D+45~180 | I31: 현장 공사팀 | J31: 본 과업은 현장 내 절토재의 운반 및 잔여 토사의 사토장 배출을 효율적으로 통제하여, 토공 작업의 공정 흐름을 원활히 유지하는 것을 목적으로 함. | K31: 1) 감리단 NCR 통지서 수령 ➔ 2) 해당 구역 표면 15cm 파쇄 & OMC 재다짐 ➔ 3) 1:1 재검측(다짐도/K30/Ev2) ➔ 4) NCR 조치 결과 보고서 감리 종결 승인 | L31: 감리단 부적합(NCR) 수령 후 해당 구역 표면 15cm 파쇄, OMC 살수 재다짐 및 1:1 재검측 서면 종결 | M31: 본 과업은 현장 내 절토재의 운반 및 잔여 토사의 사토장 배출을 효율적으로 통제하여, 토공 작업의 공정 흐름을 원활히 유지하는 것을 목적으로 함. | N31: =HYPERLINK(LEFT(CELL("filename",A1),FIND("[",CELL("filename",A1))-1)&"4.상부강화노반\30_토공 유동운반_사토\표준서\토공 유동운반_사토_표준서.html", "👉 [클릭] 표준서 열기 📄") | O31: 1) 감리단 NCR 통지서 수령 ➔ 2) 해당 구역 표면 15cm 파쇄 & OMC 재다짐 ➔ 3) 1:1 재검측(다짐도/K30/Ev2) ➔ 4) NCR 조치 결과 보고서 감리 종결 승인 | P31: =HYPERLINK(LEFT(CELL("filename",A1),FIND("[",CELL("filename",A1))-1)&"4.상부강화노반\30_토공 유동운반_사토\수행지침\토공 유동운반_사토_수행지침.html", "👉 [클릭] 수행지침 열기 📄") | Q31: 감리단 부적합(NCR) 수령 후 해당 구역 표면 15cm 파쇄, OMC 살수 재다짐 및 1:1 재검측 서면 종결 | R31: =HYPERLINK(LEFT(CELL("filename",A1),FIND("[",CELL("filename",A1))-1)&"4.상부강화노반\30_토공 유동운반_사토\체크리스트\토공 유동운반_사토_체크리스트.html", "👉 [클릭] 체크리스트 열기 📄")
A32: 9000 | B32: 9000-4 | C32: 상부강화노반 | D32: 9000-4-31 | E32: 9000-4-29 | F32: 9000-4-33 | G32: 연약지반처리(필요시) | H32: D+45~240 | I32: 현장 공사팀 | J32: 본 과업은 시공 중 추가 발굴되거나 예상치 못한 약산 지반 구역에 대해 즉각적인 지반 개량 조치를 시행하여, 노반 완성 후 잔류 침하 발생을 원천 차단하는 것을 목적으로 함. | K32: 1) 성토 사면 경사(1:1.5 이하) 측량 ➔ 2) 사면 다짐도(≥ 90%) 검측 ➔ 3) 식생 거적(Jute Mat) 30cm 겹침 부설 ➔ 4) 사면 다짐 성과표 감리 승인 | L32: 성토 사면 비탈면 경사(1:1.5 이하) 측량, 사면 다짐도 ≥ 90% 검측 및 식생 거적(Jute Mat) 부설 | M32: 본 과업은 시공 중 추가 발굴되거나 예상치 못한 약산 지반 구역에 대해 즉각적인 지반 개량 조치를 시행하여, 노반 완성 후 잔류 침하 발생을 원천 차단하는 것을 목적으로 함. | N32: =HYPERLINK(LEFT(CELL("filename",A1),FIND("[",CELL("filename",A1))-1)&"4.상부강화노반\31_연약지반처리(필요시)\표준서\연약지반처리_표준서.html", "👉 [클릭] 표준서 열기 📄") | O32: 1) 성토 사면 경사(1:1.5 이하) 측량 ➔ 2) 사면 다짐도(≥ 90%) 검측 ➔ 3) 식생 거적(Jute Mat) 30cm 겹침 부설 ➔ 4) 사면 다짐 성과표 감리 승인 | P32: =HYPERLINK(LEFT(CELL("filename",A1),FIND("[",CELL("filename",A1))-1)&"4.상부강화노반\31_연약지반처리(필요시)\수행지침\연약지반처리_수행지침.html", "👉 [클릭] 수행지침 열기 📄") | Q32: 성토 사면 비탈면 경사(1:1.5 이하) 측량, 사면 다짐도 ≥ 90% 검측 및 식생 거적(Jute Mat) 부설 | R32: =HYPERLINK(LEFT(CELL("filename",A1),FIND("[",CELL("filename",A1))-1)&"4.상부강화노반\31_연약지반처리(필요시)\체크리스트\연약지반처리_체크리스트.html", "👉 [클릭] 체크리스트 열기 📄")
A33: 9000 | B33: 9000-4 | C33: 상부강화노반 | D33: 9000-4-32 | E33: 9000-4-29, 9000-4-30 | F33: 9000-4-33, 9000-4-34 | G33: 절성토경계부 배수구조물(맹암거) 시공 | H33: D+45~180 | I33: 현장 공사팀 | J33: 본 과업은 절토와 성토가 교차하는 경계 부위의 침투수 및 누수를 원활히 배수하기 위해 맹암거를 설치함으로써, 사면 붕괴 및 지반 약화를 방지하는 것을 목적으로 함. | K33: 1) U형 측구 기초 버림(10cm) 타설 ➔ 2) U형 측구(0.4×0.4m) 부설 & 인버트 사춤 ➔ 3) 주철 그레이팅 체결 & 담수 시험 ➔ 4) 배수시설 검측서 감리 승인 | L33: U형 측구(0.4×0.4m, 버림 10cm) 부설, 집수정 인버트 모타르 사춤 및 주철 그레이팅 체결/담수 시험 | M33: 본 과업은 절토와 성토가 교차하는 경계 부위의 침투수 및 누수를 원활히 배수하기 위해 맹암거를 설치함으로써, 사면 붕괴 및 지반 약화를 방지하는 것을 목적으로 함. | N33: =HYPERLINK(LEFT(CELL("filename",A1),FIND("[",CELL("filename",A1))-1)&"4.상부강화노반\32_절성토경계부 배수구조물(맹암거) 시공\표준서\절성토경계부 배수구조물 시공_표준서.html", "👉 [클릭] 표준서 열기 📄") | O33: 1) U형 측구 기초 버림(10cm) 타설 ➔ 2) U형 측구(0.4×0.4m) 부설 & 인버트 사춤 ➔ 3) 주철 그레이팅 체결 & 담수 시험 ➔ 4) 배수시설 검측서 감리 승인 | P33: =HYPERLINK(LEFT(CELL("filename",A1),FIND("[",CELL("filename",A1))-1)&"4.상부강화노반\32_절성토경계부 배수구조물(맹암거) 시공\수행지침\절성토경계부 배수구조물 시공_수행지침.html", "👉 [클릭] 수행지침 열기 📄") | Q33: U형 측구(0.4×0.4m, 버림 10cm) 부설, 집수정 인버트 모타르 사춤 및 주철 그레이팅 체결/담수 시험 | R33: =HYPERLINK(LEFT(CELL("filename",A1),FIND("[",CELL("filename",A1))-1)&"4.상부강화노반\32_절성토경계부 배수구조물(맹암거) 시공\체크리스트\절성토경계부 배수구조물 시공_체크리스트.html", "👉 [클릭] 체크리스트 열기 📄")
A34: 9000 | B34: 9000-4 | C34: 상부강화노반 | D34: 9000-4-33 | E34: 9000-4-31, 9000-4-32 | F34: 9000-4-35 | G34: 암석쌓기 | H34: D+45~180 | I34: 현장 공사팀 | J34: 본 과업은 절토 암석 재료를 활용하여 대형 암석 쌓기를 시행할 때, 공극 채움재 처리와 층간 다짐을 정밀 관리하여 암석 성토층의 장기 유실 및 변형을 방지하는 것을 목적으로 함. | K34: 1) 완성면 통제 바리케이트 설치 ➔ 2) 미세 분무 살수 & 비닐 덮개 야적 ➔ 3) 일일 완성면 훼손 점검 ➔ 4) 완성면 보호 점검 대장 감리 승인 | L34: 통제 바리케이트(중장비 진입 100% 차단), 미세 분무 살수(골재이탈 예방) 및 완성면 보호 대장 작성 | M34: 본 과업은 절토 암석 재료를 활용하여 대형 암석 쌓기를 시행할 때, 공극 채움재 처리와 층간 다짐을 정밀 관리하여 암석 성토층의 장기 유실 및 변형을 방지하는 것을 목적으로 함. | N34: =HYPERLINK(LEFT(CELL("filename",A1),FIND("[",CELL("filename",A1))-1)&"4.상부강화노반\33_암석쌓기\표준서\암석쌓기_표준서.html", "👉 [클릭] 표준서 열기 📄") | O34: 1) 완성면 통제 바리케이트 설치 ➔ 2) 미세 분무 살수 & 비닐 덮개 야적 ➔ 3) 일일 완성면 훼손 점검 ➔ 4) 완성면 보호 점검 대장 감리 승인 | P34: =HYPERLINK(LEFT(CELL("filename",A1),FIND("[",CELL("filename",A1))-1)&"4.상부강화노반\33_암석쌓기\수행지침\암석쌓기_수행지침.html", "👉 [클릭] 수행지침 열기 📄") | Q34: 통제 바리케이트(중장비 진입 100% 차단), 미세 분무 살수(골재이탈 예방) 및 완성면 보호 대장 작성 | R34: =HYPERLINK(LEFT(CELL("filename",A1),FIND("[",CELL("filename",A1))-1)&"4.상부강화노반\33_암석쌓기\체크리스트\암석쌓기_체크리스트.html", "👉 [클릭] 체크리스트 열기 📄")
A35: 9000 | B35: 9000-4 | C35: 상부강화노반 | D35: 9000-4-34 | E35: 9000-4-32 | F35: 9000-4-35 | G35: 방치기간 확보 | H35: D+45~180 | I35: 현장 공사팀 | J35: 본 과업은 연약지반 개량 및 대성토 구간의 압밀 침하가 충분히 완료되도록 법정 방치 기간을 확보하고 모니터링하여, 궤도 시공 후 불등침하가 발생하지 않도록 조치하는 것을 목적으로 함. | K35: 1) 일일 인원/장비/물량 집계 ➔ 2) 품질 시험 성적 & TBM 수록 ➔ 3) CSI 전산 시스템 등록 ➔ 4) 책임감리원 일일 서면 직인 결재 | L35: 일일 투입 인원/장비/성토 물량(m³) 집계, CSI 전산 관리 시스템 등록 및 감리 일일 서면 직인 | M35: 본 과업은 연약지반 개량 및 대성토 구간의 압밀 침하가 충분히 완료되도록 법정 방치 기간을 확보하고 모니터링하여, 궤도 시공 후 불등침하가 발생하지 않도록 조치하는 것을 목적으로 함. | N35: =HYPERLINK(LEFT(CELL("filename",A1),FIND("[",CELL("filename",A1))-1)&"4.상부강화노반\34_방치기간 확보\표준서\방치기간 확보_표준서.html", "👉 [클릭] 표준서 열기 📄") | O35: 1) 일일 인원/장비/물량 집계 ➔ 2) 품질 시험 성적 & TBM 수록 ➔ 3) CSI 전산 시스템 등록 ➔ 4) 책임감리원 일일 서면 직인 결재 | P35: =HYPERLINK(LEFT(CELL("filename",A1),FIND("[",CELL("filename",A1))-1)&"4.상부강화노반\34_방치기간 확보\수행지침\방치기간 확보_수행지침.html", "👉 [클릭] 수행지침 열기 📄") | Q35: 일일 투입 인원/장비/성토 물량(m³) 집계, CSI 전산 관리 시스템 등록 및 감리 일일 서면 직인 | R35: =HYPERLINK(LEFT(CELL("filename",A1),FIND("[",CELL("filename",A1))-1)&"4.상부강화노반\34_방치기간 확보\체크리스트\방치기간 확보_체크리스트.html", "👉 [클릭] 체크리스트 열기 📄")
A36: 9000 | B36: 9000-4 | C36: 상부강화노반 | D36: 9000-4-35 | E36: 9000-4-33, 9000-4-34 | F36: 9000-4-36 | G36: 토공마무리 | H36: D+55~240 | I36: 현장 공사팀 | J36: 본 과업은 상부강화노반 표면의 평탄성(3m 직선자 오차 ±10mm 이내)과 종·횡단 표고를 정밀 정돈하여, 궤도 공사 착수를 위한 최종 토공 마무리면 품질을 완성하는 것을 목적으로 함. | K36: 1) 공종별 검측요청서 24시간 전 제출 ➔ 2) 책임감리원 1:1 현장 입회 ➔ 3) 16개 체크리스트 서명 ➔ 4) 검측 총괄 승인 대장 감리 결재 | L36: 공사 착수 24시간 전 검측 요청서 제출, 책임감리원 1:1 현장 입회 및 16개 체크리스트 서명 대장 | M36: 본 과업은 상부강화노반 표면의 평탄성(3m 직선자 오차 ±10mm 이내)과 종·횡단 표고를 정밀 정돈하여, 궤도 공사 착수를 위한 최종 토공 마무리면 품질을 완성하는 것을 목적으로 함. | N36: =HYPERLINK(LEFT(CELL("filename",A1),FIND("[",CELL("filename",A1))-1)&"4.상부강화노반\35_토공마무리\표준서\토공마무리_표준서.html", "👉 [클릭] 표준서 열기 📄") | O36: 1) 공종별 검측요청서 24시간 전 제출 ➔ 2) 책임감리원 1:1 현장 입회 ➔ 3) 16개 체크리스트 서명 ➔ 4) 검측 총괄 승인 대장 감리 결재 | P36: =HYPERLINK(LEFT(CELL("filename",A1),FIND("[",CELL("filename",A1))-1)&"4.상부강화노반\35_토공마무리\수행지침\토공마무리_수행지침.html", "👉 [클릭] 수행지침 열기 📄") | Q36: 공사 착수 24시간 전 검측 요청서 제출, 책임감리원 1:1 현장 입회 및 16개 체크리스트 서명 대장 | R36: =HYPERLINK(LEFT(CELL("filename",A1),FIND("[",CELL("filename",A1))-1)&"4.상부강화노반\35_토공마무리\체크리스트\토공마무리_체크리스트.html", "👉 [클릭] 체크리스트 열기 📄")
A37: 9000 | B37: 9000-4 | C37: 상부강화노반 | D37: 9000-4-36 | E37: 9000-4-35 | F37: - | G37: 토공 마무리면 인계 | H37: D+55~240 | I37: 현장 공사팀 | J37: 본 과업은 완성된 상부강화노반에 대해 토공 시공사, 궤도 시공사, 감리단 3자 합동 현장 검측을 실시하여 품질 합격 여부를 확인하고, 궤도 공종으로의 권한 및 부지를 정식 인계인수하는 것을 목적으로 함. | K37: 1) 3자(토공-궤도-감리) 합동 현측 ➔ 2) 표고(±10mm) & K30(≥110) 재검측 ➔ 3) 인계인수 합의서 3자 서명 ➔ 4) 상부강화노반 최종 완공 통보 | L37: 토공-궤도-감리 3자 합동 현측(표고 ±10mm, K30 ≥ 110), 인계인수 합의서 서명 및 완공 통보 | M37: 본 과업은 완성된 상부강화노반에 대해 토공 시공사, 궤도 시공사, 감리단 3자 합동 현장 검측을 실시하여 품질 합격 여부를 확인하고, 궤도 공종으로의 권한 및 부지를 정식 인계인수하는 것을 목적으로 함. | N37: =HYPERLINK(LEFT(CELL("filename",A1),FIND("[",CELL("filename",A1))-1)&"4.상부강화노반\36_토공 마무리면 인계\표준서\토공 마무리면 인계_표준서.html", "👉 [클릭] 표준서 열기 📄") | O37: 1) 3자(토공-궤도-감리) 합동 현측 ➔ 2) 표고(±10mm) & K30(≥110) 재검측 ➔ 3) 인계인수 합의서 3자 서명 ➔ 4) 상부강화노반 최종 완공 통보 | P37: =HYPERLINK(LEFT(CELL("filename",A1),FIND("[",CELL("filename",A1))-1)&"4.상부강화노반\36_토공 마무리면 인계\수행지침\토공 마무리면 인계_수행지침.html", "👉 [클릭] 수행지침 열기 📄") | Q37: 토공-궤도-감리 3자 합동 현측(표고 ±10mm, K30 ≥ 110), 인계인수 합의서 서명 및 완공 통보 | R37: =HYPERLINK(LEFT(CELL("filename",A1),FIND("[",CELL("filename",A1))-1)&"4.상부강화노반\36_토공 마무리면 인계\체크리스트\토공 마무리면 인계_체크리스트.html", "👉 [클릭] 체크리스트 열기 📄")

Sheet 콘크리트도상
A1: L2 코드 | B1: L3 코드 | C1: L3 대공종명 | D1: L4 코드 | E1: 선행 | F1: 후행 | G1: 작업단위 (Level 4 Task/Activity) | H1: 일정 (D-Day) | I1: 주관 | J1: 목적 | K1: 방법 | L1: 산출물(결과) | M1: 표준서 (Standard) 요약 | N1: 표준서 파일 (HTML) | O1: 수행지침 (Guideline) 요약 | P1: 수행지침 파일 (HTML) | Q1: 체크리스트 (Checklist) 요약 | R1: 체크리스트 파일 (HTML) | S1: 비고
A2: 9000 | B2: 9000-5 | C2: 콘크리트도상 | D2: 9000-5-1 | E2: - | F2: 9000-5-2, 9000-5-3, 9000-5-4 | G2: 설계적정성 검토 | H2: D-120 (D-150~D-120) | I2: 현장소장 | J2: 노반부/궤도부 선형 및 종단 일치 등 설계오류 및 누락 확인 | K2: 노반부/궤도부 선형 및 종단 도면 및 설계 자료 비교 검토 실시 - 궤도 부속자재(체결구, 침목 등) 소요비 비용 설계반영 확인 - 유사시공사례 Case Study - 지원: 본사담당팀(설계/수행/품질/외주) | L2: 설계도면 검토서, 선형대조표 | M2: KDS 47 30 00 궤도 설계기준 및 국토교통부 트램 건설 규칙을 엄격히 준수한다. 노반부-궤도부 선형 및 종단 계획고 일치 오차 0mm 검토. | N2: =HYPERLINK(LEFT(CELL("filename",A1),FIND("[",CELL("filename",A1))-1)&"5.콘크리트도상/1_설계적정성 검토/표준서/설계적정성 검토_표준서.html", "표준서 열기") | O2: 1) 하부 HBS 강화노반 지지력(K70 ≥ 150 MPa/m) 및 평탄성 사전 검측 확인 2) 궤도 정밀 검측: 궤간(1435mm), 캔트(±2mm), 수평(±2mm), 고저(±2mm/10m), 비틀림(1.5mm/3m) 실시간 검측 | P2: =HYPERLINK(LEFT(CELL("filename",A1),FIND("[",CELL("filename",A1))-1)&"5.콘크리트도상/1_설계적정성 검토/수행지침/설계적정성 검토_수행지침.html", "수행지침서 열기") | Q2: 설계 도면 간섭 검속, 궤도 중심선 계획 표고 대조, 종단 구배 한계치 준수 확인 | R2: =HYPERLINK(LEFT(CELL("filename",A1),FIND("[",CELL("filename",A1))-1)&"5.콘크리트도상/1_설계적정성 검토/체크리스트/설계적정성 검토_체크리스트.html", "체크리스트 열기")
A3: 9000 | B3: 9000-5 | C3: 콘크리트도상 | D3: 9000-5-2 | E3: 9000-5-1 | F3: 9000-5-5, 9000-5-8 | G3: 자재 야적장 선정 | H3: D-100 (D-120~D-100) | I3: 현장 공무팀 | J3: 콘크리트도상 시공에 필요한 침목, 체결구 등 자재야적 부지 선정 | K3: - 야적장소는 반입자재 및 노반 구조물 파손 방지를 위해 연약지반, 방호벽의 침하 예상부위를 피해서 선정 - 타 분야(전철전력, 송변전, 건축, 신호통신) 간섭사항을 고려하여 동선이 겹치지 않도록 선정 | L3: 부지사용계약서, 가설야적장 평면도 | M3: 침목, 체결구, 홈레일 등 궤도 주요 자재의 현장 보관 기준 수립. 배수 경사 2% 및 지반 다짐도 95% 이상 야적장 확보. | N3: =HYPERLINK(LEFT(CELL("filename",A1),FIND("[",CELL("filename",A1))-1)&"5.콘크리트도상/2_자재 야적장 선정/표준서/자재 야적장 선정_표준서.html", "표준서 열기") | O3: 1) 야적 부지 지반재하시험(K70 ≥ 150 MPa/m)을 실시하여 하중 침하 여부 사전 검증 2) 장대레일 운반 트레일러(길이 30m 이상) 회전반경 및 크레인 인양 진입로 확보 | P3: =HYPERLINK(LEFT(CELL("filename",A1),FIND("[",CELL("filename",A1))-1)&"5.콘크리트도상/2_자재 야적장 선정/수행지침/자재 야적장 선정_수행지침.html", "수행지침서 열기") | Q3: 야적장 지반 다짐도 95% 이상, 배수 경사 2% 이상 확보, 자재 천막 덮개 구비 | R3: =HYPERLINK(LEFT(CELL("filename",A1),FIND("[",CELL("filename",A1))-1)&"5.콘크리트도상/2_자재 야적장 선정/체크리스트/자재 야적장 선정_체크리스트.html", "체크리스트 열기")
A4: 9000 | B4: 9000-5 | C4: 콘크리트도상 | D4: 9000-5-3 | E4: 9000-5-1 | F4: 9000-5-5, 9000-5-20 | G4: 레일 용접장 선정 | H4: D-100 (D-120~D-100) | I4: 현장 공무팀 | J4: 정척레일 15본을 용접하여 200m 이상의 장대레일 제작하는 작업장을 선정 (타분야 인터페이스 고려) | K4: - 용접기 설치, 정척레일 및 장대레일 보관장소를 고려, 최소 400m 이상의 공간을 확보하고 장대레일 분출 범위를 고려, 본선 용접장 선정 - 타 분야(전철전력, 송변전, 건축, 신호통신) 인터페이스 간섭사항 고려 | L4: 용접장 임시지정서, NDT 검사실 계획서 | M4: EN 14730 테르밋 및 EN 14587 가스압접 용접을 위한 작업 공간 확보. 정척레일(25m)을 200m 장대로 용접하는 평탄 작업대 수평 오차 ±1mm 이내 확보. | N4: =HYPERLINK(LEFT(CELL("filename",A1),FIND("[",CELL("filename",A1))-1)&"5.콘크리트도상/3_레일 용접장 선정/표준서/레일 용접장 선정_표준서.html", "표준서 열기") | O4: 1) m 장대레일 일직선 이송을 위한 롤러대 기반 수평 정밀 측량 (오차 ±0.5mm/10m 이내) 2) 가스압접/플래시버트 용접용 대용량 전력 및 아세틸렌/산소 가스 안전 저장소 확보 | P4: =HYPERLINK(LEFT(CELL("filename",A1),FIND("[",CELL("filename",A1))-1)&"5.콘크리트도상/3_레일 용접장 선정/수행지침/레일 용접장 선정_수행지침.html", "수행지침서 열기") | Q4: 용접장 평탄성 오차 ±1mm 이내, 전력 공급 및 방풍 시설 완비, NDT(비파괴) 대기 공간 확보 | R4: =HYPERLINK(LEFT(CELL("filename",A1),FIND("[",CELL("filename",A1))-1)&"5.콘크리트도상/3_레일 용접장 선정/체크리스트/레일 용접장 선정_체크리스트.html", "체크리스트 열기")
A5: 9000 | B5: 9000-5 | C5: 콘크리트도상 | D5: 9000-5-4 | E5: 9000-5-1 | F5: 9000-5-9, 9000-5-10 | G5: 발주전략 KOM | H5: D-90 (D-120~D-90) | I5: 현장 공무팀 | J5: 궤도공사 발주전략 수립 / 발주조건 CP적합 여부 검토 | K5: - 가시공 B/P 적정성 검토 - 발주시기, 발주내역, 현설조건, 현장여건 고려 발주전략 분석 - 사전검토한 설계 및 공법 반영 - 현설설명서 작성 (하자관리방안이 포함된 특기사항 체크리스트 반영) - 노선 공정계획(구간별 인도시기 고려) - 궤도설치 후 합동점검시 레일 및 틀어짐 허용오차 이상 발생시 보수 의무사항 안내 - 지원: 본사담당팀(외주/수행/견적) | L5: KOM 의사록, 품질 보증 합의서 | M5: KCS 47 30 00 시방 기준 준수. 궤도 자재 품질 확인서 및 외산 홈레일 조달 리스크 대응 전략 수립. | N5: =HYPERLINK(LEFT(CELL("filename",A1),FIND("[",CELL("filename",A1))-1)&"5.콘크리트도상/4_발주전략 KOM/표준서/발주전략 KOM_표준서.html", "표준서 열기") | O5: 1) 제조사 공장검사(FAT) 항목 및 궤도 정밀 검측 공차 기준 전파 2) KDS 47 30 00 및 KS 규격 만족 자재 목록 및 세부 발주 물량 확정 | P5: =HYPERLINK(LEFT(CELL("filename",A1),FIND("[",CELL("filename",A1))-1)&"5.콘크리트도상/4_발주전략 KOM/수행지침/발주전략 KOM_수행지침.html", "수행지침서 열기") | Q5: 품질 요구조건 특기시방서 의결, 외산 홈레일 선적일정 검토, 자재 인도 시점 확약 | R5: =HYPERLINK(LEFT(CELL("filename",A1),FIND("[",CELL("filename",A1))-1)&"5.콘크리트도상/4_발주전략 KOM/체크리스트/발주전략 KOM_체크리스트.html", "체크리스트 열기")
A6: 9000 | B6: 9000-5 | C6: 콘크리트도상 | D6: 9000-5-5 | E6: 9000-5-2, 9000-5-3 | F6: 9000-5-7 | G6: 최고의 팀 만들기 지원 | H6: D-60 (D-90~D-60) | I6: 외주관리팀 | J6: 우수 협력사 및 작업반 선정 | K6: - 동일 환경조건 시공경험 보유 여부 검토 - 투입인원 경력, 현장이해도, 관리역량, 파트너 업체 검증 | L6: 협력사 적격성 심사표, 노무안전서약철 | M6: EN ISO 9606-1 용접 자격자 및 궤도 정밀 검측원(Track Master 운용원) 확보 심사 기준. | N6: =HYPERLINK(LEFT(CELL("filename",A1),FIND("[",CELL("filename",A1))-1)&"5.콘크리트도상/5_최고의 팀 만들기 지원/표준서/최고의 팀 만들기 지원_표준서.html", "표준서 열기") | O6: 1) EN ISO 14730 용접원 자격증 및 광학 측량 기술자 자격 검증 2) 스핀들 게이지 조정, 캔트 달성구배, 테르밋 산화반응 제어 사전 모의 훈련 | P6: =HYPERLINK(LEFT(CELL("filename",A1),FIND("[",CELL("filename",A1))-1)&"5.콘크리트도상/5_최고의 팀 만들기 지원/수행지침/최고의 팀 만들기 지원_수행지침.html", "수행지침서 열기") | Q6: 용접공 자격증 원본 대조, 정밀 검측 장비 검교정 확인, 궤도 전문 기술사 면허 검토 | R6: =HYPERLINK(LEFT(CELL("filename",A1),FIND("[",CELL("filename",A1))-1)&"5.콘크리트도상/5_최고의 팀 만들기 지원/체크리스트/최고의 팀 만들기 지원_체크리스트.html", "체크리스트 열기")
A7: 9000 | B7: 9000-5 | C7: 콘크리트도상 | D7: 9000-5-6 | E7: 9000-5-1, 9000-5-4 | F7: 9000-5-7, 9000-5-11 | G7: 콘크리트 타설방법/계획 검토 | H7: D-70 (D-70~D-60) | I7: 현장 공사팀 | J7: 현장여건에 따른 구간/위치별 적정 타설방법 및 계획 검토 | K7: - 펌프카 타설: 공간이 넓거나, 교량 하부에서 타설이 가능한 경우 적용 - 압송관 타설: 교량이나 터널 (L=300~500m)에 적합 - 개조장비 타설: 개조 믹서트럭을 이용하여 타설 | L7: 콘크리트 타설공정 계획서, 펌프카 배치도 | M7: KCS 47 30 00 콘크리트 궤도 시방 준수. 펌프카 타설압력에 의한 궤광 변위 방지 지지 계획 수립. | N7: =HYPERLINK(LEFT(CELL("filename",A1),FIND("[",CELL("filename",A1))-1)&"5.콘크리트도상/6_콘크리트 타설방법_계획 검토/표준서/콘크리트 타설방법_계획 검토_표준서.html", "표준서 열기") | O7: 1) TCL 콘크리트(f_ck ≥ 30 MPa) 및 PST 충전재(f_ck ≥ 45 MPa) 배합 성적서 확인 2) 레미콘 운반시간(60분 이내) 및 펌프카 배치 공간 사전 확보 | P7: =HYPERLINK(LEFT(CELL("filename",A1),FIND("[",CELL("filename",A1))-1)&"5.콘크리트도상/6_콘크리트 타설방법_계획 검토/수행지침/콘크리트 타설방법_계획 검토_수행지침.html", "수행지침서 열기") | Q7: 구간별 펌프카 배치도 작성, 타설 시 궤광 고정 잭 지지 계획 승인, 콘크리트 슬럼프 품질 확인 | R7: =HYPERLINK(LEFT(CELL("filename",A1),FIND("[",CELL("filename",A1))-1)&"5.콘크리트도상/6_콘크리트 타설방법_계획 검토/체크리스트/콘크리트 타설방법_계획 검토_체크리스트.html", "체크리스트 열기")
A8: 9000 | B8: 9000-5 | C8: 콘크리트도상 | D8: 9000-5-7 | E8: 9000-5-5, 9000-5-6 | F8: 9000-5-11 | G8: 작수전 Big Room 회의 | H8: D-60 | I8: 현장소장 | J8: 궤도공사 수행 시 공정계획 수립 / 수행 시 예상가능한 Risk 검토 | K8: 본사/현장/협력사 협의체 구축 후 상세검토 1) 궤도공사 공정계획 수립: - 자재, 장비 반입로/반입구 사용가능 시기에 따른 자재반입 계획 수립, - 노선 Handover 시기에 따른 시공계획 수립 2) 타설계획 수립: -현장여건을 고려한 타설방법 선정 3) 공종별 Risk Hedge방안 검토: - 외산자재 반입일정 확정 - 플래시버트 장비 임대 또는 특수용접사 확보 ※ 참석: 현장소장, 공무/공사/품질/안전 Part담당자, 궤도협력업체, 선후행 공종 협력업체, 본사 담당팀(견적/설계/수행(공정)/품질/안전) | L8: 빅룸 회의록, 인터페이스 대장 | M8: 노반-궤도 간 인터페이스, 신호 루프 센서 및 누설 전류(Stray Current) 부식 방지 디오드 접지선 매설 계획 의결. | N8: =HYPERLINK(LEFT(CELL("filename",A1),FIND("[",CELL("filename",A1))-1)&"5.콘크리트도상/7_작수전 Big Room 회의/표준서/작수전 Big Room 회의_표준서.html", "표준서 열기") | O8: 1) 노반-궤도 인수인계 높이 공차 및 신호 루프센서 위치 취합 2) 도로 매설 궤도 표면과 도로 포장 표면 마감 높이 일치성 확정 | P8: =HYPERLINK(LEFT(CELL("filename",A1),FIND("[",CELL("filename",A1))-1)&"5.콘크리트도상/7_작수전 Big Room 회의/수행지침/작수전 Big Room 회의_수행지침.html", "수행지침서 열기") | Q8: 신호 센서 매설 위치 철근 간섭 해결, 접지선 용접부 연속성 확인, 부서 합동 서명 날인 | R8: =HYPERLINK(LEFT(CELL("filename",A1),FIND("[",CELL("filename",A1))-1)&"5.콘크리트도상/7_작수전 Big Room 회의/체크리스트/작수전 Big Room 회의_체크리스트.html", "체크리스트 열기")
A9: 9000 | B9: 9000-5 | C9: 콘크리트도상 | D9: 9000-5-8 | E9: 9000-5-2, 9000-5-7 | F9: 9000-5-12 | G9: 장비,자재 반입로/반입구 간섭 검토 | H9: D-60 | I9: 현장공사팀 | J9: 장비, 자재의 반입로/반입구의 타공종 간섭 검토 | K9: - 자재반입 시 노반 시공 간섭 검토 - 자재반입로/반입구 사용가능 시기 검토 | L9: 반입로 시뮬레이션 보고서, 도로점용 허가서 | M9: 장대레일 운반 트레일러(길이 25m 이상) 도로 회전 반경 R=15m 확보 및 타공종 가설재 간섭 배제. | N9: =HYPERLINK(LEFT(CELL("filename",A1),FIND("[",CELL("filename",A1))-1)&"5.콘크리트도상/8_장비,자재 반입로_반입구 간섭 검토/표준서/장비,자재 반입로_반입구 간섭 검토_표준서.html", "표준서 열기") | O9: 1) 상부 신호등/가공전선 이격거리(5m 이상) 및 도로점용 허가 구역 조사 2) 전담 신호수 배치 및 대형 레일 운반 차량 유도 | P9: =HYPERLINK(LEFT(CELL("filename",A1),FIND("[",CELL("filename",A1))-1)&"5.콘크리트도상/8_장비,자재 반입로_반입구 간섭 검토/수행지침/장비,자재 반입로_반입구 간섭 검토_수행지침.html", "수행지침서 열기") | Q9: 트레일러 회전 시뮬레이션 승인, 가설 비계 간섭 범위 해제, 도로 점용 허가 필증 확인 | R9: =HYPERLINK(LEFT(CELL("filename",A1),FIND("[",CELL("filename",A1))-1)&"5.콘크리트도상/8_장비,자재 반입로_반입구 간섭 검토/체크리스트/장비,자재 반입로_반입구 간섭 검토_체크리스트.html", "체크리스트 열기")
A10: 9000 | B10: 9000-5 | C10: 콘크리트도상 | D10: 9000-5-9 | E10: 9000-5-4 | F10: 9000-5-10 | G10: 자재조달계획 검토 | H10: D-60 | I10: 현장관리팀, 현장공사팀 | J10: 외산자재 검수 및 반입일정 검토 / 노반 공정에 따른 반입 시기 검토 | K10: - 외산자재 수량 및 위치, 야적장 규모 등을 고려하여 주문 시기 검토 - 노반 인도 구역 및 규모에 따른 자재 조달계획 수립 | L10: 자재수급스케줄표, 조달 승인서 | M10: 홈레일, 체결구, 탄성 충전재 등 주요 자재의 해상 운송 및 국내 보관 일정 검토. OMC 품질 시방 확보. | N10: =HYPERLINK(LEFT(CELL("filename",A1),FIND("[",CELL("filename",A1))-1)&"5.콘크리트도상/9_자재조달계획 검토/표준서/자재조달계획 검토_표준서.html", "표준서 열기") | O10: 1) 특수 홈레일 및 PST 패널 조달 마스터 일정표 검토 2) PST 슬래브 공장 생산 강도 및 홈레일 단면 검수 | P10: =HYPERLINK(LEFT(CELL("filename",A1),FIND("[",CELL("filename",A1))-1)&"5.콘크리트도상/9_자재조달계획 검토/수행지침/자재조달계획 검토_수행지침.html", "수행지침서 열기") | Q10: 선적 서류 및 통관 승인서 구비, 국내 야적장 2차 보관 상태 점검, 자재 공급 승인서 확인 | R10: =HYPERLINK(LEFT(CELL("filename",A1),FIND("[",CELL("filename",A1))-1)&"5.콘크리트도상/9_자재조달계획 검토/체크리스트/자재조달계획 검토_체크리스트.html", "체크리스트 열기")
A11: 9000 | B11: 9000-5 | C11: 콘크리트도상 | D11: 9000-5-10 | E11: 9000-5-4, 9000-5-9 | F11: 9000-5-12 | G11: 자재 발주 요청 | H11: D-50 (D-60~50) | I11: 현장 공무팀 | J11: 시공에 필요한 자재 발주 | K11: - 자재 규격 및 반입 일정 계획 수립 - 시공에 필요한 당사 지급자재에 대한 발주 요청 - 지원: GP/SRM팀 | L11: 자재청구서, 공급원 승인요청철 | M11: KDS 47 30 00 및 EN 규격 기준 자재 발주서 승인. 공급원 검토 승인 요청서 작성 요령 준수. | N11: =HYPERLINK(LEFT(CELL("filename",A1),FIND("[",CELL("filename",A1))-1)&"5.콘크리트도상/10_자재 발주 요청/표준서/자재 발주 요청_표준서.html", "표준서 열기") | O11: 1) kg/m 레일, 51R1 홈레일, PST 패널 산출 물량 검증 2) 공장 검사(FAT) 조건 및 성적서 첨부 명시 | P11: =HYPERLINK(LEFT(CELL("filename",A1),FIND("[",CELL("filename",A1))-1)&"5.콘크리트도상/10_자재 발주 요청/수행지침/자재 발주 요청_수행지침.html", "수행지침서 열기") | Q11: 자재 발주 수량 설계 대조, 공급원 승인 필증 원본 확인, 발주 공문 승인 요청 | R11: =HYPERLINK(LEFT(CELL("filename",A1),FIND("[",CELL("filename",A1))-1)&"5.콘크리트도상/10_자재 발주 요청/체크리스트/자재 발주 요청_체크리스트.html", "체크리스트 열기")
A12: 9000 | B12: 9000-5 | C12: 콘크리트도상 | D12: 9000-5-11 | E12: 9000-5-6, 9000-5-7 | F12: 9000-5-13, 9000-5-14 | G12: 시공계획 수립 | H12: D-30 (D-60~D-30) | I12: 현장 공사팀/공무팀/안전팀/품질팀 | J12: 궤도공 전반에 대한 수행 계획 공유 | K12: - 공사 위치, 공사 수행 순서, 공사 수행방법 설명 회의를 통한 공유 - 주요 공정별 시공/안전/장비/자재관련 유의사항 토의 - 문제점 발굴 및 대책 마련 브레인 스토밍 | L12: 궤도공사 시공계획서, 안전보건계획서 | M12: 콘크리트도상 시공 절차 및 공정 스케줄 작성. 궤간(+3,-1mm), 캔트(±2mm) 관리계획 수립. | N12: =HYPERLINK(LEFT(CELL("filename",A1),FIND("[",CELL("filename",A1))-1)&"5.콘크리트도상/11_시공계획 수립/표준서/시공계획 수립_표준서.html", "표준서 열기") | O12: 1) HBS 노반 지지력 검증 및 궤도 정밀 CP 측량 시공계획 수립 2) 스핀들 게이지 조정, 테르밋 용접(EN 14730) 및 TCL 콘크리트 타설 수칙 수립 | P12: =HYPERLINK(LEFT(CELL("filename",A1),FIND("[",CELL("filename",A1))-1)&"5.콘크리트도상/11_시공계획 수립/수행지침/시공계획 수립_수행지침.html", "수행지침서 열기") | Q12: 시공계획서 감리단 최종 승인, 선형 관리 한계선 설정 확인, 품질보증계획서 제출 | R12: =HYPERLINK(LEFT(CELL("filename",A1),FIND("[",CELL("filename",A1))-1)&"5.콘크리트도상/11_시공계획 수립/체크리스트/시공계획 수립_체크리스트.html", "체크리스트 열기")
A13: 9000 | B13: 9000-5 | C13: 콘크리트도상 | D13: 9000-5-12 | E13: 9000-5-8, 9000-5-10 | F13: 9000-5-15, 9000-5-17 | G13: 자재 반입 | H13: D-0 (D-30~D-0) | I13: 현장 공사팀/자재팀 | J13: 매립형 궤도/반-PC슬래브용 주요 자재 반입 | K13: - 그루브드레일, 레일고정액상수지, 분기기, 특수 분기기는 외산 자재이며 콘크리트도상 시공 60일 전 공장검수 및 반입 일정을 결정 (체결장치는 국내 생산) - 주로 25Ton 장축 트레일러가 운반장비로 투입되며, 대형차량 이동에 따른 도로 차단계획, 싸인카 투입, 신호수 배치 와 같은 교통관리 계획에 대하여 경찰서, 구청과 사전협의 | L13: 자재인수검사 대장, 불량재 처리부 | M13: 반입 자재의 공장 성적서 대조 및 감리 입회 자재 인수 검사 수행. 변형/균열 자재 전량 반출. | N13: =HYPERLINK(LEFT(CELL("filename",A1),FIND("[",CELL("filename",A1))-1)&"5.콘크리트도상/12_자재 반입/표준서/자재 반입_표준서.html", "표준서 열기") | O13: 1) 송장, 공장 시험성적서 및 KCS 시방 사양 대조 2) 레일 표면 흠집 및 PST 패널 치수 오차(±2mm) 측정 | P13: =HYPERLINK(LEFT(CELL("filename",A1),FIND("[",CELL("filename",A1))-1)&"5.콘크리트도상/12_자재 반입/수행지침/자재 반입_수행지침.html", "수행지침서 열기") | Q13: 인수 검서 보고서 감리 서명, 자재 고유 마킹 대조, 손상 자재 반출 대장 기록 | R13: =HYPERLINK(LEFT(CELL("filename",A1),FIND("[",CELL("filename",A1))-1)&"5.콘크리트도상/12_자재 반입/체크리스트/자재 반입_체크리스트.html", "체크리스트 열기")
A14: 9000 | B14: 9000-5 | C14: 콘크리트도상 | D14: 9000-5-13 | E14: 9000-5-11 | F14: 9000-5-14, 9000-5-15 | G14: [HBS] 강화노반 확인 | H14: D+1 (D-0~D+1) | I14: 현장 공사팀 | J14: 기존 도로구간 노상토의 지지력 검증 | K14: - 사전토공사 인수계획서 확인 - 터파기 시행 후 들밀도 시험을 통한 상대다짐도 또는 현장 재하시험을 통한 강화노반변형률 계수 확인 - 배수 상태 점검 | L14: 강화노반 인수교차측량 대장, PBT 성적철 | M14: 기초 노반 표면의 지지력 검증. 평판재하시험 K30 ≥ 110 MN/m³ 또는 Ev2 ≥ 120 MPa 확인. | N14: =HYPERLINK(LEFT(CELL("filename",A1),FIND("[",CELL("filename",A1))-1)&"5.콘크리트도상/13_[HBS] 강화노반 확인/표준서/[HBS] 강화노반 확인_표준서.html", "표준서 열기") | O14: 1) 노반 공종으로부터 지지력 K70 ≥ 150 MPa/m 성적서 수령 2) 노반 높이 오차(±10mm 이내) 광학 레벨 측량 검증 | P14: =HYPERLINK(LEFT(CELL("filename",A1),FIND("[",CELL("filename",A1))-1)&"5.콘크리트도상/13_[HBS] 강화노반 확인/수행지침/[HBS] 강화노반 확인_수행지침.html", "수행지침서 열기") | Q14: K30 성적서 원본 대조, 노반 마무리면 요철 제거 상태, 횡단 구배 2.0% 만족 확인 | R14: =HYPERLINK(LEFT(CELL("filename",A1),FIND("[",CELL("filename",A1))-1)&"5.콘크리트도상/13_[HBS] 강화노반 확인/체크리스트/[HBS] 강화노반 확인_체크리스트.html", "체크리스트 열기")
A15: 9000 | B15: 9000-5 | C15: 콘크리트도상 | D15: 9000-5-14 | E15: 9000-5-11, 9000-5-13 | F15: 9000-5-15, 9000-5-16 | G15: [HBS] 콘크리트 타설 및 양생 | H15: D+15 (D+2~D+15) | I15: 현장 공사팀 | J15: 강화노반 상부 기초콘크리트로 TCL, 반-PC 슬래브 안정성 확보 | K15: 슬럼프 값 10cm 이하, 압축강도 18Mpa 이상 콘크리트 타설 - 품질확보를 위해 공장과 현장 이격거리 4.8km 이내 | L15: HBR 콘크리트 품질시험표, 양생온도일지 | M15: 강화노반 상부 기초콘크리트(HBR) 28일 압축강도 ≥ 21 MPa 확보. 고주파 다짐 및 습윤 양생 7일. | N15: =HYPERLINK(LEFT(CELL("filename",A1),FIND("[",CELL("filename",A1))-1)&"5.콘크리트도상/14_[HBS] 콘크리트 타설 및 양생/표준서/[HBS] 콘크리트 타설 및 양생_표준서.html", "표준서 열기") | O15: 1) 콘크리트 시멘트풀 유출 방지 거푸집 패킹 설치 2) 콜드조인트 방지 연속 타설 및 바이브레이터 밀실 다짐 | P15: =HYPERLINK(LEFT(CELL("filename",A1),FIND("[",CELL("filename",A1))-1)&"5.콘크리트도상/14_[HBS] 콘크리트 타설 및 양생/수행지침/[HBS] 콘크리트 타설 및 양생_수행지침.html", "수행지침서 열기") | Q15: HBR 강도 시험 성적서, 습윤 부직포 포설 상태, 타설 두께 오차 ±10mm 이내 검속 | R15: =HYPERLINK(LEFT(CELL("filename",A1),FIND("[",CELL("filename",A1))-1)&"5.콘크리트도상/14_[HBS] 콘크리트 타설 및 양생/체크리스트/[HBS] 콘크리트 타설 및 양생_체크리스트.html", "체크리스트 열기")
A16: 9000 | B16: 9000-5 | C16: 콘크리트도상 | D16: 9000-5-15 | E16: 9000-5-12, 9000-5-13, 9000-5-14 | F16: 9000-5-16, 9000-5-17 | G16: [반-PC 슬래브] 패널반입 및 설치 | H16: D+15 (D+10~D+15) | I16: 현장 공사팀 | J16: 궤광지지체 구간의 PC 슬래브로 교차로/교량구간 급속시공 필요 | K16: PC 슬래브 반입 시, 균열 및 오염 유무를 확인하고, 캔트가 설계 제원에 맞게 제작되었는지 확인 - PC 슬래브 설치 시, 보조도상에 표기된 위치에 정정위치하고, 받침목을 모서리부(패널 길이의 1/4, 3/4 지점) 좌우 4개소 배치 - 사전 적재위치 선정을 통해 소요반 비용발생을 방지 | L16: PC슬래브 거치 수준 실측표, 평탄성 대장 | M16: PC 슬래브 패널 평탄성 오차 ±3mm 이내 거치. 광학 토탈스테이션 연동 정밀 3D 얼라인먼트. | N16: =HYPERLINK(LEFT(CELL("filename",A1),FIND("[",CELL("filename",A1))-1)&"5.콘크리트도상/15_[반-PC 슬래브] 패널반입 및 설치/표준서/[반-PC 슬래브] 패널반입 및 설치_표준서.html", "표준서 열기") | O16: 1) 노반 표면 이물질 청소 및 광학 측량기 셋팅 2) 점 인양 빔으로 패널 거치 후 스핀들 게이지 정밀 수평 조정 | P16: =HYPERLINK(LEFT(CELL("filename",A1),FIND("[",CELL("filename",A1))-1)&"5.콘크리트도상/15_[반-PC 슬래브] 패널반입 및 설치/수행지침/[반-PC 슬래브] 패널반입 및 설치_수행지침.html", "수행지침서 열기") | Q16: Screw Jack 레벨 정위치 고정, 3D 광학 실측 좌표 일치, 코너 크랙 육안 검사 | R16: =HYPERLINK(LEFT(CELL("filename",A1),FIND("[",CELL("filename",A1))-1)&"5.콘크리트도상/15_[반-PC 슬래브] 패널반입 및 설치/체크리스트/[반-PC 슬래브] 패널반입 및 설치_체크리스트.html", "체크리스트 열기")
A17: 9000 | B17: 9000-5 | C17: 콘크리트도상 | D17: 9000-5-16 | E17: 9000-5-14, 9000-5-15 | F17: 9000-5-17, 9000-5-18 | G17: [PST] 전단앵커설치 및 충전재 주입 | H17: D+16 (D+16~D+16) | I17: 현장 공사팀 | J17: HBS, TCL층과 일체화를 위하여 전단앵커를 설치하고 몰탈 충전재 주입 | K17: 충전재 주입 중 재료나 장비의 이상으로 완전히 충전되지 않을 경우에는 충전재가 경화되기 전에 기 주입된 충전재를 제거하고 물청소를 시행한 후 재작업 실시 - EVA Foam 구멍을 뚫어 몰탈 유출 확인, 밀실하게 충진되었는지 확인 - 충전재 주입이 완료되면 충전층이 경화되기 전에 전단키 덮개를 시공하여 수분의 유입을 차단 | L17: 앵커 시공인장 시험기록, 그라우트 공시체 강도대장 | M17: 전단앵커 구멍 천공 깊이 및 수직도 확보. 무수축 모르타르 그라우트 압축강도 ≥ 30 MPa 충전. | N17: =HYPERLINK(LEFT(CELL("filename",A1),FIND("[",CELL("filename",A1))-1)&"5.콘크리트도상/16_[PST] 전단앵커설치 및 충전재 주입/표준서/[PST] 전단앵커설치 및 충전재 주입_표준서.html", "표준서 열기") | O17: 1) 앵커 홀 이물질 제거 및 무수축 그라우트 배합비 확인 2) 음향 탐사로 공기 공동 파악 및 45 MPa 몰드 시험 확인 | P17: =HYPERLINK(LEFT(CELL("filename",A1),FIND("[",CELL("filename",A1))-1)&"5.콘크리트도상/16_[PST] 전단앵커설치 및 충전재 주입/수행지침/[PST] 전단앵커설치 및 충전재 주입_수행지침.html", "수행지침서 열기") | Q17: 천공 깊이 측정 게이지 점검, 앵커 인장 강도 확인, 원웨이 주입 배출구 몰탈 오버플로우 확인 | R17: =HYPERLINK(LEFT(CELL("filename",A1),FIND("[",CELL("filename",A1))-1)&"5.콘크리트도상/16_[PST] 전단앵커설치 및 충전재 주입/체크리스트/[PST] 전단앵커설치 및 충전재 주입_체크리스트.html", "체크리스트 열기")
A18: 9000 | B18: 9000-5 | C18: 콘크리트도상 | D18: 9000-5-17 | E18: 9000-5-12, 9000-5-15, 9000-5-16 | F18: 9000-5-18, 9000-5-20 | G18: [TCL] 궤광 및 철근조립 | H18: D+30 (D+17~D+30) | I18: 현장 공사팀 | J18: TCL 철근조립 및 부설시 매립형 궤도를 포함한 궤광의 변위 발생 방지 | K18: 임시침목을 이용한 궤광 설치 및 줄틀림, 면틀림, 중심간격 허용오차는 3mm 이내 - 종방향, 횡방향 철근 조립시 2m 간격설치, 철근처짐이 없도록 용접 또는 결속 | L18: 철근배근 검측서, 신호 이격 거리표 | M18: 1,435mm 표준궤 정밀 유지 타이바 설치. 철근 피복 두께 40mm 확보 및 신호 감선 이격 150mm. | N18: =HYPERLINK(LEFT(CELL("filename",A1),FIND("[",CELL("filename",A1))-1)&"5.콘크리트도상/17_[TCL] 궤광 및 철근조립/표준서/[TCL] 궤광 및 철근조립_표준서.html", "표준서 열기") | O18: 1) CP 광학 레벨기로 궤도 중심선 및 기준 높이 확인 2) 궤간 1,435mm(+3,-1mm) 고정 및 캔트/수평 오차 ±2mm 이내 정밀 정열 | P18: =HYPERLINK(LEFT(CELL("filename",A1),FIND("[",CELL("filename",A1))-1)&"5.콘크리트도상/17_[TCL] 궤광 및 철근조립/수행지침/[TCL] 궤광 및 철근조립_수행지침.html", "수행지침서 열기") | Q18: 철근 결속선 긴장 상태, 타이바 조임 토크 확인, 신호 루프 케이블 배근 이격 확인 | R18: =HYPERLINK(LEFT(CELL("filename",A1),FIND("[",CELL("filename",A1))-1)&"5.콘크리트도상/17_[TCL] 궤광 및 철근조립/체크리스트/[TCL] 궤광 및 철근 조립_체크리스트.html", "체크리스트 열기")
A19: 9000 | B19: 9000-5 | C19: 콘크리트도상 | D19: 9000-5-18 | E19: 9000-5-16, 9000-5-17 | F19: 9000-5-19 | G19: [TCL] 거푸집 설치 | H19: D+35 (D+31~D+35) | I19: 현장 공사팀 | J19: 거푸집 지지대는 철근이 타설압력에 의해 변위가 발생하지 않도록 앵커나 서포트로 고정 | K19: 강재거푸집거푸집 반영 - 작업자 이동통로 확보가 되어 있는지 확인하고, 넘어짐 등의 안전사고가 발생하지 않도록 지지대에 별도 식별장치 설치 | L19: 거푸집설치 대조표, 박리제 검사철 | M19: 타설 측압 대비 서포트 앵커 W=1.0m 간격 고정. 거푸집 수평/수직 처짐 변위 ±2mm 이내 통제. | N19: =HYPERLINK(LEFT(CELL("filename",A1),FIND("[",CELL("filename",A1))-1)&"5.콘크리트도상/18_[TCL] 거푸집 설치/표준서/[TCL] 거푸집 설치_표준서.html", "표준서 열기") | O19: 1) 거푸집 선형 검측표 작성 후 감리원 검측 승인 2) 거푸집 면 이물질 청소 및 환경 친화 박리제 균일 도포 | P19: =HYPERLINK(LEFT(CELL("filename",A1),FIND("[",CELL("filename",A1))-1)&"5.콘크리트도상/18_[TCL] 거푸집 설치/수행지침/[TCL] 거푸집 설치_수행지침.html", "수행지침서 열기") | Q19: 거푸집 지지대 앵커 조임, 박리제 도포 상태, 이음매 틈새 누수 패킹 확인 | R19: =HYPERLINK(LEFT(CELL("filename",A1),FIND("[",CELL("filename",A1))-1)&"5.콘크리트도상/18_[TCL] 거푸집 설치/체크리스트/[TCL] 거푸집 설치_체크리스트.html", "체크리스트 열기")
A20: 9000 | B20: 9000-5 | C20: 콘크리트도상 | D20: 9000-5-19 | E20: 9000-5-18 | F20: 9000-5-20, 9000-5-21 | G20: [TCL] 콘크리트 타설 및 양생 | H20: D+50 (D+36~D+50) | I20: 현장 공사팀 | J20: TCL은 궤도 부속자재(레일, 고정액상수지 등)가 연결되어 있어, 선형조정 및 연마감 작업이 중요 | K20: 슬럼프값은 10cm 이하 타설, 피니셔의 진행 정지시 진동 다짐 장비 중지 - 7일이상 습윤양생 시행, 양생이후 콘크리트 도상내 이물질 청소 및 세척 - 그루브드레일 홈 부분 청소 및 세척, 치수확인 | L20: TCL 콘크리트 품질대장, 게이지 실시간 보정일지 | M20: TCL 도상 콘크리트 강도 ≥ 35 MPa. 타설 중 실시간 궤간척(Gauge Bar) 캔트 오차 ±2mm 보정. | N20: =HYPERLINK(LEFT(CELL("filename",A1),FIND("[",CELL("filename",A1))-1)&"5.콘크리트도상/19_[TCL] 콘크리트 타설 및 양생/표준서/[TCL] 콘크리트 타설 및 양생_표준서.html", "표준서 열기") | O20: 1) 타설 직전 스핀들 궤간/캔트 최종 정열 상태 측량 2) 고주파 다짐 실시 및 타설 중 실시간 궤간/캔트 오차 미세 조율 | P20: =HYPERLINK(LEFT(CELL("filename",A1),FIND("[",CELL("filename",A1))-1)&"5.콘크리트도상/19_[TCL] 콘크리트 타설 및 양생/수행지침/[TCL] 콘크리트 타설 및 양생_수행지침.html", "수행지침서 열기") | Q20: 타설 중 궤간척 실시간 모니터링, 슬럼프 및 공기량 시험, 습윤 양생 부직포 포설 확인 | R20: =HYPERLINK(LEFT(CELL("filename",A1),FIND("[",CELL("filename",A1))-1)&"5.콘크리트도상/19_[TCL] 콘크리트 타설 및 양생/체크리스트/[TCL] 콘크리트 타설 및 양생_체크리스트.html", "체크리스트 열기")
A21: 9000 | B21: 9000-5 | C21: 콘크리트도상 | D21: 9000-5-20 | E21: 9000-5-3, 9000-5-17, 9000-5-19 | F21: 9000-5-21, 9000-5-22 | G21: [레일용접] 가스 압접 | H21: D+63 (D-60~D+63) | I21: 현장 공사팀 | J21: 장대레일 제작을 위해 용접기에서 가스로 레일 단부를 가열한 후, 강한 압력을 가하여 레일을 접합 | K21: 레일의 엇갈림, 굴곡 등 외관으로 확인 가능한 것은 적열 중에 교정하며, 냉각이 진행되었으면 재가열 한 후 교정 - 교정된 레일의 접합부는 마찬가지로 적열상태일때 트리밍하여 불순물을 제거 - 가스압접 완료 후 외관검사를 통해 레일의 균열, 굽힘, 비틀림을 확인하고, 지분탐상검사를 통해 내부 결함을 확인 | L21: 가스압접 시공성적표, UT 비파괴보고서 | M21: EN 14587 규격 준수. 레일 단부 가열(1200℃) 후 압송. 용접부 직선도 1m당 ±0.2mm 이내 정밀 연마. | N21: =HYPERLINK(LEFT(CELL("filename",A1),FIND("[",CELL("filename",A1))-1)&"5.콘크리트도상/20_[레일용접] 가스 압접/표준서/[레일용접] 가스 압접_표준서.html", "표준서 열기") | O21: 1) 레일 단면 50mm 녹/기름 제거 및 가스 압접기 압력 교정 2) EN 14587 프로그램에 따라 자동 가열 및 버(Burr) 핫 쉐어링 전단 | P21: =HYPERLINK(LEFT(CELL("filename",A1),FIND("[",CELL("filename",A1))-1)&"5.콘크리트도상/20_[레일용접] 가스 압접/수행지침/[레일용접] 가스 압접_수행지침.html", "수행지침서 열기") | Q21: 가스 압접 압력 게이지 확인, 용접부 급랭 방지 덮개 설치, 비파괴 시험(UT) 성적서 결재 | R21: =HYPERLINK(LEFT(CELL("filename",A1),FIND("[",CELL("filename",A1))-1)&"5.콘크리트도상/20_[레일용접] 가스 압접/체크리스트/[레일용접] 가스 압접_체크리스트.html", "체크리스트 열기")
A22: 9000 | B22: 9000-5 | C22: 콘크리트도상 | D22: 9000-5-21 | E22: 9000-5-19, 9000-5-20 | F22: 9000-5-22 | G22: [레일용접] 테르밋 용접 | H22: D+64 (D+64~D+64) | I22: 현장 공사팀 | J22: 테르밋 용제를 예열된 장대레일 공간에 넣고 용융하여 모든 장대레일을 일체화 | K22: 면, 틈맞춤 -> 몰드설치 -> 용접부예열 -> 용접부연마 -> 용접완료 - 테르밋 용접 완료 후 외관검사를 통해 레일의 균열, 굽힘, 비틀림을 확인하고, 침투탐상검사 및 초음파탐상검사를 통해 내부 결함을 확인 - 용접이 완료된 개소 측면에 용접년도와 용접공 고유번호가 표시 되었는지 확인 - 테르밋 용접 용제 폐기물 수거를 위해 톤마대를 준비하고, 폐기물 반출 일정을 수립 | L22: 테르밋 용접일지, MT 자분탐상 보고서 | M22: EN 14730 규격 준수. 도가니 반응 후 슬래그 분리. 직선도 오차 ±0.2mm 이내 및 NDT 100% 합격. | N22: =HYPERLINK(LEFT(CELL("filename",A1),FIND("[",CELL("filename",A1))-1)&"5.콘크리트도상/21_[레일용접] 테르밋 용접/표준서/[레일용접] 테르밋 용접_표준서.html", "표준서 열기") | O22: 1) 레일 끝단 23~26mm 유격 조정 및 레일 정열 클램프 고정 2) 몰드 밀봉 후 테르밋 소모품點火 반응 주입 및 약 5분 후 유압 전단 | P22: =HYPERLINK(LEFT(CELL("filename",A1),FIND("[",CELL("filename",A1))-1)&"5.콘크리트도상/21_[레일용접] 테르밋 용접/수행지침/[레일용접] 테르밋 용접_수행지침.html", "수행지침서 열기") | Q22: 테르밋 용제 예열 온도 확인, 도가니 수평 고정, 비파괴 검사(UT/MT) 전수 실시 | R22: =HYPERLINK(LEFT(CELL("filename",A1),FIND("[",CELL("filename",A1))-1)&"5.콘크리트도상/21_[레일용접] 테르밋 용접/체크리스트/[레일용접] 테르밋 용접_체크리스트.html", "체크리스트 열기")
A23: 9000 | B23: 9000-5 | C23: 콘크리트도상 | D23: 9000-5-22 | E23: 9000-5-20, 9000-5-21 | F23: 9000-5-23 | G23: [레일연마] 레일연마 or 밀링 | H23: D+75 (D+71~D+75) | I23: 현장 공사팀 | J23: 레일 연마 or 밀링작업을 통해 선로의 평탄화증을 제거하여 레일 수명 향상 및 운행 안정성 개선 | K23: 레일연마는 연마 작업시 발생하는 스파크, 분진, 냉각수로 인한 Risk를 개선한 신기술로, 연마를 시행하는 것이 레일의 품질관리 및 시공성 측면에서 유리 - 장비보유현황 및 투입 스케줄 확인 필요 - 연마(밀링) 완료 후, 연마지에 압축기를 설치하여 연마깊이(현식량)를 측정 | L23: 선로 평탄성검사 성적표, 조도 실측야장 | M23: 레일 마무리면 평탄성 1m 기준 오차 ±0.2mm 이내 밀링. 레일 과열에 의한 열응력 크랙 방지. | N23: =HYPERLINK(LEFT(CELL("filename",A1),FIND("[",CELL("filename",A1))-1)&"5.콘크리트도상/22_[레일연마] 레일연마 or 밀링/표준서/[레일연마] 레일연마 or 밀링_표준서.html", "표준서 열기") | O23: 1) 조도계로 Ra ≤ 10㎛ 판정 및 레일 연마 검측 승인 2) 장대레일 구간 연마/밀링 장비 점검 및 표면 단차 사전 조사 | P23: =HYPERLINK(LEFT(CELL("filename",A1),FIND("[",CELL("filename",A1))-1)&"5.콘크리트도상/22_[레일연마] 레일연마 or 밀링/수행지침/[레일연마] 레일연마 or 밀링_수행지침.html", "수행지침서 열기") | Q23: 레일 조도/평탄성 측정 성적서, 절삭유 적정 분사 상태, 마이크로미터 선로 실측 | R23: =HYPERLINK(LEFT(CELL("filename",A1),FIND("[",CELL("filename",A1))-1)&"5.콘크리트도상/22_[레일연마] 레일연마 or 밀링/체크리스트/[레일연마] 레일연마 or 밀링_체크리스트.html", "체크리스트 열기")
A24: 9000 | B24: 9000-5 | C24: 콘크리트도상 | D24: 9000-5-23 | E24: 9000-5-22 | F24: - | G24: 후속공사 인수인계 | H24: D+75일 이후 | I24: 현장 공사팀/품질팀 | J24: 완료구간 후속공사 인수인계 | K24: 완료된 궤도 구간에 대해 후속 분야(전기, 신호 등)가 공사를 진행할 수 있도록 인계 | L24: 궤도 완공 인수서명부, 절연저항 성적철 | M24: 전기/신호/노반 담당자 입회 하에 궤도 회로 절연 저항 ≥ 100MΩ 검속. 준공 도면 일치 서명. | N24: =HYPERLINK(LEFT(CELL("filename",A1),FIND("[",CELL("filename",A1))-1)&"5.콘크리트도상/23_후속공사 인수인계/표준서/후속공사 인수인계_표준서.html", "표준서 열기") | O24: 1) 궤도 회로 절연 및 궤간 오차 현장 합동 확인 2) 구간별 NDT 용접 성과표, 강도 성적서 및 궤도 정열표 대조 | P24: =HYPERLINK(LEFT(CELL("filename",A1),FIND("[",CELL("filename",A1))-1)&"5.콘크리트도상/23_후속공사 인수인계/수행지침/후속공사 인수인계_수행지침.html", "수행지침서 열기") | Q24: 3자 공동 인수 서명 날인, 절연 저항 테스트 결과표 첨부, CAD 준공 대장 제출 | R24: =HYPERLINK(LEFT(CELL("filename",A1),FIND("[",CELL("filename",A1))-1)&"5.콘크리트도상/23_후속공사 인수인계/체크리스트/후속공사 인수인계_체크리스트.html", "체크리스트 열기")

Sheet 건축
A1: L2 코드 | B1: L3 코드 | C1: L3 대공종명 | D1: L4 코드 | E1: 선행 | F1: 후행 | G1: 작업단위 (Level 4 Task/Activity) | H1: 일정 (D-Day) | I1: 주관 | J1: 목적 | K1: 방법 | L1: 산출물(결과) | M1: 표준서 (Standard) 요약 | N1: 표준서 파일 (HTML) | O1: 수행지침 (Guideline) 요약 | P1: 수행지침 파일 (HTML) | Q1: 체크리스트 (Checklist) 요약 | R1: 체크리스트 파일 (HTML) | S1: 비고
A2: 9000 | B2: 9000-6 | C2: 건축 | D2: 9000-6-1 | E2: - | F2: 9000-6-2, 9000-6-3 | G2: 설계 적정성 검토 | H2: D-120 (D-150~D-120) | I2: 현장 공무팀 | J2: 건축 설계 오류 및 누락사항 검토 | K2: - 시공성 검토: 구조물, 마감, 가시설 등 - 기계설비/전기/통신 등 인터페이스: 개구부/슬리브 반영 유무 및 확인 - 관련규정(법규지침) 최신 개정사항이 설계 반영되었는지 확인 - 신기술/특허 반영 유무 검토 - 품질/안전 Risk 검토 및 관리방안 검토 | L2: 설계변경 예상 List, 회의록 | M2: 1) 설계 적정성 검토 (WBS 9000-4-1) 관련 시공성 검토: 구조물, 마감, 가시설 등 수칙 및 법적 이행 의무를 1:1 준수한다. 또한 KDS 41 00 00 (건축구조기준), KDS 41 17 00 (내진설계기준) 및 KCS 41 00 00 (건축공사 표준시방서) 기술기준을 100% 충족한다. 2) 설계 적정성 검토 달성을 위한 필수 시공 방법(시공성 검토: 구조물, 마감, 가시설 등 기계설비/전기/통신 등 인터페이스: 개구부/슬리브 반영 유무 및 확...) 및 국가 기술 규격을 엄격히 보장한다. 이에 따라 구조 안전성 100% 입증, 누수/균열 하자 0건 달성 및 책임감리원 최종 결재를 완료하여 지자체 건축물 사용승인(준공) 필증을 획득한다. | N2: =HYPERLINK(LEFT(CELL("filename",A1),FIND("[",CELL("filename",A1))-1)&"6.건축\1_설계 적정성 검토\표준서\설계 적정성 검토_표준서.html", "👉 [클릭] 표준서 열기 📄") | O2: 1) 설계 적정성 검토 (WBS 9000-4-1) 사전 건축 인허가 서식 제출(관할 지자체/소방서), 3D BIM 도서 대조 및 기계·전기·통신 4대 인터페이스 개구부를 확정한다. 2) 실무 작업방법 수칙(시공성 검토: 구조물, 마감, 가시설 등 기계설비/전기/통신 등 인터페이스: 개구부/슬리브 반...)에 따라 철근 이음/피복두께 검측, 거푸집 다짐 양생 및 현장 3대 금기 수칙(피복 미달, 무단 타설)을 완수한다. | P2: =HYPERLINK(LEFT(CELL("filename",A1),FIND("[",CELL("filename",A1))-1)&"6.건축\1_설계 적정성 검토\수행지침\설계 적정성 검토_수행지침.html", "👉 [클릭] 수행지침 열기 📄") | Q2: 1) 건축법 제11조 및 KDS 41 00 00 건축구조기준에 따라 설계 적정성 검토 사전 검토를 수행하였는가? 또한 레미콘 규격(24~30MPa), 철근 시험성적서 및 방수자재 KCS 표준 품질 적격성을 검수하였는가? 2) 미검측 및 정량 시방 미달에 따른 설계 적정성 검토 (WBS 9000-4-1) 구조 균열/누수 하자 발생, 개구부 누락 재시공 손실 및 최종 설계변경 예상 List, 회의록 승인 반려 리스크를 전면 차단한다. | R2: =HYPERLINK(LEFT(CELL("filename",A1),FIND("[",CELL("filename",A1))-1)&"6.건축\1_설계 적정성 검토\체크리스트\설계 적정성 검토_체크리스트.html", "👉 [클릭] 체크리스트 열기 📄")
A3: 9000 | B3: 9000-6 | C3: 건축 | D3: 9000-6-2 | E3: 9000-6-1 | F3: 9000-6-4, 9000-6-7 | G3: 발주전략 KOM | H3: D-100 (D-120~D-100) | I3: 현장소장 | J3: 건축 구조물 및 내부, 마감공사 발주 전략 수립 | K3: - 가시공 B/P 적정성 검토 - 현설조건 검토 - 공법 및 공기 검토 - 예산 적정성 검토 - 현장 여건 및 지반상태(기초, 말뚝등) 검토 | L3: KOM 검토결과서, 현설서 | M3: 1) 발주전략 KOM (WBS 9000-4-2) 관련 가시공 B/P 적정성 검토 수칙 및 법적 이행 의무를 1:1 준수한다. 또한 KDS 41 00 00 (건축구조기준), KDS 41 17 00 (내진설계기준) 및 KCS 41 00 00 (건축공사 표준시방서) 기술기준을 100% 충족한다. 2) 발주전략 KOM 달성을 위한 필수 시공 방법(가시공 B/P 적정성 검토 현설조건 검토 공법 및 공기 검토 예산 적정성 검토 현장 여건 및 지반상태(기초,...) 및 국가 기술 규격을 엄격히 보장한다. 이에 따라 구조 안전성 100% 입증, 누수/균열 하자 0건 달성 및 책임감리원 최종 결재를 완료하여 지자체 건축물 사용승인(준공) 필증을 획득한다. | N3: =HYPERLINK(LEFT(CELL("filename",A1),FIND("[",CELL("filename",A1))-1)&"6.건축\2_발주전략 KOM\표준서\발주전략 KOM_표준서.html", "👉 [클릭] 표준서 열기 📄") | O3: 1) 발주전략 KOM (WBS 9000-4-2) 사전 건축 인허가 서식 제출(관할 지자체/소방서), 3D BIM 도서 대조 및 기계·전기·통신 4대 인터페이스 개구부를 확정한다. 2) 실무 작업방법 수칙(가시공 B/P 적정성 검토 현설조건 검토 공법 및 공기 검토 예산 적정성 검토 현장 여건 및 ...)에 따라 철근 이음/피복두께 검측, 거푸집 다짐 양생 및 현장 3대 금기 수칙(피복 미달, 무단 타설)을 완수한다. | P3: =HYPERLINK(LEFT(CELL("filename",A1),FIND("[",CELL("filename",A1))-1)&"6.건축\2_발주전략 KOM\수행지침\발주전략 KOM_수행지침.html", "👉 [클릭] 수행지침 열기 📄") | Q3: 1) 건축법 제11조 및 KDS 41 00 00 건축구조기준에 따라 발주전략 KOM 사전 검토를 수행하였는가? 또한 레미콘 규격(24~30MPa), 철근 시험성적서 및 방수자재 KCS 표준 품질 적격성을 검수하였는가? 2) 미검측 및 정량 시방 미달에 따른 발주전략 KOM (WBS 9000-4-2) 구조 균열/누수 하자 발생, 개구부 누락 재시공 손실 및 최종 KOM 검토결과서, 현설서 승인 반려 리스크를 전면 차단한다. | R3: =HYPERLINK(LEFT(CELL("filename",A1),FIND("[",CELL("filename",A1))-1)&"6.건축\2_발주전략 KOM\체크리스트\발주전략 KOM_체크리스트.html", "👉 [클릭] 체크리스트 열기 📄")
A4: 9000 | B4: 9000-6 | C4: 건축 | D4: 9000-6-3 | E4: 9000-6-1 | F4: 9000-6-4, 9000-6-5 | G4: 착공전 건축 인허가 | H4: D-100 (D-120~D-100) | I4: 현장소장 | J4: 관련법에 따라 착수전 건축인허가 추진 | K4: - 건축허가 요청(->관할 지자체) - 착공신고서 제출(->관할 지자체) - 소방시설공사 착공신고서 제출 (->관할 소방서) - 정보통신공사 착공전 설계도 확인(->관할 지자체) | L4: 인허가 신고/승인 문서 | M4: 1) 착공전 건축 인허가 (WBS 9000-4-3) 관련 건축허가 요청(->관할 지자체) 수칙 및 법적 이행 의무를 1:1 준수한다. 또한 KDS 41 00 00 (건축구조기준), KDS 41 17 00 (내진설계기준) 및 KCS 41 00 00 (건축공사 표준시방서) 기술기준을 100% 충족한다. 2) 착공전 건축 인허가 달성을 위한 필수 시공 방법(건축허가 요청(->관할 지자체) 착공신고서 제출(->관할 지자체) 소방시설공사 착공신고서 제출 (->관할 소...) 및 국가 기술 규격을 엄격히 보장한다. 이에 따라 구조 안전성 100% 입증, 누수/균열 하자 0건 달성 및 책임감리원 최종 결재를 완료하여 지자체 건축물 사용승인(준공) 필증을 획득한다. | N4: =HYPERLINK(LEFT(CELL("filename",A1),FIND("[",CELL("filename",A1))-1)&"6.건축\3_착공전 건축 인허가\표준서\착공전 건축 인허가_표준서.html", "👉 [클릭] 표준서 열기 📄") | O4: 1) 착공전 건축 인허가 (WBS 9000-4-3) 사전 건축 인허가 서식 제출(관할 지자체/소방서), 3D BIM 도서 대조 및 기계·전기·통신 4대 인터페이스 개구부를 확정한다. 2) 실무 작업방법 수칙(건축허가 요청(->관할 지자체) 착공신고서 제출(->관할 지자체) 소방시설공사 착공신고서 제출...)에 따라 철근 이음/피복두께 검측, 거푸집 다짐 양생 및 현장 3대 금기 수칙(피복 미달, 무단 타설)을 완수한다. | P4: =HYPERLINK(LEFT(CELL("filename",A1),FIND("[",CELL("filename",A1))-1)&"6.건축\3_착공전 건축 인허가\수행지침\착공전 건축 인허가_수행지침.html", "👉 [클릭] 수행지침 열기 📄") | Q4: 1) 건축법 제11조 및 KDS 41 00 00 건축구조기준에 따라 착공전 건축 인허가 사전 검토를 수행하였는가? 또한 레미콘 규격(24~30MPa), 철근 시험성적서 및 방수자재 KCS 표준 품질 적격성을 검수하였는가? 2) 미검측 및 정량 시방 미달에 따른 착공전 건축 인허가 (WBS 9000-4-3) 구조 균열/누수 하자 발생, 개구부 누락 재시공 손실 및 최종 인허가 신고/승인 문서 승인 반려 리스크를 전면 차단한다. | R4: =HYPERLINK(LEFT(CELL("filename",A1),FIND("[",CELL("filename",A1))-1)&"6.건축\3_착공전 건축 인허가\체크리스트\착공전 건축 인허가_체크리스트.html", "👉 [클릭] 체크리스트 열기 📄")
A5: 9000 | B5: 9000-6 | C5: 건축 | D5: 9000-6-4 | E5: 9000-6-2, 9000-6-3 | F5: 9000-6-5 | G5: 건축허가 요청 | H5: D-90 (D-120~D-90) | I5: 건축설계사, 현장준비팀 | J5: 건축허가요청 | K5: 건축설계사, 현장준비팀 -> 관할지자체 - 건축법 제11조(건축허가) - 서식: 별지 제1호의4서식 - 관할지자체(시,군,구) 2일~15일 | L5: 건축허가 통보 문서 | M5: 1) 건축허가 요청 (WBS 9000-4-4) 관련 건축설계사, 현장준비팀 -> 관할지자체 수칙 및 법적 이행 의무를 1:1 준수한다. 또한 KDS 41 00 00 (건축구조기준), KDS 41 17 00 (내진설계기준) 및 KCS 41 00 00 (건축공사 표준시방서) 기술기준을 100% 충족한다. 2) 건축허가 요청 달성을 위한 필수 시공 방법(건축설계사, 현장준비팀 -> 관할지자체 건축법 제11조(건축허가) 서식: 별지 제1호의4서식 관할지자체(시,...) 및 국가 기술 규격을 엄격히 보장한다. 이에 따라 구조 안전성 100% 입증, 누수/균열 하자 0건 달성 및 책임감리원 최종 결재를 완료하여 지자체 건축물 사용승인(준공) 필증을 획득한다. | N5: =HYPERLINK(LEFT(CELL("filename",A1),FIND("[",CELL("filename",A1))-1)&"6.건축\4_건축허가 요청\표준서\건축허가 요청_표준서.html", "👉 [클릭] 표준서 열기 📄") | O5: 1) 건축허가 요청 (WBS 9000-4-4) 사전 건축 인허가 서식 제출(관할 지자체/소방서), 3D BIM 도서 대조 및 기계·전기·통신 4대 인터페이스 개구부를 확정한다. 2) 실무 작업방법 수칙(건축설계사, 현장준비팀 -> 관할지자체 건축법 제11조(건축허가) 서식: 별지 제1호의4서식 ...)에 따라 철근 이음/피복두께 검측, 거푸집 다짐 양생 및 현장 3대 금기 수칙(피복 미달, 무단 타설)을 완수한다. | P5: =HYPERLINK(LEFT(CELL("filename",A1),FIND("[",CELL("filename",A1))-1)&"6.건축\4_건축허가 요청\수행지침\건축허가 요청_수행지침.html", "👉 [클릭] 수행지침 열기 📄") | Q5: 1) 건축법 제11조 및 KDS 41 00 00 건축구조기준에 따라 건축허가 요청 사전 검토를 수행하였는가? 또한 레미콘 규격(24~30MPa), 철근 시험성적서 및 방수자재 KCS 표준 품질 적격성을 검수하였는가? 2) 미검측 및 정량 시방 미달에 따른 건축허가 요청 (WBS 9000-4-4) 구조 균열/누수 하자 발생, 개구부 누락 재시공 손실 및 최종 건축허가 통보 문서 승인 반려 리스크를 전면 차단한다. | R5: =HYPERLINK(LEFT(CELL("filename",A1),FIND("[",CELL("filename",A1))-1)&"6.건축\4_건축허가 요청\체크리스트\건축허가 요청_체크리스트.html", "👉 [클릭] 체크리스트 열기 📄")
A6: 9000 | B6: 9000-6 | C6: 건축 | D6: 9000-6-5 | E6: 9000-6-3, 9000-6-4 | F6: 9000-6-6 | G6: 착공신고서 제출 | H6: D-60 (D-90~D-60) | I6: 현장소장, 건축 설계사 | J6: 착공신고서 제출 | K6: 현장 -> 관할지자체 - 건축법 제21조(착공신고등) - 서식: 별지 제13호 서식 - 제출후 지자체 처리기간 3일 이내 | L6: 착공신고서 승인 통보 문서 | M6: 1) 착공신고서 제출 (WBS 9000-4-5) 관련 현장 -> 관할지자체 수칙 및 법적 이행 의무를 1:1 준수한다. 또한 KDS 41 00 00 (건축구조기준), KDS 41 17 00 (내진설계기준) 및 KCS 41 00 00 (건축공사 표준시방서) 기술기준을 100% 충족한다. 2) 착공신고서 제출 달성을 위한 필수 시공 방법(현장 -> 관할지자체 건축법 제21조(착공신고등) 서식: 별지 제13호 서식 제출후 지자체 처리기간 3일 이...) 및 국가 기술 규격을 엄격히 보장한다. 이에 따라 구조 안전성 100% 입증, 누수/균열 하자 0건 달성 및 책임감리원 최종 결재를 완료하여 지자체 건축물 사용승인(준공) 필증을 획득한다. | N6: =HYPERLINK(LEFT(CELL("filename",A1),FIND("[",CELL("filename",A1))-1)&"6.건축\5_착공신고서 제출\표준서\착공신고서 제출_표준서.html", "👉 [클릭] 표준서 열기 📄") | O6: 1) 착공신고서 제출 (WBS 9000-4-5) 사전 건축 인허가 서식 제출(관할 지자체/소방서), 3D BIM 도서 대조 및 기계·전기·통신 4대 인터페이스 개구부를 확정한다. 2) 실무 작업방법 수칙(현장 -> 관할지자체 건축법 제21조(착공신고등) 서식: 별지 제13호 서식 제출후 지자체 처...)에 따라 철근 이음/피복두께 검측, 거푸집 다짐 양생 및 현장 3대 금기 수칙(피복 미달, 무단 타설)을 완수한다. | P6: =HYPERLINK(LEFT(CELL("filename",A1),FIND("[",CELL("filename",A1))-1)&"6.건축\5_착공신고서 제출\수행지침\착공신고서 제출_수행지침.html", "👉 [클릭] 수행지침 열기 📄") | Q6: 1) 건축법 제11조 및 KDS 41 00 00 건축구조기준에 따라 착공신고서 제출 사전 검토를 수행하였는가? 또한 레미콘 규격(24~30MPa), 철근 시험성적서 및 방수자재 KCS 표준 품질 적격성을 검수하였는가? 2) 미검측 및 정량 시방 미달에 따른 착공신고서 제출 (WBS 9000-4-5) 구조 균열/누수 하자 발생, 개구부 누락 재시공 손실 및 최종 착공신고서 승인 통보 문서 승인 반려 리스크를 전면 차단한다. | R6: =HYPERLINK(LEFT(CELL("filename",A1),FIND("[",CELL("filename",A1))-1)&"6.건축\5_착공신고서 제출\체크리스트\착공신고서 제출_체크리스트.html", "👉 [클릭] 체크리스트 열기 📄")
A7: 9000 | B7: 9000-6 | C7: 건축 | D7: 9000-6-6 | E7: 9000-6-5 | F7: 9000-6-7, 9000-6-8 | G7: 소방시설공사 착공 신고서 제출 | H7: D-70 (D-70~D-60) | I7: 현장소장 | J7: 소방시설공사 착공신고서 제출 | K7: 현장 -> 관할소방서, 소방시설공사업법 제13조(착공신고) - 서식: 별지 제14호 서식 - 제출후 처리기간 2일 이내 | L7: 소방시설공사 착공신고필증 | M7: 1) 소방시설공사 착공 신고서 제출 (WBS 9000-4-6) 관련 현장 -> 관할소방서, 소방시설공사업법 제13조(착공신고) 수칙 및 법적 이행 의무를 1:1 준수한다. 또한 KDS 41 00 00 (건축구조기준), KDS 41 17 00 (내진설계기준) 및 KCS 41 00 00 (건축공사 표준시방서) 기술기준을 100% 충족한다. 2) 소방시설공사 착공 신고서 제출 달성을 위한 필수 시공 방법(현장 -> 관할소방서, 소방시설공사업법 제13조(착공신고) 서식: 별지 제14호 서식 제출후 처리기간 2일 ...) 및 국가 기술 규격을 엄격히 보장한다. 이에 따라 구조 안전성 100% 입증, 누수/균열 하자 0건 달성 및 책임감리원 최종 결재를 완료하여 지자체 건축물 사용승인(준공) 필증을 획득한다. | N7: =HYPERLINK(LEFT(CELL("filename",A1),FIND("[",CELL("filename",A1))-1)&"6.건축\6_소방시설공사 착공 신고서 제출\표준서\소방시설공사 착공 신고서 제출_표준서.html", "👉 [클릭] 표준서 열기 📄") | O7: 1) 소방시설공사 착공 신고서 제출 (WBS 9000-4-6) 사전 건축 인허가 서식 제출(관할 지자체/소방서), 3D BIM 도서 대조 및 기계·전기·통신 4대 인터페이스 개구부를 확정한다. 2) 실무 작업방법 수칙(현장 -> 관할소방서, 소방시설공사업법 제13조(착공신고) 서식: 별지 제14호 서식 제출후 ...)에 따라 철근 이음/피복두께 검측, 거푸집 다짐 양생 및 현장 3대 금기 수칙(피복 미달, 무단 타설)을 완수한다. | P7: =HYPERLINK(LEFT(CELL("filename",A1),FIND("[",CELL("filename",A1))-1)&"6.건축\6_소방시설공사 착공 신고서 제출\수행지침\소방시설공사 착공 신고서 제출_수행지침.html", "👉 [클릭] 수행지침 열기 📄") | Q7: 1) 건축법 제11조 및 KDS 41 00 00 건축구조기준에 따라 소방시설공사 착공 신고서 제출 사전 검토를 수행하였는가? 또한 레미콘 규격(24~30MPa), 철근 시험성적서 및 방수자재 KCS 표준 품질 적격성을 검수하였는가? 2) 미검측 및 정량 시방 미달에 따른 소방시설공사 착공 신고서 제출 (WBS 9000-4-6) 구조 균열/누수 하자 발생, 개구부 누락 재시공 손실 및 최종 소방시설공사 착공신고필증 승인 반려 리스크를 전면 차단한다. | R7: =HYPERLINK(LEFT(CELL("filename",A1),FIND("[",CELL("filename",A1))-1)&"6.건축\6_소방시설공사 착공 신고서 제출\체크리스트\소방시설공사 착공 신고서 제출_체크리스트.html", "👉 [클릭] 체크리스트 열기 📄")
A8: 9000 | B8: 9000-6 | C8: 건축 | D8: 9000-6-7 | E8: 9000-6-2, 9000-6-6 | F8: 9000-6-9, 9000-6-10 | G8: 정보통신공사 착공전 설계도 확인 (신청서 제출 및 결과 접수) | H8: D-60 | I8: 현장소장 | J8: 정보통신공사 착공전 설계도 확인 신청 및 제출 | K8: 현장 -> 관할지자체, 정보통신공사업법 시행령 제35조의 2 - 서식: 별지 제7호 서식 - 제출후 처리기간 14일 이내 | L8: 정보통신공사 착공전 설계도 확인결과 통보서 | M8: 1) 정보통신공사 착공전 설계도 확인 (신청서 제출 및 결과 접수) (WBS 9000-4-7) 관련 현장 -> 관할지자체, 정보통신공사업법 시행령 제35조의 2 수칙 및 법적 이행 의무를 1:1 준수한다. 또한 KDS 41 00 00 (건축구조기준), KDS 41 17 00 (내진설계기준) 및 KCS 41 00 00 (건축공사 표준시방서) 기술기준을 100% 충족한다. 2) 정보통신공사 착공전 설계도 확인 (신청서 제출 및 결과 접수) 달성을 위한 필수 시공 방법(현장 -> 관할지자체, 정보통신공사업법 시행령 제35조의 2 서식: 별지 제7호 서식 제출후 처리기간 14일...) 및 국가 기술 규격을 엄격히 보장한다. 이에 따라 구조 안전성 100% 입증, 누수/균열 하자 0건 달성 및 책임감리원 최종 결재를 완료하여 지자체 건축물 사용승인(준공) 필증을 획득한다. | N8: =HYPERLINK(LEFT(CELL("filename",A1),FIND("[",CELL("filename",A1))-1)&"6.건축\7_정보통신공사 착공전 설계도 확인 (신청서 제출 및 결과 접수)\표준서\정보통신공사 착공전 설계도 확인 (신청서 제출 및 결과 접수)_표준서.html", "👉 [클릭] 표준서 열기 📄") | O8: 1) 정보통신공사 착공전 설계도 확인 (신청서 제출 및 결과 접수) (WBS 9000-4-7) 사전 건축 인허가 서식 제출(관할 지자체/소방서), 3D BIM 도서 대조 및 기계·전기·통신 4대 인터페이스 개구부를 확정한다. 2) 실무 작업방법 수칙(현장 -> 관할지자체, 정보통신공사업법 시행령 제35조의 2 서식: 별지 제7호 서식 제출후 ...)에 따라 철근 이음/피복두께 검측, 거푸집 다짐 양생 및 현장 3대 금기 수칙(피복 미달, 무단 타설)을 완수한다. | P8: =HYPERLINK(LEFT(CELL("filename",A1),FIND("[",CELL("filename",A1))-1)&"6.건축\7_정보통신공사 착공전 설계도 확인 (신청서 제출 및 결과 접수)\수행지침\정보통신공사 착공전 설계도 확인 (신청서 제출 및 결과 접수)_수행지침.html", "👉 [클릭] 수행지침 열기 📄") | Q8: 1) 건축법 제11조 및 KDS 41 00 00 건축구조기준에 따라 정보통신공사 착공전 설계도 확인 (신청서 제출 및 결과 접수) 사전 검토를 수행하였는가? 또한 레미콘 규격(24~30MPa), 철근 시험성적서 및 방수자재 KCS 표준 품질 적격성을 검수하였는가? 2) 미검측 및 정량 시방 미달에 따른 정보통신공사 착공전 설계도 확인 (신청서 제출 및 결과 접수) (WBS 9000-4-7) 구조 균열/누수 하자 발생, 개구부 누락 재시공 손실 및 최종 정보통신공사 착공전 설계도 확인결과 통보서 승인 반려 리스크를 전면 차단한다. | R8: =HYPERLINK(LEFT(CELL("filename",A1),FIND("[",CELL("filename",A1))-1)&"6.건축\7_정보통신공사 착공전 설계도 확인 (신청서 제출 및 결과 접수)\체크리스트\정보통신공사 착공전 설계도 확인 (신청서 제출 및 결과 접수)_체크리스트.html", "👉 [클릭] 체크리스트 열기 📄")
A9: 9000 | B9: 9000-6 | C9: 건축 | D9: 9000-6-8 | E9: 9000-6-6 | F9: 9000-6-10 | G9: 선행공종 인수사항 확인 | H9: D-60 | I9: 현장공사팀 | J9: 선행공종 인수인계 | K9: - 부지경계 측량 확인 - 업체간 현장확인+좌표화 Data 인수 - 지장물, 지반상태, 진입로, 작업장 현황 | L9: 회의록, 인수사항 List | M9: 1) 선행공종 인수사항 확인 (WBS 9000-4-8) 관련 부지경계 측량 확인 수칙 및 법적 이행 의무를 1:1 준수한다. 또한 KDS 41 00 00 (건축구조기준), KDS 41 17 00 (내진설계기준) 및 KCS 41 00 00 (건축공사 표준시방서) 기술기준을 100% 충족한다. 2) 선행공종 인수사항 확인 달성을 위한 필수 시공 방법(부지경계 측량 확인 업체간 현장확인+좌표화 Data 인수 지장물, 지반상태, 진입로, 작업장 현황...) 및 국가 기술 규격을 엄격히 보장한다. 이에 따라 구조 안전성 100% 입증, 누수/균열 하자 0건 달성 및 책임감리원 최종 결재를 완료하여 지자체 건축물 사용승인(준공) 필증을 획득한다. | N9: =HYPERLINK(LEFT(CELL("filename",A1),FIND("[",CELL("filename",A1))-1)&"6.건축\8_선행공종 인수사항 확인\표준서\선행공종 인수사항 확인_표준서.html", "👉 [클릭] 표준서 열기 📄") | O9: 1) 선행공종 인수사항 확인 (WBS 9000-4-8) 사전 건축 인허가 서식 제출(관할 지자체/소방서), 3D BIM 도서 대조 및 기계·전기·통신 4대 인터페이스 개구부를 확정한다. 2) 실무 작업방법 수칙(부지경계 측량 확인 업체간 현장확인+좌표화 Data 인수 지장물, 지반상태, 진입로, 작업장 현황)에 따라 철근 이음/피복두께 검측, 거푸집 다짐 양생 및 현장 3대 금기 수칙(피복 미달, 무단 타설)을 완수한다. | P9: =HYPERLINK(LEFT(CELL("filename",A1),FIND("[",CELL("filename",A1))-1)&"6.건축\8_선행공종 인수사항 확인\수행지침\선행공종 인수사항 확인_수행지침.html", "👉 [클릭] 수행지침 열기 📄") | Q9: 1) 건축법 제11조 및 KDS 41 00 00 건축구조기준에 따라 선행공종 인수사항 확인 사전 검토를 수행하였는가? 또한 레미콘 규격(24~30MPa), 철근 시험성적서 및 방수자재 KCS 표준 품질 적격성을 검수하였는가? 2) 미검측 및 정량 시방 미달에 따른 선행공종 인수사항 확인 (WBS 9000-4-8) 구조 균열/누수 하자 발생, 개구부 누락 재시공 손실 및 최종 회의록, 인수사항 List 승인 반려 리스크를 전면 차단한다. | R9: =HYPERLINK(LEFT(CELL("filename",A1),FIND("[",CELL("filename",A1))-1)&"6.건축\8_선행공종 인수사항 확인\체크리스트\선행공종 인수사항 확인_체크리스트.html", "👉 [클릭] 체크리스트 열기 📄")
A10: 9000 | B10: 9000-6 | C10: 건축 | D10: 9000-6-9 | E10: 9000-6-7 | F10: 9000-6-11, 9000-6-12 | G10: 인터페이스 사항 검토 및 지원 | H10: D-60 | I10: 토목수행팀 / 현장 공사, 공무 Part | J10: 후행공정 설계오류 및 변경검토 | K10: - 설계도서 검토를 통한 공종간 인터페이스 사항에 대한 사전검토(오픈구 등) - 유사공종 경험자 현장 지원 파견검토 - 콘크리트 타설전(기계설비, 전기, 통신) 사전 매입해야 할 배관,슬리브위치 타공정 확인 | L10: 회의록, 시공상세도 | M10: 1) 인터페이스 사항 검토 및 지원 (WBS 9000-4-9) 관련 설계도서 검토를 통한 공종간 인터페이스 사항에 대한 사전검토(오픈구 등) 수칙 및 법적 이행 의무를 1:1 준수한다. 또한 KDS 41 00 00 (건축구조기준), KDS 41 17 00 (내진설계기준) 및 KCS 41 00 00 (건축공사 표준시방서) 기술기준을 100% 충족한다. 2) 인터페이스 사항 검토 및 지원 달성을 위한 필수 시공 방법(설계도서 검토를 통한 공종간 인터페이스 사항에 대한 사전검토(오픈구 등) 유사공종 경험자 현장 지원 파견검토...) 및 국가 기술 규격을 엄격히 보장한다. 이에 따라 구조 안전성 100% 입증, 누수/균열 하자 0건 달성 및 책임감리원 최종 결재를 완료하여 지자체 건축물 사용승인(준공) 필증을 획득한다. | N10: =HYPERLINK(LEFT(CELL("filename",A1),FIND("[",CELL("filename",A1))-1)&"6.건축\9_인터페이스 사항 검토 및 지원\표준서\인터페이스 사항 검토 및 지원_표준서.html", "👉 [클릭] 표준서 열기 📄") | O10: 1) 인터페이스 사항 검토 및 지원 (WBS 9000-4-9) 사전 건축 인허가 서식 제출(관할 지자체/소방서), 3D BIM 도서 대조 및 기계·전기·통신 4대 인터페이스 개구부를 확정한다. 2) 실무 작업방법 수칙(설계도서 검토를 통한 공종간 인터페이스 사항에 대한 사전검토(오픈구 등) 유사공종 경험자 현장...)에 따라 철근 이음/피복두께 검측, 거푸집 다짐 양생 및 현장 3대 금기 수칙(피복 미달, 무단 타설)을 완수한다. | P10: =HYPERLINK(LEFT(CELL("filename",A1),FIND("[",CELL("filename",A1))-1)&"6.건축\9_인터페이스 사항 검토 및 지원\수행지침\인터페이스 사항 검토 및 지원_수행지침.html", "👉 [클릭] 수행지침 열기 📄") | Q10: 1) 건축법 제11조 및 KDS 41 00 00 건축구조기준에 따라 인터페이스 사항 검토 및 지원 사전 검토를 수행하였는가? 또한 레미콘 규격(24~30MPa), 철근 시험성적서 및 방수자재 KCS 표준 품질 적격성을 검수하였는가? 2) 미검측 및 정량 시방 미달에 따른 인터페이스 사항 검토 및 지원 (WBS 9000-4-9) 구조 균열/누수 하자 발생, 개구부 누락 재시공 손실 및 최종 회의록, 시공상세도 승인 반려 리스크를 전면 차단한다. | R10: =HYPERLINK(LEFT(CELL("filename",A1),FIND("[",CELL("filename",A1))-1)&"6.건축\9_인터페이스 사항 검토 및 지원\체크리스트\인터페이스 사항 검토 및 지원_체크리스트.html", "👉 [클릭] 체크리스트 열기 📄")
A11: 9000 | B11: 9000-6 | C11: 건축 | D11: 9000-6-10 | E11: 9000-6-7, 9000-6-8 | F11: 9000-6-12, 9000-6-13 | G11: 품질/안전 LL 공유 | H11: D-50 (D-60~50) | I11: 현장 품질팀, 현장 안전팀 | J11: 품질/안전 하자 최소화 | K11: 시공시 발생가능 품질, 안전 하자 최소화 | L11: 시공계획수립시 반영 | M11: 1) 품질/안전 LL 공유 (WBS 9000-4-10) 관련 시공시 발생가능 품질, 안전 하자 최소화 수칙 및 법적 이행 의무를 1:1 준수한다. 또한 KDS 41 00 00 (건축구조기준), KDS 41 17 00 (내진설계기준) 및 KCS 41 00 00 (건축공사 표준시방서) 기술기준을 100% 충족한다. 2) 품질/안전 LL 공유 달성을 위한 필수 시공 방법(시공시 발생가능 품질, 안전 하자 최소화...) 및 국가 기술 규격을 엄격히 보장한다. 이에 따라 구조 안전성 100% 입증, 누수/균열 하자 0건 달성 및 책임감리원 최종 결재를 완료하여 지자체 건축물 사용승인(준공) 필증을 획득한다. | N11: =HYPERLINK(LEFT(CELL("filename",A1),FIND("[",CELL("filename",A1))-1)&"6.건축\10_품질_안전 LL 공유\표준서\품질_안전 LL 공유_표준서.html", "👉 [클릭] 표준서 열기 📄") | O11: 1) 품질/안전 LL 공유 (WBS 9000-4-10) 사전 건축 인허가 서식 제출(관할 지자체/소방서), 3D BIM 도서 대조 및 기계·전기·통신 4대 인터페이스 개구부를 확정한다. 2) 실무 작업방법 수칙(시공시 발생가능 품질, 안전 하자 최소화)에 따라 철근 이음/피복두께 검측, 거푸집 다짐 양생 및 현장 3대 금기 수칙(피복 미달, 무단 타설)을 완수한다. | P11: =HYPERLINK(LEFT(CELL("filename",A1),FIND("[",CELL("filename",A1))-1)&"6.건축\10_품질_안전 LL 공유\수행지침\품질_안전 LL 공유_수행지침.html", "👉 [클릭] 수행지침 열기 📄") | Q11: 1) 건축법 제11조 및 KDS 41 00 00 건축구조기준에 따라 품질/안전 LL 공유 사전 검토를 수행하였는가? 또한 레미콘 규격(24~30MPa), 철근 시험성적서 및 방수자재 KCS 표준 품질 적격성을 검수하였는가? 2) 미검측 및 정량 시방 미달에 따른 품질/안전 LL 공유 (WBS 9000-4-10) 구조 균열/누수 하자 발생, 개구부 누락 재시공 손실 및 최종 시공계획수립시 반영 승인 반려 리스크를 전면 차단한다. | R11: =HYPERLINK(LEFT(CELL("filename",A1),FIND("[",CELL("filename",A1))-1)&"6.건축\10_품질_안전 LL 공유\체크리스트\품질_안전 LL 공유_체크리스트.html", "👉 [클릭] 체크리스트 열기 📄")
A12: 9000 | B12: 9000-6 | C12: 건축 | D12: 9000-6-11 | E12: 9000-6-9 | F12: 9000-6-14 | G12: 자재공급원승인 및 자재발주 | H12: D-30 (D-60~D-30) | I12: 현장 공무팀 | J12: 공사에 필요한 자재 발주 | K12: - 자재 규격 및 반입 일정 계획 수립 - 시공에 필요한 당사 지급자재에 대한 발주 요청 - 자재공급원 승인 제출 및 확인 | L12: 구매 의뢰 승인, 자재공급원 승인서류 | M12: 1) 자재공급원승인 및 자재발주 (WBS 9000-4-11) 관련 자재 규격 및 반입 일정 계획 수립 수칙 및 법적 이행 의무를 1:1 준수한다. 또한 KDS 41 00 00 (건축구조기준), KDS 41 17 00 (내진설계기준) 및 KCS 41 00 00 (건축공사 표준시방서) 기술기준을 100% 충족한다. 2) 자재공급원승인 및 자재발주 달성을 위한 필수 시공 방법(자재 규격 및 반입 일정 계획 수립 시공에 필요한 당사 지급자재에 대한 발주 요청 자재공급원 승인 제출 및 ...) 및 국가 기술 규격을 엄격히 보장한다. 이에 따라 구조 안전성 100% 입증, 누수/균열 하자 0건 달성 및 책임감리원 최종 결재를 완료하여 지자체 건축물 사용승인(준공) 필증을 획득한다. | N12: =HYPERLINK(LEFT(CELL("filename",A1),FIND("[",CELL("filename",A1))-1)&"6.건축\11_자재공급원승인 및 자재발주\표준서\자재공급원승인 및 자재발주_표준서.html", "👉 [클릭] 표준서 열기 📄") | O12: 1) 자재공급원승인 및 자재발주 (WBS 9000-4-11) 사전 건축 인허가 서식 제출(관할 지자체/소방서), 3D BIM 도서 대조 및 기계·전기·통신 4대 인터페이스 개구부를 확정한다. 2) 실무 작업방법 수칙(자재 규격 및 반입 일정 계획 수립 시공에 필요한 당사 지급자재에 대한 발주 요청 자재공급원 ...)에 따라 철근 이음/피복두께 검측, 거푸집 다짐 양생 및 현장 3대 금기 수칙(피복 미달, 무단 타설)을 완수한다. | P12: =HYPERLINK(LEFT(CELL("filename",A1),FIND("[",CELL("filename",A1))-1)&"6.건축\11_자재공급원승인 및 자재발주\수행지침\자재공급원승인 및 자재발주_수행지침.html", "👉 [클릭] 수행지침 열기 📄") | Q12: 1) 건축법 제11조 및 KDS 41 00 00 건축구조기준에 따라 자재공급원승인 및 자재발주 사전 검토를 수행하였는가? 또한 레미콘 규격(24~30MPa), 철근 시험성적서 및 방수자재 KCS 표준 품질 적격성을 검수하였는가? 2) 미검측 및 정량 시방 미달에 따른 자재공급원승인 및 자재발주 (WBS 9000-4-11) 구조 균열/누수 하자 발생, 개구부 누락 재시공 손실 및 최종 구매 의뢰 승인, 자재공급원 승인서류 승인 반려 리스크를 전면 차단한다. | R12: =HYPERLINK(LEFT(CELL("filename",A1),FIND("[",CELL("filename",A1))-1)&"6.건축\11_자재공급원승인 및 자재발주\체크리스트\자재공급원승인 및 자재발주_체크리스트.html", "👉 [클릭] 체크리스트 열기 📄")
A13: 9000 | B13: 9000-6 | C13: 건축 | D13: 9000-6-12 | E13: 9000-6-9, 9000-6-10 | F13: 9000-6-14, 9000-6-15 | G13: 착수전 Big Room 회의 | H13: D-0 (D-30~D-0) | I13: 현장소장 | J13: 선후행공정 지원사항 도출, 수행시 예상가능 Risk 검토 및 대책 수립 | K13: 본사/현장/협력사 협의체 구축 후 상세검토 - 건축인허가 사항 체크 (건축허가, 착공계제출, 소방착공신고, 정보통신 착공신고 등) - 가설계획수립(장비이동 동선, 철근가공장, 울타리 등) - 공종별 간섭검토: 토목/기계/시스템 인터페이스 - 진입로/자재야적장/사토장 및 토취장 운영계획 - 공사중 배수계획(임시배수로, 배수펌프 운영 등) - 장비 투입계획, 양중장비 운영계획 검토 및 안전검사 확인 - 측량 기준점 및 공사예정 부지 확인 / 인원 및 자재 투입 계획 검토 - 건설기술진흥법에 따른 정기안전점검 대상 / 점검 계획 공유 - 공종별 Risk Hedge방안 검토 (안전/품질 Risk, 민원 대응) | L13: Big Room 회의록(참석자 전원 서명) | M13: 1) 착수전 Big Room 회의 (WBS 9000-4-12) 관련 본사/현장/협력사 협의체 구축 후 상세검토 수칙 및 법적 이행 의무를 1:1 준수한다. 또한 KDS 41 00 00 (건축구조기준), KDS 41 17 00 (내진설계기준) 및 KCS 41 00 00 (건축공사 표준시방서) 기술기준을 100% 충족한다. 2) 착수전 Big Room 회의 달성을 위한 필수 시공 방법(본사/현장/협력사 협의체 구축 후 상세검토 건축인허가 사항 체크 (건축허가, 착공계제출, 소방착공신고, 정보...) 및 국가 기술 규격을 엄격히 보장한다. 이에 따라 구조 안전성 100% 입증, 누수/균열 하자 0건 달성 및 책임감리원 최종 결재를 완료하여 지자체 건축물 사용승인(준공) 필증을 획득한다. | N13: =HYPERLINK(LEFT(CELL("filename",A1),FIND("[",CELL("filename",A1))-1)&"6.건축\12_착수전 Big Room 회의\표준서\착수전 Big Room 회의_표준서.html", "👉 [클릭] 표준서 열기 📄") | O13: 1) 착수전 Big Room 회의 (WBS 9000-4-12) 사전 건축 인허가 서식 제출(관할 지자체/소방서), 3D BIM 도서 대조 및 기계·전기·통신 4대 인터페이스 개구부를 확정한다. 2) 실무 작업방법 수칙(본사/현장/협력사 협의체 구축 후 상세검토 건축인허가 사항 체크 (건축허가, 착공계제출, 소방...)에 따라 철근 이음/피복두께 검측, 거푸집 다짐 양생 및 현장 3대 금기 수칙(피복 미달, 무단 타설)을 완수한다. | P13: =HYPERLINK(LEFT(CELL("filename",A1),FIND("[",CELL("filename",A1))-1)&"6.건축\12_착수전 Big Room 회의\수행지침\착수전 Big Room 회의_수행지침.html", "👉 [클릭] 수행지침 열기 📄") | Q13: 1) 건축법 제11조 및 KDS 41 00 00 건축구조기준에 따라 착수전 Big Room 회의 사전 검토를 수행하였는가? 또한 레미콘 규격(24~30MPa), 철근 시험성적서 및 방수자재 KCS 표준 품질 적격성을 검수하였는가? 2) 미검측 및 정량 시방 미달에 따른 착수전 Big Room 회의 (WBS 9000-4-12) 구조 균열/누수 하자 발생, 개구부 누락 재시공 손실 및 최종 Big Room 회의록(참석자 전원 서명) 승인 반려 리스크를 전면 차단한다. | R13: =HYPERLINK(LEFT(CELL("filename",A1),FIND("[",CELL("filename",A1))-1)&"6.건축\12_착수전 Big Room 회의\체크리스트\착수전 Big Room 회의_체크리스트.html", "👉 [클릭] 체크리스트 열기 📄")
